LineID,Subsystem,Sensor,Value
1,Subsystem B,Sensor F,10.949
2,Subsystem B,Sensor H,6.256
3,Subsystem C,Sensor L,8.368
4,Subsystem C,Sensor J,1.612
5,Subsystem D,Sensor P,-1.135
6,Subsystem A,Sensor D,3.130
7,Subsystem C,Sensor J,1.453
8,Subsystem C,Sensor K,5.475
9,Subsystem B,Sensor H,6.199
10,Subsystem B,Sensor G,14.196
11,Subsystem B,Sensor H,4.774
12,Subsystem A,Sensor A,8.818
13,Subsystem A,Sensor B,1.168
14,Subsystem D,Sensor N,-1.168
15,Subsystem D,Sensor N,-2.318
16,Subsystem C,Sensor K,5.322
17,Subsystem C,Sensor J,1.575
18,Subsystem B,Sensor H,3.310
19,Subsystem A,Sensor C,5.299
20,Subsystem D,Sensor M,-2.838
21,Subsystem D,Sensor P,-1.259
22,Subsystem B,Sensor E,11.156
23,Subsystem B,Sensor E,11.629
24,Subsystem B,Sensor H,5.530
25,Subsystem A,Sensor C,9.146
26,Subsystem D,Sensor N,-2.642
27,Subsystem C,Sensor I,7.469
28,Subsystem B,Sensor F,13.729
29,Subsystem A,Sensor D,2.570
30,Subsystem A,Sensor C,4.451
31,Subsystem B,Sensor E,9.767
32,Subsystem D,Sensor O,-1.067
33,Subsystem B,Sensor H,4.422
34,Subsystem A,Sensor B,1.836
35,Subsystem A,Sensor A,7.150
36,Subsystem A,Sensor A,7.514
37,Subsystem D,Sensor M,-2.970
38,Subsystem A,Sensor D,1.848
39,Subsystem B,Sensor H,4.110
40,Subsystem D,Sensor P,-2.312
41,Subsystem A,Sensor C,4.523
42,Subsystem D,Sensor N,-1.417
43,Subsystem C,Sensor L,8.617
44,Subsystem D,Sensor O,-2.565
45,Subsystem D,Sensor M,-2.018
46,Subsystem A,Sensor A,8.497
47,Subsystem C,Sensor I,12.189
48,Subsystem B,Sensor F,14.663
49,Subsystem B,Sensor G,13.958
50,Subsystem C,Sensor I,9.503
51,Subsystem B,Sensor F,13.838
52,Subsystem C,Sensor J,1.364
53,Subsystem D,Sensor N,-1.564
54,Subsystem B,Sensor H,6.816
55,Subsystem D,Sensor M,-2.901
56,Subsystem B,Sensor G,12.580
57,Subsystem B,Sensor E,10.651
58,Subsystem C,Sensor K,5.082
59,Subsystem A,Sensor C,6.936
60,Subsystem C,Sensor L,8.465
61,Subsystem A,Sensor D,3.180
62,Subsystem D,Sensor O,-1.586
63,Subsystem C,Sensor J,1.674
64,Subsystem C,Sensor I,11.215
65,Subsystem C,Sensor K,7.275
66,Subsystem C,Sensor J,1.677
67,Subsystem D,Sensor P,-0.724
68,Subsystem C,Sensor J,1.881
69,Subsystem A,Sensor D,3.611
70,Subsystem D,Sensor P,-0.127
71,Subsystem C,Sensor L,9.690
72,Subsystem C,Sensor I,9.690
73,Subsystem D,Sensor O,-2.929
74,Subsystem D,Sensor N,-1.791
75,Subsystem B,Sensor G,12.370
76,Subsystem C,Sensor I,7.393
77,Subsystem C,Sensor I,9.303
78,Subsystem C,Sensor I,9.254
79,Subsystem D,Sensor M,-2.695
80,Subsystem D,Sensor P,-1.788
81,Subsystem C,Sensor L,9.870
82,Subsystem C,Sensor L,8.058
83,Subsystem C,Sensor K,8.173
84,Subsystem B,Sensor G,13.659
85,Subsystem C,Sensor L,7.501
86,Subsystem D,Sensor P,-0.228
87,Subsystem B,Sensor H,3.001
88,Subsystem B,Sensor H,4.064
89,Subsystem B,Sensor H,3.823
90,Subsystem B,Sensor F,14.149
91,Subsystem C,Sensor K,5.833
92,Subsystem A,Sensor D,2.796
93,Subsystem D,Sensor N,-1.508
94,Subsystem B,Sensor F,11.598
95,Subsystem D,Sensor M,-1.571
96,Subsystem C,Sensor J,1.479
97,Subsystem A,Sensor D,1.769
98,Subsystem B,Sensor H,4.787
99,Subsystem D,Sensor N,-1.693
100,Subsystem A,Sensor C,7.768
101,Subsystem A,Sensor C,5.955
102,Subsystem A,Sensor B,1.249
103,Subsystem B,Sensor G,13.872
104,Subsystem A,Sensor D,1.251
105,Subsystem A,Sensor B,1.025
106,Subsystem C,Sensor K,5.972
107,Subsystem D,Sensor O,-1.234
108,Subsystem B,Sensor F,13.771
109,Subsystem C,Sensor J,2.356
110,Subsystem D,Sensor P,-1.169
111,Subsystem A,Sensor C,7.789
112,Subsystem A,Sensor D,1.625
113,Subsystem A,Sensor A,7.762
114,Subsystem B,Sensor F,11.287
115,Subsystem C,Sensor K,7.307
116,Subsystem C,Sensor I,8.252
117,Subsystem B,Sensor F,14.739
118,Subsystem A,Sensor B,1.474
119,Subsystem B,Sensor E,11.333
120,Subsystem D,Sensor P,-0.471
121,Subsystem B,Sensor H,5.663
122,Subsystem C,Sensor L,10.120
123,Subsystem A,Sensor B,1.058
124,Subsystem D,Sensor M,-2.485
125,Subsystem D,Sensor N,-2.781
126,Subsystem A,Sensor A,7.687
127,Subsystem C,Sensor K,5.933
128,Subsystem D,Sensor N,-1.276
129,Subsystem A,Sensor A,7.539
130,Subsystem A,Sensor C,7.258
131,Subsystem B,Sensor G,14.524
132,Subsystem A,Sensor C,4.955
133,Subsystem A,Sensor D,2.901
134,Subsystem C,Sensor J,2.450
135,Subsystem C,Sensor I,10.806
136,Subsystem C,Sensor K,4.773
137,Subsystem A,Sensor B,1.638
138,Subsystem D,Sensor P,-1.264
139,Subsystem B,Sensor H,4.043
140,Subsystem B,Sensor E,9.308
141,Subsystem B,Sensor E,9.989
142,Subsystem C,Sensor L,7.890
143,Subsystem A,Sensor D,2.763
144,Subsystem B,Sensor H,5.481
145,Subsystem A,Sensor B,1.185
146,Subsystem D,Sensor P,-0.209
147,Subsystem C,Sensor L,7.951
148,Subsystem D,Sensor O,-1.518
149,Subsystem B,Sensor E,12.153
150,Subsystem A,Sensor B,1.166
151,Subsystem D,Sensor N,-2.852
152,Subsystem D,Sensor M,-3.000
153,Subsystem A,Sensor D,2.965
154,Subsystem B,Sensor E,9.049
155,Subsystem A,Sensor D,1.406
156,Subsystem A,Sensor D,4.411
157,Subsystem D,Sensor M,-2.178
158,Subsystem B,Sensor F,14.147
159,Subsystem B,Sensor G,13.647
160,Subsystem B,Sensor F,15.000
161,Subsystem B,Sensor E,10.793
162,Subsystem C,Sensor L,8.014
163,Subsystem D,Sensor P,-0.340
164,Subsystem B,Sensor H,3.930
165,Subsystem C,Sensor J,2.471
166,Subsystem C,Sensor K,7.826
167,Subsystem D,Sensor O,-2.909
168,Subsystem C,Sensor I,7.575
169,Subsystem A,Sensor A,5.191
170,Subsystem C,Sensor J,2.002
171,Subsystem A,Sensor D,3.538
172,Subsystem A,Sensor A,7.648
173,Subsystem A,Sensor D,3.000
174,Subsystem C,Sensor L,10.030
175,Subsystem D,Sensor P,-2.213
176,Subsystem B,Sensor G,14.735
177,Subsystem B,Sensor G,12.207
178,Subsystem D,Sensor P,-1.131
179,Subsystem D,Sensor O,-2.490
180,Subsystem A,Sensor D,1.920
181,Subsystem A,Sensor C,5.340
182,Subsystem C,Sensor J,1.357
183,Subsystem B,Sensor E,10.880
184,Subsystem A,Sensor B,1.183
185,Subsystem C,Sensor J,1.008
186,Subsystem C,Sensor L,10.037
187,Subsystem A,Sensor B,1.560
188,Subsystem C,Sensor J,1.342
189,Subsystem A,Sensor A,7.319
190,Subsystem B,Sensor E,12.516
191,Subsystem A,Sensor C,7.270
192,Subsystem A,Sensor B,1.320
193,Subsystem C,Sensor L,8.886
194,Subsystem A,Sensor A,4.971
195,Subsystem B,Sensor G,13.967
196,Subsystem B,Sensor G,14.432
197,Subsystem B,Sensor G,13.978
198,Subsystem B,Sensor G,14.947
199,Subsystem B,Sensor F,14.555
200,Subsystem A,Sensor D,1.796
201,Subsystem B,Sensor E,11.066
202,Subsystem C,Sensor I,11.942
203,Subsystem A,Sensor A,9.091
204,Subsystem B,Sensor F,10.874
205,Subsystem B,Sensor H,4.050
206,Subsystem D,Sensor P,-1.932
207,Subsystem D,Sensor P,-0.125
208,Subsystem B,Sensor H,6.838
209,Subsystem C,Sensor L,8.942
210,Subsystem D,Sensor N,-2.447
211,Subsystem D,Sensor N,-1.400
212,Subsystem A,Sensor B,1.112
213,Subsystem B,Sensor H,2.930
214,Subsystem A,Sensor B,1.220
215,Subsystem A,Sensor B,1.327
216,Subsystem C,Sensor K,6.687
217,Subsystem D,Sensor O,-2.722
218,Subsystem C,Sensor I,7.894
219,Subsystem A,Sensor A,7.776
220,Subsystem C,Sensor J,1.532
221,Subsystem B,Sensor G,12.525
222,Subsystem A,Sensor A,7.366
223,Subsystem C,Sensor J,1.410
224,Subsystem D,Sensor P,-0.048
225,Subsystem C,Sensor J,1.007
226,Subsystem A,Sensor A,7.470
227,Subsystem C,Sensor I,8.164
228,Subsystem C,Sensor K,7.934
229,Subsystem A,Sensor C,4.711
230,Subsystem B,Sensor G,14.888
231,Subsystem A,Sensor B,2.043
232,Subsystem A,Sensor C,8.211
233,Subsystem D,Sensor M,-2.892
234,Subsystem D,Sensor N,-1.507
235,Subsystem C,Sensor L,8.479
236,Subsystem C,Sensor J,1.248
237,Subsystem D,Sensor N,-1.234
238,Subsystem D,Sensor P,-0.653
239,Subsystem D,Sensor M,-2.399
240,Subsystem C,Sensor L,8.892
241,Subsystem D,Sensor O,-1.553
242,Subsystem C,Sensor K,4.538
243,Subsystem C,Sensor L,10.296
244,Subsystem C,Sensor L,10.245
245,Subsystem A,Sensor B,1.167
246,Subsystem B,Sensor G,14.968
247,Subsystem B,Sensor E,10.130
248,Subsystem D,Sensor M,-3.000
249,Subsystem C,Sensor K,6.617
250,Subsystem C,Sensor L,7.621
251,Subsystem C,Sensor L,7.367
252,Subsystem A,Sensor B,1.637
253,Subsystem A,Sensor A,6.931
254,Subsystem D,Sensor O,-1.421
255,Subsystem A,Sensor B,1.860
256,Subsystem B,Sensor G,12.882
257,Subsystem B,Sensor H,2.688
258,Subsystem A,Sensor D,2.958
259,Subsystem C,Sensor J,1.146
260,Subsystem C,Sensor K,5.600
261,Subsystem B,Sensor F,14.975
262,Subsystem C,Sensor J,1.715
263,Subsystem A,Sensor A,8.137
264,Subsystem A,Sensor B,1.274
265,Subsystem B,Sensor G,14.033
266,Subsystem D,Sensor P,-0.822
267,Subsystem C,Sensor K,4.802
268,Subsystem B,Sensor E,12.575
269,Subsystem B,Sensor G,14.115
270,Subsystem B,Sensor H,5.356
271,Subsystem C,Sensor K,4.318
272,Subsystem D,Sensor M,-2.908
273,Subsystem D,Sensor P,-0.379
274,Subsystem A,Sensor D,3.274
275,Subsystem A,Sensor B,1.355
276,Subsystem A,Sensor C,7.265
277,Subsystem B,Sensor E,11.870
278,Subsystem D,Sensor M,-2.560
279,Subsystem A,Sensor B,1.016
280,Subsystem C,Sensor J,1.502
281,Subsystem D,Sensor P,-0.259
282,Subsystem B,Sensor F,10.852
283,Subsystem B,Sensor F,14.919
284,Subsystem A,Sensor D,2.479
285,Subsystem D,Sensor M,-1.563
286,Subsystem B,Sensor F,14.354
287,Subsystem D,Sensor N,-0.871
288,Subsystem B,Sensor E,11.660
289,Subsystem D,Sensor P,0.000
290,Subsystem A,Sensor C,5.123
291,Subsystem D,Sensor M,-3.000
292,Subsystem A,Sensor C,7.482
293,Subsystem A,Sensor C,7.375
294,Subsystem D,Sensor N,-1.249
295,Subsystem B,Sensor F,11.256
296,Subsystem B,Sensor E,8.924
297,Subsystem A,Sensor B,1.919
298,Subsystem B,Sensor F,11.382
299,Subsystem C,Sensor I,10.876
300,Subsystem C,Sensor J,2.453
301,Subsystem A,Sensor B,1.108
302,Subsystem B,Sensor F,10.309
303,Subsystem B,Sensor H,3.840
304,Subsystem B,Sensor F,11.309
305,Subsystem B,Sensor E,12.457
306,Subsystem D,Sensor N,-0.733
307,Subsystem A,Sensor B,1.065
308,Subsystem C,Sensor J,2.871
309,Subsystem C,Sensor J,2.456
310,Subsystem A,Sensor D,3.084
311,Subsystem C,Sensor J,2.111
312,Subsystem D,Sensor P,-0.157
313,Subsystem B,Sensor G,12.419
314,Subsystem B,Sensor G,12.499
315,Subsystem D,Sensor O,-2.128
316,Subsystem D,Sensor N,-1.599
317,Subsystem A,Sensor B,1.000
318,Subsystem D,Sensor O,-1.873
319,Subsystem B,Sensor F,11.664
320,Subsystem B,Sensor F,10.765
321,Subsystem D,Sensor P,-1.711
322,Subsystem A,Sensor D,2.224
323,Subsystem B,Sensor F,11.667
324,Subsystem A,Sensor B,1.943
325,Subsystem D,Sensor N,-2.116
326,Subsystem C,Sensor K,6.458
327,Subsystem C,Sensor L,10.664
328,Subsystem D,Sensor P,-0.271
329,Subsystem D,Sensor N,-1.215
330,Subsystem A,Sensor A,8.765
331,Subsystem D,Sensor O,-2.695
332,Subsystem B,Sensor F,13.030
333,Subsystem D,Sensor O,-2.314
334,Subsystem D,Sensor M,-2.648
335,Subsystem B,Sensor G,14.865
336,Subsystem D,Sensor N,-0.832
337,Subsystem A,Sensor B,2.044
338,Subsystem D,Sensor N,-1.929
339,Subsystem D,Sensor M,-2.056
340,Subsystem D,Sensor M,-2.265
341,Subsystem B,Sensor G,14.497
342,Subsystem A,Sensor D,2.790
343,Subsystem B,Sensor E,10.601
344,Subsystem B,Sensor E,11.941
345,Subsystem D,Sensor N,-1.027
346,Subsystem B,Sensor E,11.276
347,Subsystem D,Sensor M,-2.115
348,Subsystem A,Sensor D,2.680
349,Subsystem D,Sensor N,-1.272
350,Subsystem B,Sensor E,10.825
351,Subsystem B,Sensor E,12.143
352,Subsystem D,Sensor N,-1.550
353,Subsystem A,Sensor D,2.831
354,Subsystem A,Sensor A,7.808
355,Subsystem C,Sensor J,2.201
356,Subsystem C,Sensor K,5.892
357,Subsystem C,Sensor J,1.621
358,Subsystem A,Sensor D,2.938
359,Subsystem C,Sensor K,7.766
360,Subsystem D,Sensor M,-1.751
361,Subsystem B,Sensor H,5.351
362,Subsystem C,Sensor K,7.129
363,Subsystem B,Sensor H,6.034
364,Subsystem B,Sensor E,11.926
365,Subsystem B,Sensor G,13.856
366,Subsystem D,Sensor M,-2.127
367,Subsystem D,Sensor N,-2.317
368,Subsystem C,Sensor K,4.432
369,Subsystem C,Sensor K,5.868
370,Subsystem C,Sensor L,9.591
371,Subsystem D,Sensor N,-1.692
372,Subsystem D,Sensor P,-1.336
373,Subsystem C,Sensor K,7.914
374,Subsystem B,Sensor E,8.795
375,Subsystem D,Sensor N,-1.334
376,Subsystem C,Sensor I,9.770
377,Subsystem A,Sensor A,10.266
378,Subsystem B,Sensor H,3.890
379,Subsystem B,Sensor E,11.620
380,Subsystem D,Sensor P,0.000
381,Subsystem A,Sensor B,1.274
382,Subsystem A,Sensor B,1.323
383,Subsystem C,Sensor L,8.700
384,Subsystem C,Sensor L,8.086
385,Subsystem A,Sensor A,5.001
386,Subsystem C,Sensor I,9.649
387,Subsystem A,Sensor B,1.374
388,Subsystem D,Sensor M,-2.758
389,Subsystem C,Sensor K,5.532
390,Subsystem A,Sensor B,1.526
391,Subsystem A,Sensor D,1.628
392,Subsystem C,Sensor J,1.285
393,Subsystem C,Sensor K,6.513
394,Subsystem D,Sensor M,-1.926
395,Subsystem D,Sensor M,-2.095
396,Subsystem D,Sensor P,-2.575
397,Subsystem C,Sensor K,7.663
398,Subsystem A,Sensor B,1.675
399,Subsystem B,Sensor H,5.460
400,Subsystem D,Sensor P,-0.331
401,Subsystem A,Sensor A,5.457
402,Subsystem C,Sensor K,4.635
403,Subsystem A,Sensor D,3.194
404,Subsystem A,Sensor A,9.867
405,Subsystem D,Sensor O,-2.578
406,Subsystem D,Sensor M,-2.064
407,Subsystem A,Sensor D,1.805
408,Subsystem A,Sensor B,1.541
409,Subsystem B,Sensor G,12.800
410,Subsystem C,Sensor I,8.152
411,Subsystem C,Sensor I,9.419
412,Subsystem B,Sensor F,10.720
413,Subsystem B,Sensor H,6.455
414,Subsystem B,Sensor F,12.497
415,Subsystem A,Sensor D,3.320
416,Subsystem A,Sensor D,3.846
417,Subsystem D,Sensor N,-1.601
418,Subsystem A,Sensor A,5.454
419,Subsystem A,Sensor A,8.601
420,Subsystem B,Sensor G,13.789
421,Subsystem B,Sensor E,9.285
422,Subsystem D,Sensor M,-2.849
423,Subsystem A,Sensor B,1.339
424,Subsystem B,Sensor F,11.256
425,Subsystem C,Sensor J,1.105
426,Subsystem A,Sensor C,5.393
427,Subsystem D,Sensor M,-2.687
428,Subsystem B,Sensor H,2.685
429,Subsystem D,Sensor N,-2.103
430,Subsystem B,Sensor F,14.693
431,Subsystem B,Sensor F,12.690
432,Subsystem B,Sensor F,11.219
433,Subsystem D,Sensor M,-2.036
434,Subsystem A,Sensor C,5.535
435,Subsystem B,Sensor F,11.043
436,Subsystem B,Sensor E,10.877
437,Subsystem C,Sensor K,7.832
438,Subsystem D,Sensor M,-2.535
439,Subsystem C,Sensor L,8.769
440,Subsystem D,Sensor O,-2.502
441,Subsystem B,Sensor E,10.899
442,Subsystem D,Sensor O,-2.249
443,Subsystem B,Sensor F,11.827
444,Subsystem A,Sensor A,7.521
445,Subsystem C,Sensor L,8.139
446,Subsystem C,Sensor K,5.270
447,Subsystem D,Sensor N,-0.560
448,Subsystem D,Sensor N,-2.216
449,Subsystem D,Sensor M,-2.893
450,Subsystem C,Sensor J,1.197
451,Subsystem D,Sensor M,-2.298
452,Subsystem B,Sensor H,7.134
453,Subsystem B,Sensor H,6.592
454,Subsystem B,Sensor E,9.301
455,Subsystem C,Sensor J,1.161
456,Subsystem C,Sensor J,1.741
457,Subsystem C,Sensor L,10.118
458,Subsystem C,Sensor K,7.243
459,Subsystem D,Sensor P,-1.542
460,Subsystem D,Sensor O,-2.267
461,Subsystem C,Sensor I,9.458
462,Subsystem D,Sensor M,-2.713
463,Subsystem D,Sensor N,-1.108
464,Subsystem A,Sensor A,8.176
465,Subsystem B,Sensor H,3.268
466,Subsystem D,Sensor N,0.000
467,Subsystem A,Sensor D,1.847
468,Subsystem A,Sensor B,1.350
469,Subsystem C,Sensor J,1.641
470,Subsystem A,Sensor D,2.738
471,Subsystem B,Sensor H,6.884
472,Subsystem B,Sensor H,6.132
473,Subsystem B,Sensor E,11.783
474,Subsystem B,Sensor F,13.433
475,Subsystem C,Sensor L,8.924
476,Subsystem D,Sensor P,0.000
477,Subsystem C,Sensor L,9.906
478,Subsystem C,Sensor K,4.698
479,Subsystem D,Sensor N,-1.073
480,Subsystem B,Sensor G,14.699
481,Subsystem A,Sensor C,7.714
482,Subsystem D,Sensor N,-1.506
483,Subsystem B,Sensor G,13.327
484,Subsystem A,Sensor D,2.018
485,Subsystem C,Sensor K,8.616
486,Subsystem C,Sensor L,7.706
487,Subsystem A,Sensor C,8.992
488,Subsystem A,Sensor B,1.000
489,Subsystem D,Sensor N,-1.060
490,Subsystem C,Sensor I,9.437
491,Subsystem B,Sensor F,14.798
492,Subsystem D,Sensor M,-1.781
493,Subsystem D,Sensor M,-2.110
494,Subsystem D,Sensor N,-0.187
495,Subsystem B,Sensor G,13.800
496,Subsystem C,Sensor I,10.926
497,Subsystem C,Sensor J,1.853
498,Subsystem C,Sensor K,4.658
499,Subsystem C,Sensor K,4.918
500,Subsystem A,Sensor C,5.460
501,Subsystem A,Sensor D,3.387
502,Subsystem C,Sensor J,2.090
503,Subsystem D,Sensor O,-2.773
504,Subsystem D,Sensor N,-1.639
505,Subsystem A,Sensor C,6.390
506,Subsystem A,Sensor C,5.865
507,Subsystem C,Sensor I,7.803
508,Subsystem C,Sensor K,7.398
509,Subsystem D,Sensor O,-2.157
510,Subsystem A,Sensor B,1.693
511,Subsystem B,Sensor E,12.268
512,Subsystem C,Sensor K,5.415
513,Subsystem C,Sensor K,5.344
514,Subsystem D,Sensor O,-2.862
515,Subsystem C,Sensor L,7.572
516,Subsystem C,Sensor J,2.010
517,Subsystem D,Sensor O,-2.718
518,Subsystem D,Sensor O,-1.785
519,Subsystem C,Sensor L,8.996
520,Subsystem D,Sensor P,-2.275
521,Subsystem A,Sensor C,8.533
522,Subsystem B,Sensor G,14.155
523,Subsystem D,Sensor N,-2.222
524,Subsystem A,Sensor A,7.501
525,Subsystem C,Sensor J,1.741
526,Subsystem A,Sensor A,7.247
527,Subsystem C,Sensor K,7.416
528,Subsystem D,Sensor O,-1.020
529,Subsystem A,Sensor D,2.929
530,Subsystem A,Sensor A,9.083
531,Subsystem B,Sensor H,6.203
532,Subsystem A,Sensor A,7.502
533,Subsystem C,Sensor K,7.232
534,Subsystem C,Sensor K,5.897
535,Subsystem D,Sensor P,-0.169
536,Subsystem C,Sensor J,1.566
537,Subsystem C,Sensor L,9.340
538,Subsystem B,Sensor F,11.030
539,Subsystem B,Sensor E,10.186
540,Subsystem B,Sensor E,10.847
541,Subsystem B,Sensor H,3.037
542,Subsystem A,Sensor B,1.335
543,Subsystem A,Sensor A,9.892
544,Subsystem B,Sensor F,11.175
545,Subsystem C,Sensor K,7.335
546,Subsystem C,Sensor K,7.822
547,Subsystem C,Sensor L,8.978
548,Subsystem C,Sensor K,5.422
549,Subsystem A,Sensor D,2.736
550,Subsystem B,Sensor F,14.197
551,Subsystem C,Sensor I,9.402
552,Subsystem A,Sensor B,1.171
553,Subsystem B,Sensor E,11.913
554,Subsystem C,Sensor I,7.493
555,Subsystem B,Sensor H,3.320
556,Subsystem B,Sensor E,9.654
557,Subsystem D,Sensor O,-0.653
558,Subsystem C,Sensor I,7.571
559,Subsystem C,Sensor L,7.852
560,Subsystem C,Sensor K,5.354
561,Subsystem A,Sensor C,6.943
562,Subsystem B,Sensor E,9.086
563,Subsystem C,Sensor L,7.960
564,Subsystem B,Sensor G,14.418
565,Subsystem D,Sensor P,-0.846
566,Subsystem C,Sensor J,1.324
567,Subsystem C,Sensor K,6.315
568,Subsystem A,Sensor C,5.127
569,Subsystem D,Sensor N,-0.943
570,Subsystem A,Sensor B,1.380
571,Subsystem C,Sensor J,2.541
572,Subsystem C,Sensor L,10.391
573,Subsystem C,Sensor L,8.095
574,Subsystem D,Sensor O,-2.100
575,Subsystem B,Sensor G,13.384
576,Subsystem D,Sensor N,-0.068
577,Subsystem A,Sensor C,3.798
578,Subsystem B,Sensor G,14.837
579,Subsystem B,Sensor F,13.315
580,Subsystem C,Sensor L,8.978
581,Subsystem D,Sensor N,-2.102
582,Subsystem C,Sensor J,2.077
583,Subsystem C,Sensor J,2.137
584,Subsystem A,Sensor A,8.917
585,Subsystem A,Sensor D,2.059
586,Subsystem D,Sensor O,-0.611
587,Subsystem C,Sensor K,5.812
588,Subsystem A,Sensor A,7.298
589,Subsystem A,Sensor A,8.539
590,Subsystem B,Sensor H,5.396
591,Subsystem B,Sensor G,13.853
592,Subsystem B,Sensor E,12.242
593,Subsystem D,Sensor P,-1.708
594,Subsystem B,Sensor H,2.957
595,Subsystem D,Sensor M,-1.971
596,Subsystem D,Sensor O,-1.206
597,Subsystem D,Sensor P,-0.418
598,Subsystem B,Sensor G,14.690
599,Subsystem A,Sensor C,7.053
600,Subsystem A,Sensor A,8.946
601,Subsystem D,Sensor M,-2.096
602,Subsystem B,Sensor F,11.180
603,Subsystem B,Sensor G,14.875
604,Subsystem A,Sensor A,8.990
605,Subsystem D,Sensor O,-0.736
606,Subsystem B,Sensor F,14.656
607,Subsystem D,Sensor P,-1.466
608,Subsystem D,Sensor P,-0.119
609,Subsystem D,Sensor P,-1.757
610,Subsystem B,Sensor G,14.487
611,Subsystem B,Sensor F,10.091
612,Subsystem D,Sensor P,-0.030
613,Subsystem C,Sensor K,7.919
614,Subsystem A,Sensor A,9.767
615,Subsystem C,Sensor K,7.652
616,Subsystem D,Sensor N,-0.942
617,Subsystem B,Sensor F,13.205
618,Subsystem A,Sensor D,3.189
619,Subsystem D,Sensor N,-1.546
620,Subsystem D,Sensor O,-0.737
621,Subsystem A,Sensor C,5.961
622,Subsystem B,Sensor H,4.500
623,Subsystem B,Sensor E,12.265
624,Subsystem D,Sensor O,-2.229
625,Subsystem B,Sensor F,11.228
626,Subsystem B,Sensor G,14.666
627,Subsystem D,Sensor O,-1.010
628,Subsystem C,Sensor K,5.245
629,Subsystem C,Sensor K,8.605
630,Subsystem D,Sensor O,-2.712
631,Subsystem C,Sensor K,8.151
632,Subsystem D,Sensor N,-1.684
633,Subsystem C,Sensor J,1.291
634,Subsystem B,Sensor H,4.428
635,Subsystem A,Sensor C,7.748
636,Subsystem D,Sensor P,0.000
637,Subsystem A,Sensor C,7.633
638,Subsystem B,Sensor H,6.921
639,Subsystem C,Sensor K,7.822
640,Subsystem A,Sensor C,7.971
641,Subsystem B,Sensor E,12.587
642,Subsystem B,Sensor F,13.288
643,Subsystem A,Sensor C,7.376
644,Subsystem C,Sensor K,8.194
645,Subsystem A,Sensor C,5.688
646,Subsystem D,Sensor P,-2.547
647,Subsystem D,Sensor P,-0.572
648,Subsystem C,Sensor J,1.468
649,Subsystem D,Sensor N,-2.322
650,Subsystem D,Sensor M,-2.027
651,Subsystem A,Sensor C,4.598
652,Subsystem D,Sensor O,-1.008
653,Subsystem D,Sensor P,-1.980
654,Subsystem D,Sensor P,0.000
655,Subsystem D,Sensor P,-1.801
656,Subsystem B,Sensor F,13.438
657,Subsystem D,Sensor N,-1.506
658,Subsystem A,Sensor B,1.109
659,Subsystem D,Sensor M,-1.917
660,Subsystem A,Sensor B,1.190
661,Subsystem A,Sensor A,10.111
662,Subsystem C,Sensor J,1.830
663,Subsystem C,Sensor I,10.164
664,Subsystem D,Sensor N,-2.501
665,Subsystem A,Sensor A,7.861
666,Subsystem B,Sensor F,14.863
667,Subsystem C,Sensor I,8.072
668,Subsystem D,Sensor O,-2.468
669,Subsystem C,Sensor K,4.467
670,Subsystem C,Sensor I,11.527
671,Subsystem D,Sensor N,-2.687
672,Subsystem A,Sensor B,1.281
673,Subsystem C,Sensor L,8.039
674,Subsystem D,Sensor P,-0.380
675,Subsystem C,Sensor L,9.861
676,Subsystem B,Sensor E,9.893
677,Subsystem C,Sensor I,7.833
678,Subsystem C,Sensor L,10.773
679,Subsystem B,Sensor G,15.000
680,Subsystem B,Sensor H,3.281
681,Subsystem D,Sensor P,-1.082
682,Subsystem C,Sensor I,9.493
683,Subsystem C,Sensor K,7.059
684,Subsystem C,Sensor K,5.292
685,Subsystem D,Sensor M,-2.243
686,Subsystem A,Sensor D,1.565
687,Subsystem C,Sensor K,6.877
688,Subsystem C,Sensor I,11.663
689,Subsystem A,Sensor B,1.069
690,Subsystem A,Sensor A,9.049
691,Subsystem C,Sensor J,1.361
692,Subsystem D,Sensor N,0.000
693,Subsystem C,Sensor I,12.335
694,Subsystem C,Sensor I,9.201
695,Subsystem C,Sensor I,8.186
696,Subsystem D,Sensor N,-1.827
697,Subsystem A,Sensor D,3.098
698,Subsystem D,Sensor N,-0.115
699,Subsystem C,Sensor I,7.343
700,Subsystem C,Sensor I,7.761
701,Subsystem B,Sensor H,5.003
702,Subsystem C,Sensor J,1.756
703,Subsystem B,Sensor E,11.051
704,Subsystem D,Sensor P,-0.710
705,Subsystem B,Sensor F,11.477
706,Subsystem D,Sensor P,-2.159
707,Subsystem C,Sensor K,7.762
708,Subsystem B,Sensor G,14.059
709,Subsystem B,Sensor F,11.046
710,Subsystem D,Sensor P,-1.261
711,Subsystem B,Sensor E,9.579
712,Subsystem B,Sensor F,13.347
713,Subsystem B,Sensor H,2.974
714,Subsystem B,Sensor H,3.158
715,Subsystem B,Sensor H,6.262
716,Subsystem A,Sensor B,1.212
717,Subsystem D,Sensor O,-2.366
718,Subsystem D,Sensor N,-1.385
719,Subsystem B,Sensor H,6.548
720,Subsystem D,Sensor M,-2.122
721,Subsystem B,Sensor G,13.914
722,Subsystem A,Sensor A,6.558
723,Subsystem B,Sensor G,13.772
724,Subsystem C,Sensor I,7.812
725,Subsystem B,Sensor G,13.461
726,Subsystem A,Sensor B,1.154
727,Subsystem B,Sensor H,5.957
728,Subsystem A,Sensor A,8.642
729,Subsystem D,Sensor M,-1.916
730,Subsystem A,Sensor D,2.784
731,Subsystem A,Sensor D,1.690
732,Subsystem B,Sensor H,5.750
733,Subsystem D,Sensor O,-1.983
734,Subsystem A,Sensor B,1.707
735,Subsystem D,Sensor P,-1.580
736,Subsystem B,Sensor H,5.775
737,Subsystem D,Sensor M,-2.226
738,Subsystem A,Sensor A,7.449
739,Subsystem A,Sensor D,2.883
740,Subsystem B,Sensor E,11.072
741,Subsystem B,Sensor E,9.825
742,Subsystem A,Sensor C,6.724
743,Subsystem A,Sensor D,1.950
744,Subsystem C,Sensor I,12.043
745,Subsystem A,Sensor C,5.828
746,Subsystem A,Sensor A,7.753
747,Subsystem C,Sensor L,8.957
748,Subsystem C,Sensor L,8.656
749,Subsystem C,Sensor L,10.264
750,Subsystem B,Sensor G,12.461
751,Subsystem B,Sensor F,12.924
752,Subsystem D,Sensor N,-1.592
753,Subsystem D,Sensor M,-2.342
754,Subsystem A,Sensor C,7.653
755,Subsystem A,Sensor D,3.717
756,Subsystem C,Sensor L,8.463
757,Subsystem A,Sensor D,1.695
758,Subsystem C,Sensor I,7.375
759,Subsystem B,Sensor H,3.612
760,Subsystem B,Sensor H,4.040
761,Subsystem B,Sensor H,3.199
762,Subsystem C,Sensor K,7.344
763,Subsystem B,Sensor H,6.578
764,Subsystem C,Sensor J,2.099
765,Subsystem D,Sensor N,-1.353
766,Subsystem A,Sensor C,5.910
767,Subsystem C,Sensor L,9.242
768,Subsystem C,Sensor J,1.179
769,Subsystem C,Sensor J,2.284
770,Subsystem C,Sensor L,10.090
771,Subsystem A,Sensor C,6.888
772,Subsystem B,Sensor G,14.521
773,Subsystem B,Sensor G,13.963
774,Subsystem A,Sensor B,2.256
775,Subsystem C,Sensor I,11.164
776,Subsystem A,Sensor B,1.000
777,Subsystem B,Sensor F,10.887
778,Subsystem B,Sensor G,14.848
779,Subsystem C,Sensor K,7.534
780,Subsystem D,Sensor P,-1.007
781,Subsystem C,Sensor K,5.362
782,Subsystem A,Sensor B,2.537
783,Subsystem C,Sensor K,7.416
784,Subsystem A,Sensor B,1.916
785,Subsystem A,Sensor B,1.047
786,Subsystem A,Sensor C,7.002
787,Subsystem A,Sensor C,7.094
788,Subsystem D,Sensor M,-2.094
789,Subsystem C,Sensor L,8.703
790,Subsystem D,Sensor O,-0.998
791,Subsystem C,Sensor L,8.733
792,Subsystem D,Sensor P,-1.365
793,Subsystem C,Sensor J,1.529
794,Subsystem D,Sensor N,-2.517
795,Subsystem A,Sensor D,1.526
796,Subsystem A,Sensor D,1.560
797,Subsystem D,Sensor M,-1.862
798,Subsystem A,Sensor B,1.647
799,Subsystem B,Sensor E,9.810
800,Subsystem B,Sensor E,11.107
801,Subsystem A,Sensor B,1.214
802,Subsystem D,Sensor M,-1.876
803,Subsystem B,Sensor H,5.152
804,Subsystem B,Sensor E,10.583
805,Subsystem A,Sensor B,1.509
806,Subsystem A,Sensor A,5.426
807,Subsystem D,Sensor M,-2.816
808,Subsystem C,Sensor I,8.111
809,Subsystem D,Sensor P,-1.055
810,Subsystem D,Sensor M,-2.586
811,Subsystem A,Sensor B,1.040
812,Subsystem C,Sensor J,2.153
813,Subsystem D,Sensor N,-1.031
814,Subsystem D,Sensor M,-2.687
815,Subsystem B,Sensor H,5.910
816,Subsystem D,Sensor P,0.000
817,Subsystem A,Sensor B,1.556
818,Subsystem A,Sensor D,1.696
819,Subsystem A,Sensor B,1.555
820,Subsystem A,Sensor D,3.559
821,Subsystem D,Sensor N,-1.405
822,Subsystem C,Sensor I,7.773
823,Subsystem B,Sensor F,15.000
824,Subsystem A,Sensor A,7.489
825,Subsystem D,Sensor M,-2.146
826,Subsystem B,Sensor F,11.636
827,Subsystem A,Sensor B,1.073
828,Subsystem A,Sensor B,1.111
829,Subsystem A,Sensor D,2.472
830,Subsystem B,Sensor G,14.938
831,Subsystem B,Sensor F,13.004
832,Subsystem A,Sensor C,4.086
833,Subsystem C,Sensor J,2.111
834,Subsystem D,Sensor O,-1.535
835,Subsystem A,Sensor D,2.265
836,Subsystem B,Sensor G,14.829
837,Subsystem A,Sensor C,4.262
838,Subsystem D,Sensor P,-0.307
839,Subsystem B,Sensor H,3.181
840,Subsystem D,Sensor P,-0.344
841,Subsystem A,Sensor D,1.849
842,Subsystem A,Sensor C,5.871
843,Subsystem C,Sensor J,1.529
844,Subsystem A,Sensor D,1.932
845,Subsystem C,Sensor J,1.066
846,Subsystem B,Sensor H,6.943
847,Subsystem A,Sensor C,5.535
848,Subsystem C,Sensor J,2.125
849,Subsystem D,Sensor N,-2.184
850,Subsystem B,Sensor F,10.226
851,Subsystem A,Sensor A,9.996
852,Subsystem B,Sensor E,11.306
853,Subsystem A,Sensor B,2.582
854,Subsystem A,Sensor D,1.986
855,Subsystem B,Sensor H,5.643
856,Subsystem B,Sensor F,14.116
857,Subsystem B,Sensor H,5.900
858,Subsystem D,Sensor O,-1.850
859,Subsystem A,Sensor C,4.875
860,Subsystem B,Sensor E,12.711
861,Subsystem A,Sensor D,1.201
862,Subsystem D,Sensor N,-0.886
863,Subsystem B,Sensor G,14.158
864,Subsystem D,Sensor O,-1.553
865,Subsystem B,Sensor F,13.147
866,Subsystem B,Sensor F,13.138
867,Subsystem A,Sensor D,2.750
868,Subsystem D,Sensor M,-2.111
869,Subsystem B,Sensor E,12.272
870,Subsystem C,Sensor L,10.123
871,Subsystem C,Sensor L,9.800
872,Subsystem B,Sensor H,3.015
873,Subsystem A,Sensor C,5.949
874,Subsystem A,Sensor A,8.818
875,Subsystem C,Sensor I,11.441
876,Subsystem B,Sensor H,5.441
877,Subsystem C,Sensor L,8.707
878,Subsystem C,Sensor K,5.406
879,Subsystem A,Sensor B,1.962
880,Subsystem A,Sensor B,1.178
881,Subsystem C,Sensor K,7.706
882,Subsystem A,Sensor D,2.670
883,Subsystem C,Sensor I,8.131
884,Subsystem A,Sensor D,2.962
885,Subsystem D,Sensor M,-2.245
886,Subsystem A,Sensor D,2.948
887,Subsystem C,Sensor L,9.976
888,Subsystem A,Sensor A,9.974
889,Subsystem D,Sensor P,-1.029
890,Subsystem B,Sensor F,13.643
891,Subsystem C,Sensor L,8.507
892,Subsystem D,Sensor M,-2.589
893,Subsystem D,Sensor P,-1.090
894,Subsystem A,Sensor B,1.043
895,Subsystem C,Sensor K,6.774
896,Subsystem C,Sensor K,7.453
897,Subsystem D,Sensor O,-2.249
898,Subsystem A,Sensor A,5.790
899,Subsystem D,Sensor N,-1.613
900,Subsystem D,Sensor P,0.000
901,Subsystem C,Sensor L,10.307
902,Subsystem B,Sensor G,13.641
903,Subsystem A,Sensor C,6.817
904,Subsystem C,Sensor K,6.626
905,Subsystem C,Sensor L,9.877
906,Subsystem D,Sensor N,-1.684
907,Subsystem D,Sensor N,-2.818
908,Subsystem A,Sensor C,5.494
909,Subsystem A,Sensor B,1.805
910,Subsystem A,Sensor B,1.223
911,Subsystem D,Sensor P,-0.816
912,Subsystem C,Sensor K,5.628
913,Subsystem D,Sensor N,-1.658
914,Subsystem B,Sensor E,11.261
915,Subsystem B,Sensor F,11.759
916,Subsystem B,Sensor H,3.751
917,Subsystem D,Sensor N,-3.000
918,Subsystem B,Sensor H,5.989
919,Subsystem A,Sensor B,1.155
920,Subsystem A,Sensor D,2.338
921,Subsystem A,Sensor D,2.318
922,Subsystem C,Sensor K,7.609
923,Subsystem D,Sensor N,-2.044
924,Subsystem D,Sensor M,-2.110
925,Subsystem B,Sensor G,13.334
926,Subsystem A,Sensor C,7.314
927,Subsystem D,Sensor M,-2.492
928,Subsystem D,Sensor N,-1.201
929,Subsystem D,Sensor O,-2.441
930,Subsystem D,Sensor M,-2.606
931,Subsystem A,Sensor D,3.396
932,Subsystem A,Sensor C,8.123
933,Subsystem B,Sensor E,12.226
934,Subsystem A,Sensor B,1.166
935,Subsystem A,Sensor B,1.132
936,Subsystem B,Sensor H,3.408
937,Subsystem D,Sensor N,-0.283
938,Subsystem D,Sensor N,-1.600
939,Subsystem C,Sensor L,10.139
940,Subsystem B,Sensor F,14.711
941,Subsystem A,Sensor C,6.071
942,Subsystem D,Sensor N,-1.121
943,Subsystem C,Sensor K,5.580
944,Subsystem C,Sensor J,1.277
945,Subsystem A,Sensor B,1.463
946,Subsystem C,Sensor L,8.045
947,Subsystem D,Sensor N,-1.477
948,Subsystem D,Sensor P,-2.426
949,Subsystem C,Sensor I,9.275
950,Subsystem B,Sensor E,11.215
951,Subsystem A,Sensor C,8.389
952,Subsystem D,Sensor P,-0.220
953,Subsystem B,Sensor G,14.421
954,Subsystem B,Sensor F,10.453
955,Subsystem C,Sensor L,8.481
956,Subsystem A,Sensor C,6.785
957,Subsystem C,Sensor K,7.410
958,Subsystem C,Sensor L,8.888
959,Subsystem A,Sensor D,3.728
960,Subsystem D,Sensor M,-2.804
961,Subsystem C,Sensor L,7.846
962,Subsystem C,Sensor I,10.642
963,Subsystem D,Sensor O,-1.871
964,Subsystem A,Sensor B,1.116
965,Subsystem D,Sensor N,-2.225
966,Subsystem B,Sensor F,12.863
967,Subsystem A,Sensor A,7.455
968,Subsystem A,Sensor D,1.975
969,Subsystem C,Sensor K,5.319
970,Subsystem D,Sensor N,-1.196
971,Subsystem D,Sensor O,-2.085
972,Subsystem A,Sensor C,3.599
973,Subsystem C,Sensor K,5.536
974,Subsystem C,Sensor K,6.324
975,Subsystem B,Sensor G,13.055
976,Subsystem D,Sensor N,-1.872
977,Subsystem C,Sensor L,8.228
978,Subsystem B,Sensor G,13.940
979,Subsystem D,Sensor M,-2.821
980,Subsystem B,Sensor E,10.340
981,Subsystem D,Sensor O,-2.210
982,Subsystem C,Sensor L,8.984
983,Subsystem D,Sensor N,-0.251
984,Subsystem B,Sensor F,14.654
985,Subsystem D,Sensor M,-2.333
986,Subsystem D,Sensor M,-1.613
987,Subsystem C,Sensor L,9.164
988,Subsystem C,Sensor I,8.835
989,Subsystem D,Sensor N,-2.874
990,Subsystem D,Sensor P,-2.086
991,Subsystem D,Sensor N,-0.950
992,Subsystem C,Sensor L,10.388
993,Subsystem C,Sensor L,8.680
994,Subsystem A,Sensor A,8.448
995,Subsystem B,Sensor F,14.025
996,Subsystem C,Sensor J,1.177
997,Subsystem C,Sensor J,2.590
998,Subsystem D,Sensor P,-0.331
999,Subsystem A,Sensor D,3.221
1000,Subsystem B,Sensor G,13.442
1001,Subsystem A,Sensor A,9.796
1002,Subsystem C,Sensor K,5.852
1003,Subsystem B,Sensor F,13.742
1004,Subsystem D,Sensor N,-0.488
1005,Subsystem D,Sensor O,-2.360
1006,Subsystem D,Sensor N,-2.487
1007,Subsystem B,Sensor G,13.510
1008,Subsystem D,Sensor P,-0.335
1009,Subsystem B,Sensor G,13.695
1010,Subsystem B,Sensor F,11.398
1011,Subsystem B,Sensor E,10.792
1012,Subsystem B,Sensor H,5.976
1013,Subsystem D,Sensor N,-1.324
1014,Subsystem D,Sensor N,-2.231
1015,Subsystem D,Sensor M,-2.317
1016,Subsystem A,Sensor B,1.073
1017,Subsystem C,Sensor J,1.000
1018,Subsystem D,Sensor O,-2.104
1019,Subsystem B,Sensor G,13.772
1020,Subsystem B,Sensor G,15.000
1021,Subsystem B,Sensor H,2.978
1022,Subsystem A,Sensor D,1.443
1023,Subsystem B,Sensor G,13.824
1024,Subsystem D,Sensor O,-0.964
1025,Subsystem D,Sensor N,-0.373
1026,Subsystem B,Sensor H,6.275
1027,Subsystem B,Sensor E,9.264
1028,Subsystem A,Sensor C,4.390
1029,Subsystem B,Sensor H,4.986
1030,Subsystem A,Sensor C,5.420
1031,Subsystem A,Sensor D,3.529
1032,Subsystem A,Sensor C,3.990
1033,Subsystem C,Sensor L,9.836
1034,Subsystem A,Sensor B,1.000
1035,Subsystem D,Sensor N,-0.204
1036,Subsystem C,Sensor J,1.609
1037,Subsystem D,Sensor M,-2.135
1038,Subsystem A,Sensor C,7.296
1039,Subsystem C,Sensor I,8.155
1040,Subsystem B,Sensor H,3.981
1041,Subsystem A,Sensor C,5.524
1042,Subsystem A,Sensor D,1.968
1043,Subsystem B,Sensor H,4.004
1044,Subsystem D,Sensor P,-1.418
1045,Subsystem C,Sensor J,1.284
1046,Subsystem B,Sensor H,3.490
1047,Subsystem D,Sensor M,-1.992
1048,Subsystem B,Sensor E,11.898
1049,Subsystem B,Sensor F,14.551
1050,Subsystem C,Sensor K,7.903
1051,Subsystem C,Sensor I,9.077
1052,Subsystem B,Sensor E,11.624
1053,Subsystem A,Sensor B,1.000
1054,Subsystem D,Sensor N,-1.473
1055,Subsystem B,Sensor F,13.845
1056,Subsystem B,Sensor G,13.207
1057,Subsystem C,Sensor J,1.916
1058,Subsystem D,Sensor M,-2.834
1059,Subsystem A,Sensor C,3.772
1060,Subsystem A,Sensor B,1.732
1061,Subsystem B,Sensor H,4.859
1062,Subsystem A,Sensor C,8.042
1063,Subsystem D,Sensor M,-2.397
1064,Subsystem D,Sensor M,-2.940
1065,Subsystem D,Sensor O,-2.546
1066,Subsystem B,Sensor H,6.531
1067,Subsystem D,Sensor P,-0.236
1068,Subsystem A,Sensor B,1.003
1069,Subsystem C,Sensor I,11.421
1070,Subsystem D,Sensor P,-0.086
1071,Subsystem A,Sensor C,4.112
1072,Subsystem C,Sensor K,5.535
1073,Subsystem A,Sensor B,1.447
1074,Subsystem B,Sensor F,12.011
1075,Subsystem A,Sensor D,1.935
1076,Subsystem B,Sensor F,14.777
1077,Subsystem A,Sensor D,1.472
1078,Subsystem D,Sensor N,-1.491
1079,Subsystem C,Sensor J,1.168
1080,Subsystem B,Sensor E,11.208
1081,Subsystem C,Sensor J,2.328
1082,Subsystem B,Sensor G,14.949
1083,Subsystem D,Sensor O,-3.000
1084,Subsystem D,Sensor O,-1.012
1085,Subsystem D,Sensor N,-2.427
1086,Subsystem C,Sensor J,1.731
1087,Subsystem A,Sensor A,5.014
1088,Subsystem A,Sensor B,1.800
1089,Subsystem B,Sensor F,11.419
1090,Subsystem A,Sensor A,7.812
1091,Subsystem C,Sensor L,8.847
1092,Subsystem C,Sensor K,8.230
1093,Subsystem C,Sensor J,1.195
1094,Subsystem B,Sensor G,14.037
1095,Subsystem B,Sensor F,14.819
1096,Subsystem A,Sensor C,7.386
1097,Subsystem D,Sensor P,-0.209
1098,Subsystem C,Sensor L,8.500
1099,Subsystem A,Sensor C,4.714
1100,Subsystem C,Sensor L,8.698
1101,Subsystem B,Sensor H,6.278
1102,Subsystem D,Sensor N,-1.355
1103,Subsystem D,Sensor O,-3.000
1104,Subsystem A,Sensor D,2.111
1105,Subsystem B,Sensor H,6.034
1106,Subsystem A,Sensor B,1.000
1107,Subsystem C,Sensor L,10.410
1108,Subsystem A,Sensor B,1.000
1109,Subsystem C,Sensor K,7.619
1110,Subsystem B,Sensor G,13.854
1111,Subsystem A,Sensor D,3.175
1112,Subsystem A,Sensor A,4.861
1113,Subsystem D,Sensor P,-0.431
1114,Subsystem C,Sensor K,8.019
1115,Subsystem C,Sensor K,6.745
1116,Subsystem D,Sensor M,-1.837
1117,Subsystem C,Sensor I,9.829
1118,Subsystem C,Sensor J,2.536
1119,Subsystem A,Sensor C,7.774
1120,Subsystem C,Sensor I,9.693
1121,Subsystem C,Sensor L,9.195
1122,Subsystem C,Sensor I,11.666
1123,Subsystem B,Sensor F,14.214
1124,Subsystem B,Sensor F,12.846
1125,Subsystem D,Sensor P,-0.168
1126,Subsystem B,Sensor H,2.989
1127,Subsystem B,Sensor G,13.604
1128,Subsystem B,Sensor F,13.634
1129,Subsystem D,Sensor O,-1.853
1130,Subsystem A,Sensor B,1.339
1131,Subsystem B,Sensor G,12.826
1132,Subsystem A,Sensor A,7.521
1133,Subsystem A,Sensor D,1.497
1134,Subsystem D,Sensor P,-2.409
1135,Subsystem A,Sensor D,3.661
1136,Subsystem C,Sensor K,5.197
1137,Subsystem D,Sensor P,-1.313
1138,Subsystem D,Sensor N,-0.926
1139,Subsystem B,Sensor E,11.893
1140,Subsystem C,Sensor I,7.200
1141,Subsystem B,Sensor E,11.066
1142,Subsystem A,Sensor D,2.911
1143,Subsystem D,Sensor O,-2.358
1144,Subsystem C,Sensor K,6.082
1145,Subsystem D,Sensor N,-0.928
1146,Subsystem D,Sensor O,-2.597
1147,Subsystem D,Sensor N,-1.500
1148,Subsystem C,Sensor K,4.549
1149,Subsystem D,Sensor M,-2.719
1150,Subsystem A,Sensor D,2.073
1151,Subsystem D,Sensor M,-2.132
1152,Subsystem D,Sensor M,-2.211
1153,Subsystem C,Sensor J,1.156
1154,Subsystem B,Sensor F,13.638
1155,Subsystem A,Sensor D,2.888
1156,Subsystem A,Sensor B,1.164
1157,Subsystem A,Sensor C,7.328
1158,Subsystem C,Sensor L,8.835
1159,Subsystem D,Sensor P,-1.792
1160,Subsystem B,Sensor F,14.810
1161,Subsystem A,Sensor D,1.486
1162,Subsystem D,Sensor O,-2.253
1163,Subsystem D,Sensor M,-2.235
1164,Subsystem B,Sensor G,13.774
1165,Subsystem C,Sensor J,1.034
1166,Subsystem C,Sensor I,9.992
1167,Subsystem D,Sensor P,-1.330
1168,Subsystem B,Sensor E,10.641
1169,Subsystem B,Sensor G,13.212
1170,Subsystem D,Sensor P,-2.229
1171,Subsystem B,Sensor H,5.756
1172,Subsystem B,Sensor E,10.652
1173,Subsystem C,Sensor L,8.759
1174,Subsystem B,Sensor H,4.247
1175,Subsystem A,Sensor B,1.891
1176,Subsystem B,Sensor E,10.164
1177,Subsystem C,Sensor K,7.704
1178,Subsystem A,Sensor A,8.955
1179,Subsystem B,Sensor H,6.034
1180,Subsystem B,Sensor G,14.183
1181,Subsystem C,Sensor J,2.099
1182,Subsystem A,Sensor A,9.995
1183,Subsystem C,Sensor J,1.613
1184,Subsystem B,Sensor F,11.878
1185,Subsystem A,Sensor C,7.889
1186,Subsystem C,Sensor I,7.802
1187,Subsystem D,Sensor N,-0.801
1188,Subsystem C,Sensor I,8.618
1189,Subsystem A,Sensor A,8.447
1190,Subsystem A,Sensor C,8.443
1191,Subsystem B,Sensor H,3.180
1192,Subsystem C,Sensor I,8.565
1193,Subsystem A,Sensor B,2.512
1194,Subsystem C,Sensor K,7.086
1195,Subsystem C,Sensor J,1.597
1196,Subsystem B,Sensor F,14.464
1197,Subsystem C,Sensor I,11.804
1198,Subsystem C,Sensor L,10.056
1199,Subsystem D,Sensor O,-2.008
1200,Subsystem D,Sensor O,-1.496
1201,Subsystem A,Sensor D,2.822
1202,Subsystem D,Sensor P,-1.274
1203,Subsystem A,Sensor A,7.789
1204,Subsystem B,Sensor H,3.713
1205,Subsystem A,Sensor B,1.038
1206,Subsystem B,Sensor G,14.570
1207,Subsystem D,Sensor N,-0.974
1208,Subsystem D,Sensor N,-0.002
1209,Subsystem A,Sensor B,1.906
1210,Subsystem B,Sensor G,14.005
1211,Subsystem D,Sensor P,-2.207
1212,Subsystem A,Sensor C,6.983
1213,Subsystem A,Sensor D,3.303
1214,Subsystem A,Sensor D,2.919
1215,Subsystem C,Sensor L,9.397
1216,Subsystem D,Sensor O,-2.464
1217,Subsystem C,Sensor L,10.050
1218,Subsystem B,Sensor E,12.618
1219,Subsystem C,Sensor I,7.629
1220,Subsystem C,Sensor I,7.617
1221,Subsystem B,Sensor G,13.213
1222,Subsystem D,Sensor P,-1.286
1223,Subsystem B,Sensor G,13.984
1224,Subsystem A,Sensor C,5.143
1225,Subsystem C,Sensor K,8.029
1226,Subsystem B,Sensor G,14.726
1227,Subsystem C,Sensor J,1.308
1228,Subsystem C,Sensor I,8.061
1229,Subsystem A,Sensor D,2.345
1230,Subsystem C,Sensor L,9.614
1231,Subsystem A,Sensor A,8.996
1232,Subsystem C,Sensor L,9.320
1233,Subsystem C,Sensor K,4.545
1234,Subsystem B,Sensor G,13.057
1235,Subsystem C,Sensor J,1.786
1236,Subsystem A,Sensor C,7.832
1237,Subsystem A,Sensor D,3.147
1238,Subsystem C,Sensor J,1.402
1239,Subsystem A,Sensor D,3.469
1240,Subsystem B,Sensor E,10.341
1241,Subsystem D,Sensor M,-1.873
1242,Subsystem B,Sensor G,14.620
1243,Subsystem C,Sensor J,2.825
1244,Subsystem A,Sensor D,2.191
1245,Subsystem D,Sensor O,-2.005
1246,Subsystem A,Sensor B,1.034
1247,Subsystem B,Sensor E,10.667
1248,Subsystem C,Sensor J,1.714
1249,Subsystem C,Sensor J,2.145
1250,Subsystem A,Sensor D,4.183
1251,Subsystem B,Sensor F,13.436
1252,Subsystem B,Sensor E,11.437
1253,Subsystem B,Sensor E,10.747
1254,Subsystem C,Sensor K,5.222
1255,Subsystem B,Sensor H,5.190
1256,Subsystem A,Sensor D,3.560
1257,Subsystem C,Sensor K,5.784
1258,Subsystem A,Sensor D,3.435
1259,Subsystem A,Sensor B,1.000
1260,Subsystem B,Sensor G,14.461
1261,Subsystem B,Sensor E,9.949
1262,Subsystem B,Sensor F,11.236
1263,Subsystem D,Sensor O,-0.947
1264,Subsystem A,Sensor D,1.856
1265,Subsystem B,Sensor F,10.900
1266,Subsystem A,Sensor A,10.305
1267,Subsystem C,Sensor K,7.962
1268,Subsystem D,Sensor M,-2.362
1269,Subsystem D,Sensor O,-2.291
1270,Subsystem B,Sensor G,13.501
1271,Subsystem A,Sensor D,3.173
1272,Subsystem D,Sensor N,-1.071
1273,Subsystem C,Sensor J,1.000
1274,Subsystem D,Sensor O,-2.241
1275,Subsystem D,Sensor P,-0.300
1276,Subsystem A,Sensor D,3.092
1277,Subsystem D,Sensor N,-2.205
1278,Subsystem D,Sensor N,-2.512
1279,Subsystem B,Sensor H,3.098
1280,Subsystem D,Sensor N,-0.891
1281,Subsystem C,Sensor I,12.347
1282,Subsystem A,Sensor C,4.533
1283,Subsystem B,Sensor H,3.316
1284,Subsystem A,Sensor A,7.248
1285,Subsystem B,Sensor G,12.719
1286,Subsystem C,Sensor L,8.643
1287,Subsystem A,Sensor B,1.001
1288,Subsystem C,Sensor L,10.005
1289,Subsystem B,Sensor H,6.005
1290,Subsystem D,Sensor N,-1.745
1291,Subsystem A,Sensor C,6.740
1292,Subsystem D,Sensor M,-2.964
1293,Subsystem A,Sensor C,5.948
1294,Subsystem C,Sensor J,1.282
1295,Subsystem A,Sensor C,3.373
1296,Subsystem A,Sensor A,6.581
1297,Subsystem C,Sensor J,1.165
1298,Subsystem D,Sensor P,-0.009
1299,Subsystem A,Sensor B,1.167
1300,Subsystem C,Sensor L,8.046
1301,Subsystem B,Sensor G,12.397
1302,Subsystem B,Sensor G,13.953
1303,Subsystem A,Sensor A,5.116
1304,Subsystem D,Sensor P,-0.191
1305,Subsystem A,Sensor A,7.990
1306,Subsystem D,Sensor P,-0.788
1307,Subsystem C,Sensor K,5.374
1308,Subsystem D,Sensor O,-2.409
1309,Subsystem D,Sensor O,-1.244
1310,Subsystem A,Sensor B,1.590
1311,Subsystem D,Sensor O,-2.659
1312,Subsystem B,Sensor H,5.218
1313,Subsystem A,Sensor A,10.475
1314,Subsystem D,Sensor N,-1.034
1315,Subsystem D,Sensor P,-0.568
1316,Subsystem C,Sensor J,1.451
1317,Subsystem A,Sensor D,1.629
1318,Subsystem A,Sensor A,7.139
1319,Subsystem A,Sensor C,7.258
1320,Subsystem D,Sensor N,-1.150
1321,Subsystem C,Sensor K,5.136
1322,Subsystem D,Sensor N,-1.420
1323,Subsystem A,Sensor D,3.432
1324,Subsystem B,Sensor H,5.335
1325,Subsystem C,Sensor J,1.662
1326,Subsystem D,Sensor O,-1.547
1327,Subsystem C,Sensor L,8.132
1328,Subsystem B,Sensor E,10.113
1329,Subsystem D,Sensor O,-1.153
1330,Subsystem D,Sensor O,-2.675
1331,Subsystem B,Sensor G,14.165
1332,Subsystem D,Sensor P,-0.688
1333,Subsystem B,Sensor G,13.282
1334,Subsystem C,Sensor L,9.996
1335,Subsystem B,Sensor E,10.520
1336,Subsystem C,Sensor K,5.259
1337,Subsystem D,Sensor O,-2.602
1338,Subsystem B,Sensor E,11.581
1339,Subsystem B,Sensor G,13.693
1340,Subsystem C,Sensor K,6.017
1341,Subsystem A,Sensor A,9.190
1342,Subsystem A,Sensor B,1.746
1343,Subsystem C,Sensor I,12.302
1344,Subsystem C,Sensor J,2.939
1345,Subsystem D,Sensor O,-1.490
1346,Subsystem C,Sensor I,9.383
1347,Subsystem A,Sensor B,1.000
1348,Subsystem A,Sensor A,9.814
1349,Subsystem A,Sensor A,8.219
1350,Subsystem B,Sensor H,3.107
1351,Subsystem A,Sensor D,2.824
1352,Subsystem D,Sensor P,-0.351
1353,Subsystem C,Sensor I,9.176
1354,Subsystem D,Sensor N,-1.122
1355,Subsystem B,Sensor F,12.991
1356,Subsystem B,Sensor G,14.500
1357,Subsystem A,Sensor B,1.052
1358,Subsystem D,Sensor N,-2.100
1359,Subsystem C,Sensor K,4.826
1360,Subsystem C,Sensor J,1.266
1361,Subsystem D,Sensor O,-1.411
1362,Subsystem A,Sensor A,7.713
1363,Subsystem A,Sensor A,8.426
1364,Subsystem A,Sensor C,7.196
1365,Subsystem B,Sensor G,14.311
1366,Subsystem A,Sensor A,9.450
1367,Subsystem A,Sensor D,3.133
1368,Subsystem B,Sensor G,13.505
1369,Subsystem B,Sensor F,10.717
1370,Subsystem D,Sensor N,-0.872
1371,Subsystem B,Sensor H,6.132
1372,Subsystem A,Sensor D,3.192
1373,Subsystem B,Sensor H,2.386
1374,Subsystem C,Sensor L,9.034
1375,Subsystem D,Sensor P,-0.198
1376,Subsystem B,Sensor G,12.577
1377,Subsystem C,Sensor L,8.309
1378,Subsystem D,Sensor P,-1.202
1379,Subsystem D,Sensor P,-0.393
1380,Subsystem D,Sensor N,-0.865
1381,Subsystem D,Sensor P,-1.187
1382,Subsystem B,Sensor H,5.831
1383,Subsystem D,Sensor O,-1.272
1384,Subsystem A,Sensor D,1.446
1385,Subsystem C,Sensor I,7.210
1386,Subsystem C,Sensor I,8.992
1387,Subsystem D,Sensor N,-1.358
1388,Subsystem C,Sensor J,2.132
1389,Subsystem A,Sensor D,3.361
1390,Subsystem B,Sensor F,13.197
1391,Subsystem B,Sensor H,5.068
1392,Subsystem A,Sensor B,1.100
1393,Subsystem C,Sensor I,9.579
1394,Subsystem B,Sensor E,11.029
1395,Subsystem A,Sensor B,1.086
1396,Subsystem A,Sensor C,3.842
1397,Subsystem A,Sensor A,8.906
1398,Subsystem D,Sensor O,-2.349
1399,Subsystem D,Sensor P,-0.345
1400,Subsystem D,Sensor P,-0.779
1401,Subsystem D,Sensor P,-0.303
1402,Subsystem A,Sensor A,8.639
1403,Subsystem B,Sensor F,13.777
1404,Subsystem C,Sensor J,2.546
1405,Subsystem D,Sensor N,-1.157
1406,Subsystem A,Sensor A,7.212
1407,Subsystem B,Sensor G,13.993
1408,Subsystem A,Sensor A,9.916
1409,Subsystem A,Sensor C,7.333
1410,Subsystem D,Sensor P,-1.416
1411,Subsystem B,Sensor H,3.996
1412,Subsystem C,Sensor L,7.543
1413,Subsystem C,Sensor L,8.446
1414,Subsystem B,Sensor F,13.678
1415,Subsystem C,Sensor J,1.117
1416,Subsystem D,Sensor O,-0.548
1417,Subsystem A,Sensor B,1.665
1418,Subsystem A,Sensor D,3.121
1419,Subsystem D,Sensor M,-2.489
1420,Subsystem C,Sensor K,7.930
1421,Subsystem B,Sensor E,10.156
1422,Subsystem C,Sensor I,11.922
1423,Subsystem C,Sensor J,1.542
1424,Subsystem B,Sensor H,5.401
1425,Subsystem B,Sensor F,12.026
1426,Subsystem A,Sensor C,5.577
1427,Subsystem B,Sensor H,6.003
1428,Subsystem D,Sensor P,-0.280
1429,Subsystem B,Sensor H,3.462
1430,Subsystem C,Sensor I,11.010
1431,Subsystem B,Sensor H,5.147
1432,Subsystem C,Sensor J,1.496
1433,Subsystem A,Sensor C,3.990
1434,Subsystem B,Sensor F,11.148
1435,Subsystem B,Sensor H,3.151
1436,Subsystem A,Sensor C,5.379
1437,Subsystem B,Sensor H,5.465
1438,Subsystem D,Sensor M,-2.137
1439,Subsystem C,Sensor K,4.910
1440,Subsystem C,Sensor J,1.672
1441,Subsystem B,Sensor F,13.583
1442,Subsystem D,Sensor P,-1.414
1443,Subsystem B,Sensor E,12.578
1444,Subsystem A,Sensor B,1.289
1445,Subsystem C,Sensor K,6.517
1446,Subsystem B,Sensor G,12.363
1447,Subsystem A,Sensor D,1.803
1448,Subsystem A,Sensor C,4.299
1449,Subsystem D,Sensor M,-1.962
1450,Subsystem D,Sensor M,-2.800
1451,Subsystem D,Sensor N,-1.585
1452,Subsystem C,Sensor K,5.991
1453,Subsystem D,Sensor N,-1.839
1454,Subsystem C,Sensor I,9.329
1455,Subsystem C,Sensor J,1.287
1456,Subsystem A,Sensor B,1.000
1457,Subsystem B,Sensor F,14.732
1458,Subsystem A,Sensor B,1.020
1459,Subsystem D,Sensor O,-2.128
1460,Subsystem D,Sensor P,-0.247
1461,Subsystem B,Sensor H,4.118
1462,Subsystem A,Sensor D,2.010
1463,Subsystem D,Sensor P,-1.227
1464,Subsystem A,Sensor A,7.903
1465,Subsystem D,Sensor P,-1.665
1466,Subsystem A,Sensor D,2.974
1467,Subsystem D,Sensor O,-2.515
1468,Subsystem C,Sensor L,9.664
1469,Subsystem C,Sensor L,8.726
1470,Subsystem B,Sensor E,12.185
1471,Subsystem A,Sensor B,1.305
1472,Subsystem C,Sensor K,4.484
1473,Subsystem D,Sensor P,-0.928
1474,Subsystem D,Sensor P,0.000
1475,Subsystem D,Sensor O,-2.237
1476,Subsystem B,Sensor E,9.159
1477,Subsystem B,Sensor E,10.924
1478,Subsystem D,Sensor M,-1.895
1479,Subsystem B,Sensor G,12.410
1480,Subsystem B,Sensor E,8.745
1481,Subsystem B,Sensor E,8.781
1482,Subsystem D,Sensor M,-2.736
1483,Subsystem D,Sensor N,-1.047
1484,Subsystem B,Sensor F,11.326
1485,Subsystem D,Sensor N,-1.100
1486,Subsystem A,Sensor B,1.943
1487,Subsystem C,Sensor K,8.522
1488,Subsystem D,Sensor P,-2.360
1489,Subsystem C,Sensor K,7.492
1490,Subsystem B,Sensor F,13.297
1491,Subsystem B,Sensor F,14.048
1492,Subsystem A,Sensor A,4.835
1493,Subsystem D,Sensor O,-1.193
1494,Subsystem D,Sensor M,-2.896
1495,Subsystem D,Sensor P,-0.656
1496,Subsystem A,Sensor C,7.210
1497,Subsystem A,Sensor B,1.000
1498,Subsystem C,Sensor I,10.863
1499,Subsystem D,Sensor M,-1.447
1500,Subsystem A,Sensor B,1.259
1501,Subsystem C,Sensor K,7.935
1502,Subsystem A,Sensor A,6.974
1503,Subsystem A,Sensor C,7.625
1504,Subsystem C,Sensor J,1.864
1505,Subsystem C,Sensor J,1.769
1506,Subsystem C,Sensor L,8.369
1507,Subsystem C,Sensor L,8.665
1508,Subsystem C,Sensor J,1.329
1509,Subsystem B,Sensor F,11.096
1510,Subsystem B,Sensor F,12.982
1511,Subsystem B,Sensor H,5.154
1512,Subsystem C,Sensor L,8.754
1513,Subsystem B,Sensor G,13.117
1514,Subsystem B,Sensor H,5.901
1515,Subsystem A,Sensor A,7.459
1516,Subsystem D,Sensor O,-2.514
1517,Subsystem B,Sensor E,9.229
1518,Subsystem D,Sensor O,-2.361
1519,Subsystem C,Sensor K,7.443
1520,Subsystem B,Sensor G,13.305
1521,Subsystem A,Sensor C,7.393
1522,Subsystem D,Sensor M,-2.324
1523,Subsystem B,Sensor E,10.874
1524,Subsystem B,Sensor E,9.490
1525,Subsystem C,Sensor J,3.013
1526,Subsystem A,Sensor D,3.197
1527,Subsystem C,Sensor I,9.767
1528,Subsystem D,Sensor M,-2.136
1529,Subsystem A,Sensor B,1.373
1530,Subsystem A,Sensor D,2.009
1531,Subsystem C,Sensor I,9.747
1532,Subsystem A,Sensor A,10.084
1533,Subsystem B,Sensor F,10.791
1534,Subsystem B,Sensor G,12.585
1535,Subsystem B,Sensor E,11.951
1536,Subsystem B,Sensor H,5.956
1537,Subsystem D,Sensor P,-0.105
1538,Subsystem A,Sensor A,9.205
1539,Subsystem C,Sensor L,9.521
1540,Subsystem D,Sensor N,-0.980
1541,Subsystem D,Sensor P,-0.842
1542,Subsystem D,Sensor O,-1.678
1543,Subsystem B,Sensor G,13.966
1544,Subsystem A,Sensor A,8.254
1545,Subsystem B,Sensor G,12.640
1546,Subsystem B,Sensor H,5.474
1547,Subsystem B,Sensor G,13.369
1548,Subsystem A,Sensor A,7.323
1549,Subsystem C,Sensor I,7.517
1550,Subsystem C,Sensor J,1.158
1551,Subsystem B,Sensor H,4.993
1552,Subsystem C,Sensor I,7.549
1553,Subsystem B,Sensor E,10.968
1554,Subsystem C,Sensor J,1.833
1555,Subsystem D,Sensor P,-0.130
1556,Subsystem B,Sensor F,11.870
1557,Subsystem B,Sensor E,11.244
1558,Subsystem C,Sensor J,1.251
1559,Subsystem C,Sensor I,10.381
1560,Subsystem D,Sensor N,-2.474
1561,Subsystem D,Sensor P,-1.339
1562,Subsystem B,Sensor G,11.981
1563,Subsystem B,Sensor E,10.552
1564,Subsystem C,Sensor I,9.543
1565,Subsystem B,Sensor H,4.522
1566,Subsystem D,Sensor M,-2.813
1567,Subsystem B,Sensor G,13.328
1568,Subsystem B,Sensor G,13.925
1569,Subsystem A,Sensor B,1.208
1570,Subsystem D,Sensor N,-1.591
1571,Subsystem D,Sensor N,-1.659
1572,Subsystem A,Sensor B,1.675
1573,Subsystem A,Sensor C,7.231
1574,Subsystem C,Sensor I,8.392
1575,Subsystem B,Sensor G,12.202
1576,Subsystem C,Sensor K,5.908
1577,Subsystem A,Sensor B,1.065
1578,Subsystem B,Sensor G,14.401
1579,Subsystem C,Sensor I,10.686
1580,Subsystem A,Sensor D,3.383
1581,Subsystem C,Sensor I,12.027
1582,Subsystem B,Sensor F,14.614
1583,Subsystem D,Sensor N,-0.536
1584,Subsystem B,Sensor G,14.311
1585,Subsystem B,Sensor H,5.495
1586,Subsystem B,Sensor E,10.962
1587,Subsystem D,Sensor O,-1.540
1588,Subsystem C,Sensor J,1.489
1589,Subsystem C,Sensor J,1.601
1590,Subsystem C,Sensor J,1.269
1591,Subsystem A,Sensor C,3.823
1592,Subsystem D,Sensor P,-0.074
1593,Subsystem D,Sensor P,-1.388
1594,Subsystem C,Sensor I,11.758
1595,Subsystem C,Sensor I,7.917
1596,Subsystem A,Sensor C,3.564
1597,Subsystem C,Sensor I,11.424
1598,Subsystem D,Sensor P,-1.336
1599,Subsystem B,Sensor E,10.946
1600,Subsystem C,Sensor I,8.164
1601,Subsystem D,Sensor O,-1.061
1602,Subsystem B,Sensor G,13.883
1603,Subsystem D,Sensor P,-1.708
1604,Subsystem D,Sensor O,-1.388
1605,Subsystem D,Sensor P,-0.972
1606,Subsystem A,Sensor A,8.713
1607,Subsystem B,Sensor E,11.999
1608,Subsystem A,Sensor A,8.914
1609,Subsystem D,Sensor O,-2.291
1610,Subsystem B,Sensor G,14.549
1611,Subsystem D,Sensor M,-2.474
1612,Subsystem D,Sensor M,-2.832
1613,Subsystem C,Sensor K,7.616
1614,Subsystem B,Sensor H,5.758
1615,Subsystem B,Sensor E,9.328
1616,Subsystem D,Sensor P,-0.297
1617,Subsystem B,Sensor H,6.190
1618,Subsystem C,Sensor I,7.918
1619,Subsystem A,Sensor B,1.560
1620,Subsystem D,Sensor M,-1.850
1621,Subsystem B,Sensor E,12.053
1622,Subsystem C,Sensor I,8.333
1623,Subsystem B,Sensor F,13.175
1624,Subsystem D,Sensor O,-1.921
1625,Subsystem C,Sensor J,2.633
1626,Subsystem D,Sensor P,-0.708
1627,Subsystem B,Sensor F,14.318
1628,Subsystem A,Sensor A,7.966
1629,Subsystem A,Sensor C,4.987
1630,Subsystem D,Sensor M,-2.874
1631,Subsystem A,Sensor C,4.554
1632,Subsystem B,Sensor H,6.759
1633,Subsystem A,Sensor B,1.000
1634,Subsystem C,Sensor K,6.364
1635,Subsystem D,Sensor P,-0.160
1636,Subsystem C,Sensor J,1.943
1637,Subsystem D,Sensor O,-2.384
1638,Subsystem C,Sensor L,8.825
1639,Subsystem C,Sensor J,2.569
1640,Subsystem D,Sensor P,-2.489
1641,Subsystem B,Sensor F,14.827
1642,Subsystem B,Sensor H,4.852
1643,Subsystem B,Sensor E,11.144
1644,Subsystem D,Sensor N,-1.863
1645,Subsystem C,Sensor J,2.030
1646,Subsystem C,Sensor L,8.385
1647,Subsystem B,Sensor G,14.777
1648,Subsystem D,Sensor P,-0.052
1649,Subsystem B,Sensor G,12.549
1650,Subsystem D,Sensor P,-0.252
1651,Subsystem A,Sensor B,1.081
1652,Subsystem A,Sensor D,3.273
1653,Subsystem A,Sensor B,1.115
1654,Subsystem B,Sensor F,11.875
1655,Subsystem D,Sensor M,-2.853
1656,Subsystem B,Sensor G,14.740
1657,Subsystem B,Sensor E,11.880
1658,Subsystem D,Sensor M,-2.510
1659,Subsystem B,Sensor E,12.040
1660,Subsystem C,Sensor J,1.543
1661,Subsystem D,Sensor O,-1.472
1662,Subsystem C,Sensor J,1.000
1663,Subsystem B,Sensor H,5.760
1664,Subsystem B,Sensor G,12.428
1665,Subsystem C,Sensor L,8.585
1666,Subsystem B,Sensor H,6.236
1667,Subsystem B,Sensor H,5.590
1668,Subsystem B,Sensor G,12.007
1669,Subsystem C,Sensor K,5.136
1670,Subsystem A,Sensor B,1.401
1671,Subsystem C,Sensor J,2.659
1672,Subsystem A,Sensor D,2.792
1673,Subsystem D,Sensor P,-1.049
1674,Subsystem D,Sensor O,-1.886
1675,Subsystem C,Sensor K,5.764
1676,Subsystem B,Sensor H,5.485
1677,Subsystem C,Sensor K,7.179
1678,Subsystem A,Sensor D,3.481
1679,Subsystem D,Sensor N,-2.134
1680,Subsystem B,Sensor H,5.100
1681,Subsystem B,Sensor G,13.200
1682,Subsystem B,Sensor F,14.675
1683,Subsystem A,Sensor B,2.435
1684,Subsystem D,Sensor M,-2.870
1685,Subsystem D,Sensor O,-0.978
1686,Subsystem A,Sensor B,1.289
1687,Subsystem D,Sensor P,-1.407
1688,Subsystem B,Sensor G,14.010
1689,Subsystem A,Sensor B,1.237
1690,Subsystem D,Sensor N,-0.250
1691,Subsystem D,Sensor O,-2.551
1692,Subsystem B,Sensor G,13.832
1693,Subsystem D,Sensor M,-2.749
1694,Subsystem B,Sensor F,10.593
1695,Subsystem A,Sensor C,5.228
1696,Subsystem C,Sensor I,7.806
1697,Subsystem B,Sensor F,15.000
1698,Subsystem B,Sensor E,12.493
1699,Subsystem C,Sensor L,8.950
1700,Subsystem B,Sensor H,4.176
1701,Subsystem A,Sensor A,7.660
1702,Subsystem B,Sensor E,10.969
1703,Subsystem D,Sensor M,-2.586
1704,Subsystem D,Sensor M,-2.723
1705,Subsystem C,Sensor L,10.808
1706,Subsystem B,Sensor H,3.306
1707,Subsystem D,Sensor P,-1.860
1708,Subsystem B,Sensor H,3.282
1709,Subsystem D,Sensor P,0.000
1710,Subsystem C,Sensor K,7.878
1711,Subsystem D,Sensor O,-2.541
1712,Subsystem D,Sensor N,-0.952
1713,Subsystem D,Sensor N,-2.051
1714,Subsystem B,Sensor E,10.599
1715,Subsystem A,Sensor C,5.676
1716,Subsystem D,Sensor M,-1.675
1717,Subsystem A,Sensor A,9.321
1718,Subsystem A,Sensor A,4.884
1719,Subsystem A,Sensor A,7.985
1720,Subsystem C,Sensor K,7.525
1721,Subsystem C,Sensor L,8.736
1722,Subsystem C,Sensor L,8.835
1723,Subsystem A,Sensor C,7.999
1724,Subsystem C,Sensor I,7.456
1725,Subsystem C,Sensor L,9.583
1726,Subsystem D,Sensor M,-2.894
1727,Subsystem C,Sensor J,2.451
1728,Subsystem A,Sensor D,3.597
1729,Subsystem A,Sensor C,7.593
1730,Subsystem B,Sensor F,13.457
1731,Subsystem B,Sensor E,10.854
1732,Subsystem A,Sensor C,6.905
1733,Subsystem B,Sensor E,10.196
1734,Subsystem A,Sensor B,1.781
1735,Subsystem C,Sensor J,1.917
1736,Subsystem C,Sensor I,7.801
1737,Subsystem D,Sensor N,-1.258
1738,Subsystem B,Sensor E,10.250
1739,Subsystem D,Sensor P,-0.813
1740,Subsystem C,Sensor L,10.111
1741,Subsystem B,Sensor F,11.642
1742,Subsystem C,Sensor J,1.653
1743,Subsystem C,Sensor I,11.913
1744,Subsystem A,Sensor D,2.164
1745,Subsystem D,Sensor P,-2.051
1746,Subsystem D,Sensor N,-2.109
1747,Subsystem B,Sensor H,6.279
1748,Subsystem B,Sensor H,7.187
1749,Subsystem B,Sensor E,10.020
1750,Subsystem A,Sensor D,2.520
1751,Subsystem C,Sensor I,9.298
1752,Subsystem A,Sensor D,1.853
1753,Subsystem D,Sensor N,-1.618
1754,Subsystem A,Sensor D,3.183
1755,Subsystem C,Sensor J,1.451
1756,Subsystem D,Sensor M,-3.000
1757,Subsystem B,Sensor E,9.989
1758,Subsystem C,Sensor J,1.000
1759,Subsystem B,Sensor G,13.797
1760,Subsystem B,Sensor E,9.924
1761,Subsystem C,Sensor K,5.271
1762,Subsystem B,Sensor E,10.144
1763,Subsystem C,Sensor L,9.771
1764,Subsystem B,Sensor G,14.920
1765,Subsystem B,Sensor H,6.003
1766,Subsystem A,Sensor B,1.560
1767,Subsystem B,Sensor G,14.094
1768,Subsystem D,Sensor P,-0.990
1769,Subsystem C,Sensor K,5.509
1770,Subsystem A,Sensor A,7.552
1771,Subsystem C,Sensor K,7.271
1772,Subsystem D,Sensor P,0.000
1773,Subsystem B,Sensor F,14.918
1774,Subsystem D,Sensor O,-2.476
1775,Subsystem D,Sensor M,-2.824
1776,Subsystem A,Sensor B,1.363
1777,Subsystem A,Sensor C,8.009
1778,Subsystem D,Sensor O,-2.269
1779,Subsystem A,Sensor A,4.699
1780,Subsystem A,Sensor C,5.897
1781,Subsystem D,Sensor N,-2.766
1782,Subsystem D,Sensor N,-0.856
1783,Subsystem B,Sensor G,14.247
1784,Subsystem C,Sensor K,4.879
1785,Subsystem A,Sensor B,1.169
1786,Subsystem C,Sensor J,1.521
1787,Subsystem A,Sensor D,2.032
1788,Subsystem C,Sensor I,8.189
1789,Subsystem B,Sensor G,14.633
1790,Subsystem D,Sensor P,-1.072
1791,Subsystem D,Sensor P,-0.045
1792,Subsystem C,Sensor L,8.812
1793,Subsystem B,Sensor F,14.726
1794,Subsystem B,Sensor F,13.142
1795,Subsystem C,Sensor J,1.000
1796,Subsystem A,Sensor D,1.430
1797,Subsystem D,Sensor P,-1.295
1798,Subsystem D,Sensor M,-1.970
1799,Subsystem B,Sensor H,3.043
1800,Subsystem A,Sensor A,6.608
1801,Subsystem C,Sensor K,5.128
1802,Subsystem B,Sensor F,10.993
1803,Subsystem A,Sensor A,4.796
1804,Subsystem B,Sensor E,10.830
1805,Subsystem A,Sensor A,9.038
1806,Subsystem A,Sensor B,1.054
1807,Subsystem D,Sensor N,-1.241
1808,Subsystem D,Sensor M,-2.263
1809,Subsystem A,Sensor B,1.219
1810,Subsystem D,Sensor N,-2.211
1811,Subsystem B,Sensor H,6.601
1812,Subsystem A,Sensor C,5.995
1813,Subsystem B,Sensor F,13.311
1814,Subsystem A,Sensor B,1.451
1815,Subsystem A,Sensor C,7.727
1816,Subsystem A,Sensor B,1.229
1817,Subsystem C,Sensor L,8.990
1818,Subsystem C,Sensor L,9.036
1819,Subsystem D,Sensor P,-0.106
1820,Subsystem A,Sensor C,4.598
1821,Subsystem D,Sensor P,-1.572
1822,Subsystem B,Sensor E,9.649
1823,Subsystem B,Sensor E,12.539
1824,Subsystem A,Sensor D,2.630
1825,Subsystem A,Sensor A,7.297
1826,Subsystem C,Sensor K,7.686
1827,Subsystem D,Sensor O,-2.502
1828,Subsystem D,Sensor O,-1.714
1829,Subsystem C,Sensor L,8.984
1830,Subsystem A,Sensor D,2.523
1831,Subsystem A,Sensor B,1.070
1832,Subsystem A,Sensor C,3.781
1833,Subsystem D,Sensor N,-2.340
1834,Subsystem B,Sensor G,13.724
1835,Subsystem A,Sensor D,2.916
1836,Subsystem C,Sensor I,8.130
1837,Subsystem B,Sensor H,6.885
1838,Subsystem A,Sensor B,1.000
1839,Subsystem B,Sensor H,4.580
1840,Subsystem B,Sensor G,13.808
1841,Subsystem D,Sensor P,-0.185
1842,Subsystem A,Sensor D,1.216
1843,Subsystem B,Sensor F,14.041
1844,Subsystem D,Sensor N,-0.314
1845,Subsystem A,Sensor B,1.809
1846,Subsystem D,Sensor M,-2.080
1847,Subsystem C,Sensor L,10.558
1848,Subsystem D,Sensor N,-0.305
1849,Subsystem C,Sensor J,2.811
1850,Subsystem D,Sensor M,-1.592
1851,Subsystem D,Sensor M,-2.393
1852,Subsystem A,Sensor B,1.419
1853,Subsystem D,Sensor N,-2.418
1854,Subsystem B,Sensor H,5.831
1855,Subsystem C,Sensor I,11.203
1856,Subsystem C,Sensor I,9.064
1857,Subsystem A,Sensor D,1.501
1858,Subsystem C,Sensor I,11.975
1859,Subsystem D,Sensor N,-2.043
1860,Subsystem B,Sensor E,11.824
1861,Subsystem C,Sensor L,8.075
1862,Subsystem A,Sensor A,4.879
1863,Subsystem B,Sensor H,4.777
1864,Subsystem C,Sensor L,9.574
1865,Subsystem A,Sensor D,2.279
1866,Subsystem C,Sensor J,1.730
1867,Subsystem B,Sensor G,14.027
1868,Subsystem D,Sensor O,-2.163
1869,Subsystem A,Sensor C,6.144
1870,Subsystem C,Sensor J,2.691
1871,Subsystem C,Sensor K,7.255
1872,Subsystem C,Sensor L,8.195
1873,Subsystem A,Sensor D,2.081
1874,Subsystem D,Sensor P,-1.126
1875,Subsystem C,Sensor L,8.958
1876,Subsystem A,Sensor D,3.286
1877,Subsystem B,Sensor H,5.570
1878,Subsystem B,Sensor G,14.664
1879,Subsystem A,Sensor D,3.553
1880,Subsystem D,Sensor P,-0.630
1881,Subsystem D,Sensor P,-0.613
1882,Subsystem D,Sensor M,-1.960
1883,Subsystem B,Sensor G,14.866
1884,Subsystem A,Sensor C,3.631
1885,Subsystem D,Sensor M,-2.742
1886,Subsystem A,Sensor C,6.724
1887,Subsystem C,Sensor J,2.095
1888,Subsystem C,Sensor I,8.220
1889,Subsystem A,Sensor C,7.492
1890,Subsystem B,Sensor E,11.166
1891,Subsystem C,Sensor I,11.098
1892,Subsystem B,Sensor F,13.953
1893,Subsystem C,Sensor K,5.154
1894,Subsystem A,Sensor A,4.896
1895,Subsystem A,Sensor C,7.387
1896,Subsystem A,Sensor D,1.912
1897,Subsystem A,Sensor A,7.577
1898,Subsystem D,Sensor O,-2.544
1899,Subsystem B,Sensor H,5.558
1900,Subsystem A,Sensor B,1.257
1901,Subsystem C,Sensor I,8.123
1902,Subsystem D,Sensor O,-2.367
1903,Subsystem B,Sensor G,13.342
1904,Subsystem A,Sensor C,4.416
1905,Subsystem D,Sensor M,-2.825
1906,Subsystem C,Sensor J,1.618
1907,Subsystem B,Sensor F,11.589
1908,Subsystem A,Sensor B,1.424
1909,Subsystem C,Sensor K,6.221
1910,Subsystem B,Sensor G,14.598
1911,Subsystem C,Sensor I,11.539
1912,Subsystem C,Sensor K,7.392
1913,Subsystem B,Sensor E,11.203
1914,Subsystem A,Sensor B,1.780
1915,Subsystem C,Sensor J,1.397
1916,Subsystem B,Sensor G,13.461
1917,Subsystem A,Sensor C,5.421
1918,Subsystem B,Sensor G,13.458
1919,Subsystem D,Sensor O,-0.774
1920,Subsystem B,Sensor E,9.060
1921,Subsystem C,Sensor L,7.393
1922,Subsystem A,Sensor C,6.345
1923,Subsystem C,Sensor J,2.238
1924,Subsystem B,Sensor E,11.769
1925,Subsystem B,Sensor E,9.953
1926,Subsystem C,Sensor I,7.389
1927,Subsystem C,Sensor L,7.875
1928,Subsystem A,Sensor A,5.622
1929,Subsystem D,Sensor M,-1.994
1930,Subsystem C,Sensor J,1.574
1931,Subsystem D,Sensor O,-1.330
1932,Subsystem B,Sensor G,14.930
1933,Subsystem C,Sensor I,7.769
1934,Subsystem A,Sensor C,3.887
1935,Subsystem A,Sensor A,6.308
1936,Subsystem C,Sensor I,7.986
1937,Subsystem A,Sensor D,2.170
1938,Subsystem A,Sensor D,1.994
1939,Subsystem A,Sensor D,1.894
1940,Subsystem A,Sensor B,2.114
1941,Subsystem A,Sensor A,9.218
1942,Subsystem A,Sensor B,1.024
1943,Subsystem A,Sensor B,1.082
1944,Subsystem A,Sensor D,2.933
1945,Subsystem D,Sensor M,-2.447
1946,Subsystem D,Sensor P,-1.854
1947,Subsystem C,Sensor I,8.249
1948,Subsystem B,Sensor F,14.147
1949,Subsystem C,Sensor I,12.177
1950,Subsystem C,Sensor J,1.384
1951,Subsystem C,Sensor L,8.972
1952,Subsystem C,Sensor K,4.754
1953,Subsystem D,Sensor P,0.000
1954,Subsystem C,Sensor I,8.223
1955,Subsystem C,Sensor J,1.795
1956,Subsystem C,Sensor J,2.053
1957,Subsystem A,Sensor A,8.871
1958,Subsystem D,Sensor M,-1.720
1959,Subsystem C,Sensor L,10.011
1960,Subsystem B,Sensor G,13.308
1961,Subsystem D,Sensor N,-1.949
1962,Subsystem B,Sensor F,12.651
1963,Subsystem D,Sensor O,-2.780
1964,Subsystem D,Sensor P,-0.092
1965,Subsystem B,Sensor E,9.236
1966,Subsystem C,Sensor I,7.623
1967,Subsystem D,Sensor O,-2.541
1968,Subsystem D,Sensor N,-1.912
1969,Subsystem C,Sensor J,1.170
1970,Subsystem D,Sensor O,-1.923
1971,Subsystem D,Sensor N,-2.020
1972,Subsystem A,Sensor A,9.393
1973,Subsystem B,Sensor E,12.331
1974,Subsystem A,Sensor D,2.789
1975,Subsystem D,Sensor P,-1.066
1976,Subsystem B,Sensor G,13.782
1977,Subsystem D,Sensor P,-0.093
1978,Subsystem D,Sensor P,0.000
1979,Subsystem D,Sensor O,-2.195
1980,Subsystem C,Sensor J,1.943
1981,Subsystem A,Sensor D,2.812
1982,Subsystem B,Sensor H,2.836
1983,Subsystem B,Sensor E,10.968
1984,Subsystem A,Sensor C,7.339
1985,Subsystem D,Sensor M,-2.975
1986,Subsystem D,Sensor P,-0.215
1987,Subsystem A,Sensor B,1.119
1988,Subsystem A,Sensor C,6.811
1989,Subsystem B,Sensor F,10.962
1990,Subsystem C,Sensor I,7.481
1991,Subsystem A,Sensor D,1.594
1992,Subsystem D,Sensor O,-2.431
1993,Subsystem B,Sensor H,5.032
1994,Subsystem B,Sensor H,5.591
1995,Subsystem A,Sensor A,8.765
1996,Subsystem B,Sensor E,12.000
1997,Subsystem D,Sensor M,-2.798
1998,Subsystem A,Sensor B,1.185
1999,Subsystem A,Sensor A,6.571
2000,Subsystem D,Sensor M,-2.895
2001,Subsystem C,Sensor I,9.734
2002,Subsystem B,Sensor E,12.546
2003,Subsystem C,Sensor J,2.047
2004,Subsystem C,Sensor I,11.621
2005,Subsystem C,Sensor L,10.048
2006,Subsystem B,Sensor H,5.846
2007,Subsystem B,Sensor F,14.778
2008,Subsystem D,Sensor P,-1.505
2009,Subsystem D,Sensor M,-2.658
2010,Subsystem C,Sensor L,7.932
2011,Subsystem D,Sensor P,-1.167
2012,Subsystem D,Sensor O,-2.117
2013,Subsystem D,Sensor M,-2.732
2014,Subsystem D,Sensor M,-1.997
2015,Subsystem D,Sensor P,-1.700
2016,Subsystem D,Sensor N,-2.069
2017,Subsystem D,Sensor N,-2.261
2018,Subsystem C,Sensor J,1.672
2019,Subsystem C,Sensor I,8.385
2020,Subsystem A,Sensor B,1.153
2021,Subsystem C,Sensor K,7.662
2022,Subsystem B,Sensor H,7.324
2023,Subsystem D,Sensor N,-0.980
2024,Subsystem A,Sensor B,1.904
2025,Subsystem D,Sensor M,-1.578
2026,Subsystem D,Sensor N,-2.828
2027,Subsystem C,Sensor K,8.287
2028,Subsystem D,Sensor O,-0.936
2029,Subsystem A,Sensor D,1.192
2030,Subsystem B,Sensor E,12.685
2031,Subsystem A,Sensor D,2.007
2032,Subsystem D,Sensor O,-1.480
2033,Subsystem B,Sensor H,2.865
2034,Subsystem D,Sensor P,-1.858
2035,Subsystem C,Sensor I,7.613
2036,Subsystem B,Sensor H,2.288
2037,Subsystem C,Sensor L,8.060
2038,Subsystem B,Sensor F,13.733
2039,Subsystem D,Sensor P,-1.604
2040,Subsystem D,Sensor P,-1.344
2041,Subsystem B,Sensor G,12.880
2042,Subsystem C,Sensor I,7.224
2043,Subsystem C,Sensor L,8.973
2044,Subsystem C,Sensor I,9.433
2045,Subsystem B,Sensor F,11.836
2046,Subsystem D,Sensor N,-2.053
2047,Subsystem D,Sensor P,-0.479
2048,Subsystem B,Sensor G,13.852
2049,Subsystem B,Sensor E,9.266
2050,Subsystem D,Sensor O,-1.527
2051,Subsystem D,Sensor O,-2.791
2052,Subsystem C,Sensor I,7.875
2053,Subsystem C,Sensor I,10.078
2054,Subsystem B,Sensor H,4.687
2055,Subsystem D,Sensor P,-1.325
2056,Subsystem D,Sensor N,-1.158
2057,Subsystem B,Sensor F,11.226
2058,Subsystem B,Sensor H,3.994
2059,Subsystem D,Sensor O,-2.142
2060,Subsystem C,Sensor L,9.061
2061,Subsystem C,Sensor K,5.806
2062,Subsystem C,Sensor I,11.178
2063,Subsystem B,Sensor F,13.533
2064,Subsystem C,Sensor J,1.448
2065,Subsystem D,Sensor M,-2.486
2066,Subsystem A,Sensor A,9.901
2067,Subsystem C,Sensor L,7.849
2068,Subsystem D,Sensor O,-2.862
2069,Subsystem C,Sensor J,1.699
2070,Subsystem A,Sensor A,8.526
2071,Subsystem A,Sensor A,8.258
2072,Subsystem B,Sensor F,10.420
2073,Subsystem D,Sensor P,-1.572
2074,Subsystem A,Sensor A,7.538
2075,Subsystem D,Sensor M,-1.987
2076,Subsystem D,Sensor P,-1.600
2077,Subsystem B,Sensor H,6.505
2078,Subsystem A,Sensor D,2.891
2079,Subsystem A,Sensor D,2.857
2080,Subsystem D,Sensor M,-1.859
2081,Subsystem C,Sensor K,4.421
2082,Subsystem A,Sensor C,3.848
2083,Subsystem D,Sensor M,-2.313
2084,Subsystem C,Sensor L,9.889
2085,Subsystem A,Sensor B,1.871
2086,Subsystem A,Sensor B,1.000
2087,Subsystem B,Sensor H,6.200
2088,Subsystem C,Sensor I,7.352
2089,Subsystem A,Sensor B,2.212
2090,Subsystem A,Sensor B,1.281
2091,Subsystem C,Sensor J,2.226
2092,Subsystem B,Sensor F,14.755
2093,Subsystem D,Sensor N,-1.596
2094,Subsystem A,Sensor D,1.186
2095,Subsystem C,Sensor L,8.943
2096,Subsystem D,Sensor N,-0.194
2097,Subsystem B,Sensor H,2.883
2098,Subsystem A,Sensor B,1.173
2099,Subsystem A,Sensor A,9.072
2100,Subsystem A,Sensor A,4.922
2101,Subsystem D,Sensor O,-1.309
2102,Subsystem B,Sensor E,9.312
2103,Subsystem C,Sensor L,9.743
2104,Subsystem D,Sensor M,-2.991
2105,Subsystem C,Sensor J,2.222
2106,Subsystem B,Sensor E,12.680
2107,Subsystem B,Sensor H,3.741
2108,Subsystem A,Sensor D,1.806
2109,Subsystem B,Sensor G,14.468
2110,Subsystem B,Sensor E,11.163
2111,Subsystem A,Sensor A,7.303
2112,Subsystem B,Sensor G,13.877
2113,Subsystem B,Sensor G,14.141
2114,Subsystem D,Sensor N,-1.028
2115,Subsystem B,Sensor G,13.656
2116,Subsystem D,Sensor M,-2.949
2117,Subsystem B,Sensor G,14.106
2118,Subsystem A,Sensor B,1.195
2119,Subsystem D,Sensor P,-1.238
2120,Subsystem C,Sensor J,1.910
2121,Subsystem B,Sensor F,11.422
2122,Subsystem B,Sensor F,11.158
2123,Subsystem B,Sensor E,12.603
2124,Subsystem D,Sensor M,-1.953
2125,Subsystem C,Sensor K,7.685
2126,Subsystem B,Sensor E,9.909
2127,Subsystem B,Sensor H,4.200
2128,Subsystem D,Sensor M,-2.272
2129,Subsystem D,Sensor P,-0.732
2130,Subsystem A,Sensor C,5.582
2131,Subsystem D,Sensor O,-0.543
2132,Subsystem B,Sensor F,12.053
2133,Subsystem C,Sensor J,1.399
2134,Subsystem D,Sensor M,-1.942
2135,Subsystem A,Sensor D,2.888
2136,Subsystem D,Sensor O,-2.131
2137,Subsystem A,Sensor D,1.314
2138,Subsystem D,Sensor O,-2.115
2139,Subsystem D,Sensor P,-0.905
2140,Subsystem B,Sensor H,4.360
2141,Subsystem B,Sensor F,11.270
2142,Subsystem B,Sensor G,13.993
2143,Subsystem A,Sensor A,9.521
2144,Subsystem A,Sensor A,8.943
2145,Subsystem C,Sensor L,10.285
2146,Subsystem C,Sensor J,1.104
2147,Subsystem C,Sensor I,8.020
2148,Subsystem A,Sensor A,9.000
2149,Subsystem A,Sensor D,3.662
2150,Subsystem A,Sensor B,1.000
2151,Subsystem A,Sensor D,1.712
2152,Subsystem D,Sensor O,-2.372
2153,Subsystem A,Sensor A,8.843
2154,Subsystem C,Sensor I,7.953
2155,Subsystem B,Sensor E,10.521
2156,Subsystem C,Sensor L,8.654
2157,Subsystem A,Sensor D,2.985
2158,Subsystem C,Sensor I,9.655
2159,Subsystem D,Sensor M,-2.065
2160,Subsystem D,Sensor O,-1.986
2161,Subsystem D,Sensor M,-2.213
2162,Subsystem D,Sensor N,-1.601
2163,Subsystem B,Sensor G,14.166
2164,Subsystem B,Sensor G,14.906
2165,Subsystem D,Sensor P,-1.332
2166,Subsystem A,Sensor A,8.043
2167,Subsystem C,Sensor J,1.260
2168,Subsystem A,Sensor A,8.405
2169,Subsystem D,Sensor M,-2.921
2170,Subsystem C,Sensor L,8.502
2171,Subsystem B,Sensor E,12.056
2172,Subsystem C,Sensor L,8.759
2173,Subsystem D,Sensor O,-1.555
2174,Subsystem D,Sensor N,-2.059
2175,Subsystem B,Sensor H,6.899
2176,Subsystem B,Sensor G,11.865
2177,Subsystem C,Sensor J,2.314
2178,Subsystem C,Sensor L,8.107
2179,Subsystem B,Sensor E,10.219
2180,Subsystem C,Sensor K,7.949
2181,Subsystem C,Sensor J,1.401
2182,Subsystem C,Sensor K,5.920
2183,Subsystem D,Sensor P,-0.331
2184,Subsystem A,Sensor C,4.345
2185,Subsystem D,Sensor M,-2.646
2186,Subsystem A,Sensor A,7.131
2187,Subsystem B,Sensor H,3.906
2188,Subsystem A,Sensor C,5.395
2189,Subsystem C,Sensor J,1.024
2190,Subsystem B,Sensor E,9.815
2191,Subsystem C,Sensor J,1.843
2192,Subsystem A,Sensor B,1.165
2193,Subsystem D,Sensor P,-0.512
2194,Subsystem C,Sensor L,8.875
2195,Subsystem C,Sensor I,7.604
2196,Subsystem B,Sensor F,13.134
2197,Subsystem B,Sensor H,2.410
2198,Subsystem B,Sensor G,13.818
2199,Subsystem D,Sensor N,-1.133
2200,Subsystem C,Sensor J,1.315
2201,Subsystem A,Sensor C,3.868
2202,Subsystem C,Sensor K,5.596
2203,Subsystem A,Sensor D,2.956
2204,Subsystem D,Sensor P,-0.122
2205,Subsystem C,Sensor I,9.427
2206,Subsystem B,Sensor G,12.981
2207,Subsystem B,Sensor F,14.820
2208,Subsystem A,Sensor D,2.285
2209,Subsystem C,Sensor K,6.925
2210,Subsystem D,Sensor N,-1.258
2211,Subsystem C,Sensor L,9.100
2212,Subsystem D,Sensor N,-0.801
2213,Subsystem B,Sensor F,14.155
2214,Subsystem B,Sensor F,13.146
2215,Subsystem A,Sensor B,1.750
2216,Subsystem C,Sensor J,1.083
2217,Subsystem D,Sensor N,-1.344
2218,Subsystem B,Sensor F,11.584
2219,Subsystem C,Sensor L,7.841
2220,Subsystem B,Sensor E,10.767
2221,Subsystem B,Sensor E,10.923
2222,Subsystem A,Sensor A,6.746
2223,Subsystem C,Sensor J,1.744
2224,Subsystem C,Sensor K,8.371
2225,Subsystem D,Sensor O,-0.898
2226,Subsystem C,Sensor L,10.182
2227,Subsystem D,Sensor O,-2.299
2228,Subsystem A,Sensor C,5.666
2229,Subsystem A,Sensor C,3.973
2230,Subsystem C,Sensor L,8.948
2231,Subsystem D,Sensor P,-2.633
2232,Subsystem B,Sensor E,9.326
2233,Subsystem B,Sensor E,9.940
2234,Subsystem A,Sensor A,10.128
2235,Subsystem D,Sensor N,-1.703
2236,Subsystem B,Sensor G,12.723
2237,Subsystem B,Sensor G,13.995
2238,Subsystem C,Sensor J,1.274
2239,Subsystem A,Sensor A,7.576
2240,Subsystem B,Sensor H,5.850
2241,Subsystem C,Sensor I,12.086
2242,Subsystem C,Sensor J,2.149
2243,Subsystem D,Sensor M,-1.917
2244,Subsystem D,Sensor P,-1.041
2245,Subsystem C,Sensor L,8.710
2246,Subsystem A,Sensor B,1.358
2247,Subsystem D,Sensor O,-2.164
2248,Subsystem B,Sensor F,11.586
2249,Subsystem D,Sensor O,-2.551
2250,Subsystem C,Sensor J,2.489
2251,Subsystem B,Sensor F,11.976
2252,Subsystem B,Sensor E,9.943
2253,Subsystem A,Sensor C,6.970
2254,Subsystem A,Sensor D,2.377
2255,Subsystem C,Sensor I,8.106
2256,Subsystem A,Sensor A,6.032
2257,Subsystem D,Sensor M,-1.583
2258,Subsystem B,Sensor G,13.675
2259,Subsystem D,Sensor P,-0.127
2260,Subsystem A,Sensor D,1.994
2261,Subsystem C,Sensor L,9.534
2262,Subsystem A,Sensor A,7.484
2263,Subsystem C,Sensor K,5.726
2264,Subsystem A,Sensor C,5.444
2265,Subsystem A,Sensor B,1.237
2266,Subsystem D,Sensor O,-2.556
2267,Subsystem A,Sensor D,2.015
2268,Subsystem A,Sensor C,5.614
2269,Subsystem B,Sensor H,4.350
2270,Subsystem A,Sensor C,8.378
2271,Subsystem C,Sensor K,7.521
2272,Subsystem A,Sensor A,10.057
2273,Subsystem A,Sensor B,1.220
2274,Subsystem A,Sensor C,5.480
2275,Subsystem B,Sensor H,4.777
2276,Subsystem A,Sensor D,2.548
2277,Subsystem B,Sensor E,8.804
2278,Subsystem C,Sensor I,9.405
2279,Subsystem B,Sensor F,14.020
2280,Subsystem B,Sensor G,13.391
2281,Subsystem C,Sensor J,1.220
2282,Subsystem A,Sensor B,1.148
2283,Subsystem A,Sensor D,2.067
2284,Subsystem D,Sensor M,-2.170
2285,Subsystem A,Sensor A,7.636
2286,Subsystem A,Sensor B,1.414
2287,Subsystem C,Sensor K,7.840
2288,Subsystem B,Sensor E,9.748
2289,Subsystem A,Sensor B,1.273
2290,Subsystem A,Sensor B,1.745
2291,Subsystem D,Sensor P,-1.574
2292,Subsystem B,Sensor G,15.000
2293,Subsystem C,Sensor I,9.178
2294,Subsystem C,Sensor I,11.471
2295,Subsystem D,Sensor M,-2.549
2296,Subsystem D,Sensor O,-2.876
2297,Subsystem A,Sensor B,1.618
2298,Subsystem B,Sensor G,13.725
2299,Subsystem D,Sensor N,-2.823
2300,Subsystem D,Sensor P,-1.480
2301,Subsystem B,Sensor H,5.677
2302,Subsystem C,Sensor I,7.803
2303,Subsystem D,Sensor P,-0.208
2304,Subsystem C,Sensor K,5.720
2305,Subsystem D,Sensor N,-1.197
2306,Subsystem D,Sensor N,-1.320
2307,Subsystem B,Sensor F,13.986
2308,Subsystem C,Sensor I,8.376
2309,Subsystem C,Sensor I,12.012
2310,Subsystem A,Sensor B,1.333
2311,Subsystem B,Sensor F,13.301
2312,Subsystem C,Sensor I,8.131
2313,Subsystem C,Sensor K,3.485
2314,Subsystem C,Sensor I,8.080
2315,Subsystem C,Sensor L,8.314
2316,Subsystem D,Sensor P,-1.744
2317,Subsystem C,Sensor I,9.803
2318,Subsystem D,Sensor P,-2.638
2319,Subsystem B,Sensor G,14.175
2320,Subsystem D,Sensor O,-2.458
2321,Subsystem B,Sensor F,10.880
2322,Subsystem C,Sensor L,10.342
2323,Subsystem C,Sensor K,3.568
2324,Subsystem B,Sensor G,12.779
2325,Subsystem D,Sensor N,0.000
2326,Subsystem D,Sensor M,-1.862
2327,Subsystem D,Sensor M,-1.928
2328,Subsystem B,Sensor H,6.812
2329,Subsystem C,Sensor L,10.386
2330,Subsystem C,Sensor L,9.038
2331,Subsystem D,Sensor M,-2.803
2332,Subsystem D,Sensor M,-2.046
2333,Subsystem B,Sensor G,13.646
2334,Subsystem C,Sensor L,8.339
2335,Subsystem A,Sensor D,3.916
2336,Subsystem B,Sensor H,4.006
2337,Subsystem B,Sensor H,2.733
2338,Subsystem A,Sensor B,1.400
2339,Subsystem A,Sensor A,4.823
2340,Subsystem A,Sensor A,4.750
2341,Subsystem B,Sensor F,14.251
2342,Subsystem A,Sensor B,1.308
2343,Subsystem D,Sensor M,-1.564
2344,Subsystem A,Sensor B,1.175
2345,Subsystem D,Sensor M,-2.392
2346,Subsystem B,Sensor G,13.832
2347,Subsystem C,Sensor K,7.877
2348,Subsystem B,Sensor H,6.112
2349,Subsystem B,Sensor H,3.182
2350,Subsystem D,Sensor O,-1.495
2351,Subsystem C,Sensor L,9.813
2352,Subsystem D,Sensor M,-2.043
2353,Subsystem B,Sensor H,6.398
2354,Subsystem B,Sensor H,3.924
2355,Subsystem C,Sensor I,8.719
2356,Subsystem B,Sensor G,13.443
2357,Subsystem B,Sensor G,12.448
2358,Subsystem C,Sensor L,8.170
2359,Subsystem A,Sensor C,7.654
2360,Subsystem D,Sensor M,-3.000
2361,Subsystem B,Sensor H,3.557
2362,Subsystem D,Sensor N,-1.664
2363,Subsystem C,Sensor L,9.013
2364,Subsystem A,Sensor C,5.434
2365,Subsystem A,Sensor B,2.183
2366,Subsystem B,Sensor G,12.371
2367,Subsystem C,Sensor K,7.782
2368,Subsystem B,Sensor G,14.028
2369,Subsystem C,Sensor L,7.712
2370,Subsystem C,Sensor J,1.608
2371,Subsystem A,Sensor A,7.450
2372,Subsystem D,Sensor M,-2.151
2373,Subsystem D,Sensor O,-0.815
2374,Subsystem B,Sensor G,14.232
2375,Subsystem A,Sensor C,3.865
2376,Subsystem A,Sensor A,7.722
2377,Subsystem D,Sensor N,-0.966
2378,Subsystem B,Sensor G,13.793
2379,Subsystem A,Sensor B,1.000
2380,Subsystem D,Sensor N,-2.444
2381,Subsystem C,Sensor I,8.215
2382,Subsystem C,Sensor J,1.335
2383,Subsystem C,Sensor J,2.616
2384,Subsystem D,Sensor P,-0.236
2385,Subsystem D,Sensor O,-2.125
2386,Subsystem C,Sensor K,8.366
2387,Subsystem B,Sensor G,15.000
2388,Subsystem A,Sensor C,6.020
2389,Subsystem A,Sensor C,3.704
2390,Subsystem A,Sensor D,2.021
2391,Subsystem A,Sensor C,6.919
2392,Subsystem A,Sensor C,6.251
2393,Subsystem B,Sensor F,10.575
2394,Subsystem B,Sensor G,15.000
2395,Subsystem A,Sensor C,8.500
2396,Subsystem A,Sensor C,8.072
2397,Subsystem D,Sensor N,-1.546
2398,Subsystem C,Sensor K,4.575
2399,Subsystem B,Sensor E,9.966
2400,Subsystem C,Sensor I,8.097
2401,Subsystem D,Sensor N,-2.674
2402,Subsystem D,Sensor O,-1.609
2403,Subsystem D,Sensor M,-2.105
2404,Subsystem A,Sensor D,1.148
2405,Subsystem A,Sensor A,9.147
2406,Subsystem C,Sensor J,1.808
2407,Subsystem D,Sensor N,-1.349
2408,Subsystem B,Sensor H,2.908
2409,Subsystem A,Sensor A,8.166
2410,Subsystem D,Sensor P,-1.138
2411,Subsystem C,Sensor L,7.852
2412,Subsystem A,Sensor C,7.027
2413,Subsystem D,Sensor N,-2.069
2414,Subsystem B,Sensor H,3.766
2415,Subsystem A,Sensor B,1.243
2416,Subsystem D,Sensor M,-2.965
2417,Subsystem C,Sensor J,2.284
2418,Subsystem D,Sensor N,-1.121
2419,Subsystem C,Sensor J,1.609
2420,Subsystem A,Sensor B,1.208
2421,Subsystem B,Sensor F,14.060
2422,Subsystem A,Sensor D,2.262
2423,Subsystem C,Sensor K,7.637
2424,Subsystem A,Sensor B,1.649
2425,Subsystem D,Sensor M,-1.917
2426,Subsystem C,Sensor K,4.426
2427,Subsystem A,Sensor A,8.453
2428,Subsystem B,Sensor H,6.185
2429,Subsystem A,Sensor C,5.490
2430,Subsystem D,Sensor O,-1.382
2431,Subsystem C,Sensor K,7.873
2432,Subsystem B,Sensor E,9.120
2433,Subsystem D,Sensor O,-2.370
2434,Subsystem C,Sensor J,1.782
2435,Subsystem A,Sensor C,8.283
2436,Subsystem B,Sensor E,11.310
2437,Subsystem C,Sensor L,8.578
2438,Subsystem A,Sensor D,3.425
2439,Subsystem A,Sensor C,5.386
2440,Subsystem D,Sensor P,-1.332
2441,Subsystem A,Sensor A,9.087
2442,Subsystem C,Sensor K,6.381
2443,Subsystem A,Sensor D,1.702
2444,Subsystem C,Sensor I,7.658
2445,Subsystem D,Sensor M,-2.144
2446,Subsystem A,Sensor A,8.815
2447,Subsystem D,Sensor P,-1.741
2448,Subsystem D,Sensor N,-1.257
2449,Subsystem C,Sensor K,4.807
2450,Subsystem C,Sensor L,9.725
2451,Subsystem A,Sensor D,2.847
2452,Subsystem B,Sensor H,7.249
2453,Subsystem A,Sensor C,4.955
2454,Subsystem A,Sensor C,6.920
2455,Subsystem B,Sensor E,12.526
2456,Subsystem A,Sensor D,1.605
2457,Subsystem B,Sensor F,10.712
2458,Subsystem B,Sensor F,14.007
2459,Subsystem D,Sensor M,-3.000
2460,Subsystem B,Sensor E,11.993
2461,Subsystem D,Sensor O,-2.683
2462,Subsystem C,Sensor L,10.022
2463,Subsystem C,Sensor J,1.040
2464,Subsystem D,Sensor M,-2.735
2465,Subsystem C,Sensor I,8.029
2466,Subsystem A,Sensor B,1.097
2467,Subsystem A,Sensor B,1.542
2468,Subsystem C,Sensor K,5.454
2469,Subsystem C,Sensor I,7.537
2470,Subsystem A,Sensor C,8.407
2471,Subsystem D,Sensor M,-1.817
2472,Subsystem B,Sensor G,15.000
2473,Subsystem B,Sensor G,13.872
2474,Subsystem A,Sensor B,1.172
2475,Subsystem A,Sensor C,7.481
2476,Subsystem C,Sensor I,8.407
2477,Subsystem A,Sensor A,8.860
2478,Subsystem B,Sensor H,3.693
2479,Subsystem C,Sensor L,9.859
2480,Subsystem C,Sensor L,9.730
2481,Subsystem C,Sensor J,1.079
2482,Subsystem B,Sensor H,5.732
2483,Subsystem B,Sensor G,13.883
2484,Subsystem B,Sensor G,14.525
2485,Subsystem B,Sensor G,13.591
2486,Subsystem C,Sensor I,12.254
2487,Subsystem B,Sensor H,6.468
2488,Subsystem C,Sensor K,7.419
2489,Subsystem B,Sensor E,11.336
2490,Subsystem B,Sensor H,7.305
2491,Subsystem C,Sensor L,8.635
2492,Subsystem A,Sensor B,1.731
2493,Subsystem C,Sensor J,1.760
2494,Subsystem A,Sensor B,1.000
2495,Subsystem C,Sensor I,8.494
2496,Subsystem D,Sensor M,-2.381
2497,Subsystem D,Sensor M,-2.467
2498,Subsystem D,Sensor O,-0.536
2499,Subsystem A,Sensor C,5.370
2500,Subsystem A,Sensor C,3.630
2501,Subsystem C,Sensor J,1.240
2502,Subsystem B,Sensor H,2.992
2503,Subsystem C,Sensor J,1.309
2504,Subsystem D,Sensor O,-1.886
2505,Subsystem A,Sensor B,1.363
2506,Subsystem A,Sensor D,3.192
2507,Subsystem B,Sensor E,11.049
2508,Subsystem B,Sensor E,9.460
2509,Subsystem D,Sensor M,-2.763
2510,Subsystem A,Sensor B,1.240
2511,Subsystem A,Sensor B,1.101
2512,Subsystem D,Sensor P,-0.970
2513,Subsystem B,Sensor H,3.080
2514,Subsystem B,Sensor G,13.845
2515,Subsystem C,Sensor J,1.000
2516,Subsystem A,Sensor C,3.890
2517,Subsystem A,Sensor A,8.345
2518,Subsystem C,Sensor I,7.413
2519,Subsystem D,Sensor N,-2.110
2520,Subsystem C,Sensor J,1.669
2521,Subsystem B,Sensor E,12.218
2522,Subsystem C,Sensor I,8.135
2523,Subsystem B,Sensor G,14.843
2524,Subsystem C,Sensor L,10.691
2525,Subsystem D,Sensor P,-0.014
2526,Subsystem A,Sensor B,1.000
2527,Subsystem C,Sensor L,8.354
2528,Subsystem C,Sensor L,8.532
2529,Subsystem A,Sensor A,9.965
2530,Subsystem D,Sensor N,-1.812
2531,Subsystem A,Sensor A,7.350
2532,Subsystem B,Sensor E,8.936
2533,Subsystem A,Sensor A,7.122
2534,Subsystem D,Sensor N,-1.910
2535,Subsystem B,Sensor H,5.534
2536,Subsystem C,Sensor I,9.897
2537,Subsystem D,Sensor O,-2.537
2538,Subsystem C,Sensor I,11.216
2539,Subsystem D,Sensor N,-2.257
2540,Subsystem B,Sensor F,12.879
2541,Subsystem B,Sensor E,9.362
2542,Subsystem B,Sensor H,3.909
2543,Subsystem D,Sensor O,-2.305
2544,Subsystem A,Sensor C,4.221
2545,Subsystem A,Sensor C,6.858
2546,Subsystem C,Sensor K,7.972
2547,Subsystem A,Sensor C,3.550
2548,Subsystem D,Sensor O,-2.291
2549,Subsystem D,Sensor P,-1.499
2550,Subsystem D,Sensor P,-2.050
2551,Subsystem A,Sensor C,5.951
2552,Subsystem B,Sensor F,11.874
2553,Subsystem D,Sensor P,-0.267
2554,Subsystem C,Sensor J,2.047
2555,Subsystem B,Sensor H,7.294
2556,Subsystem C,Sensor J,1.184
2557,Subsystem C,Sensor I,9.438
2558,Subsystem A,Sensor D,2.893
2559,Subsystem D,Sensor M,-2.201
2560,Subsystem D,Sensor N,-2.270
2561,Subsystem C,Sensor J,1.239
2562,Subsystem D,Sensor N,-0.969
2563,Subsystem A,Sensor A,7.353
2564,Subsystem C,Sensor J,1.150
2565,Subsystem A,Sensor D,3.195
2566,Subsystem C,Sensor L,8.362
2567,Subsystem A,Sensor C,7.328
2568,Subsystem B,Sensor H,6.495
2569,Subsystem A,Sensor D,2.584
2570,Subsystem D,Sensor M,-2.787
2571,Subsystem D,Sensor M,-2.324
2572,Subsystem A,Sensor D,3.239
2573,Subsystem D,Sensor N,-2.082
2574,Subsystem A,Sensor B,2.553
2575,Subsystem A,Sensor A,6.476
2576,Subsystem B,Sensor G,12.277
2577,Subsystem C,Sensor J,1.801
2578,Subsystem C,Sensor K,7.339
2579,Subsystem C,Sensor L,8.286
2580,Subsystem D,Sensor P,-1.297
2581,Subsystem C,Sensor K,5.857
2582,Subsystem C,Sensor L,8.254
2583,Subsystem C,Sensor L,8.598
2584,Subsystem C,Sensor K,6.233
2585,Subsystem A,Sensor A,7.886
2586,Subsystem C,Sensor K,5.104
2587,Subsystem C,Sensor J,1.490
2588,Subsystem C,Sensor I,7.681
2589,Subsystem A,Sensor B,1.040
2590,Subsystem C,Sensor I,7.835
2591,Subsystem C,Sensor I,9.476
2592,Subsystem D,Sensor P,-1.109
2593,Subsystem B,Sensor E,11.198
2594,Subsystem A,Sensor D,3.383
2595,Subsystem C,Sensor I,9.394
2596,Subsystem C,Sensor J,1.278
2597,Subsystem C,Sensor I,9.707
2598,Subsystem C,Sensor I,12.088
2599,Subsystem B,Sensor G,14.940
2600,Subsystem B,Sensor F,10.822
2601,Subsystem A,Sensor B,1.314
2602,Subsystem C,Sensor K,3.769
2603,Subsystem D,Sensor O,-2.354
2604,Subsystem B,Sensor H,2.965
2605,Subsystem C,Sensor K,7.262
2606,Subsystem A,Sensor D,2.041
2607,Subsystem B,Sensor F,10.584
2608,Subsystem B,Sensor E,12.558
2609,Subsystem A,Sensor A,7.514
2610,Subsystem A,Sensor C,6.961
2611,Subsystem C,Sensor J,1.164
2612,Subsystem C,Sensor K,7.457
2613,Subsystem D,Sensor M,-1.858
2614,Subsystem D,Sensor P,-1.358
2615,Subsystem D,Sensor O,-0.842
2616,Subsystem D,Sensor P,-1.187
2617,Subsystem A,Sensor D,2.869
2618,Subsystem C,Sensor K,5.659
2619,Subsystem B,Sensor G,12.790
2620,Subsystem B,Sensor F,10.867
2621,Subsystem B,Sensor H,5.150
2622,Subsystem A,Sensor B,1.000
2623,Subsystem A,Sensor B,2.574
2624,Subsystem C,Sensor L,10.294
2625,Subsystem C,Sensor K,7.788
2626,Subsystem B,Sensor F,14.666
2627,Subsystem A,Sensor B,1.104
2628,Subsystem D,Sensor N,-1.812
2629,Subsystem B,Sensor E,10.874
2630,Subsystem B,Sensor E,10.758
2631,Subsystem A,Sensor D,3.603
2632,Subsystem D,Sensor N,-1.712
2633,Subsystem D,Sensor M,-2.210
2634,Subsystem D,Sensor O,-0.877
2635,Subsystem A,Sensor B,1.790
2636,Subsystem C,Sensor L,9.394
2637,Subsystem A,Sensor A,7.052
2638,Subsystem B,Sensor E,10.563
2639,Subsystem D,Sensor N,-0.129
2640,Subsystem B,Sensor H,6.849
2641,Subsystem D,Sensor P,-0.674
2642,Subsystem C,Sensor J,1.878
2643,Subsystem D,Sensor P,-0.009
2644,Subsystem C,Sensor K,6.683
2645,Subsystem D,Sensor O,-1.568
2646,Subsystem B,Sensor F,10.977
2647,Subsystem B,Sensor E,11.819
2648,Subsystem C,Sensor K,7.927
2649,Subsystem B,Sensor E,10.060
2650,Subsystem A,Sensor B,1.049
2651,Subsystem A,Sensor C,5.662
2652,Subsystem D,Sensor P,-1.105
2653,Subsystem A,Sensor D,3.391
2654,Subsystem D,Sensor M,-2.094
2655,Subsystem B,Sensor F,14.562
2656,Subsystem D,Sensor P,-0.108
2657,Subsystem C,Sensor J,1.000
2658,Subsystem A,Sensor C,5.201
2659,Subsystem B,Sensor H,5.775
2660,Subsystem A,Sensor B,2.058
2661,Subsystem D,Sensor M,-2.059
2662,Subsystem D,Sensor O,-0.963
2663,Subsystem C,Sensor K,4.973
2664,Subsystem A,Sensor B,2.290
2665,Subsystem C,Sensor I,9.475
2666,Subsystem D,Sensor P,-1.346
2667,Subsystem B,Sensor G,12.156
2668,Subsystem B,Sensor H,5.491
2669,Subsystem A,Sensor C,3.221
2670,Subsystem B,Sensor H,6.926
2671,Subsystem C,Sensor I,9.550
2672,Subsystem A,Sensor B,1.621
2673,Subsystem A,Sensor D,2.550
2674,Subsystem B,Sensor H,5.979
2675,Subsystem C,Sensor I,8.823
2676,Subsystem A,Sensor B,1.101
2677,Subsystem C,Sensor J,1.096
2678,Subsystem C,Sensor I,8.247
2679,Subsystem B,Sensor F,11.144
2680,Subsystem C,Sensor K,7.341
2681,Subsystem A,Sensor A,6.349
2682,Subsystem C,Sensor J,2.491
2683,Subsystem D,Sensor M,-2.435
2684,Subsystem B,Sensor F,12.726
2685,Subsystem D,Sensor P,-0.202
2686,Subsystem D,Sensor M,-2.420
2687,Subsystem B,Sensor E,11.241
2688,Subsystem B,Sensor H,5.990
2689,Subsystem D,Sensor N,-0.384
2690,Subsystem C,Sensor L,8.923
2691,Subsystem A,Sensor A,9.924
2692,Subsystem B,Sensor G,14.904
2693,Subsystem B,Sensor E,10.853
2694,Subsystem A,Sensor A,9.845
2695,Subsystem C,Sensor K,5.249
2696,Subsystem C,Sensor L,8.133
2697,Subsystem B,Sensor G,14.110
2698,Subsystem B,Sensor E,12.104
2699,Subsystem D,Sensor P,-0.223
2700,Subsystem C,Sensor J,1.867
2701,Subsystem B,Sensor H,6.111
2702,Subsystem B,Sensor E,10.915
2703,Subsystem C,Sensor K,8.759
2704,Subsystem C,Sensor L,8.572
2705,Subsystem C,Sensor I,11.266
2706,Subsystem A,Sensor C,9.037
2707,Subsystem A,Sensor B,1.305
2708,Subsystem A,Sensor C,8.970
2709,Subsystem C,Sensor I,12.226
2710,Subsystem C,Sensor J,1.688
2711,Subsystem B,Sensor G,14.066
2712,Subsystem C,Sensor K,6.202
2713,Subsystem B,Sensor E,12.100
2714,Subsystem D,Sensor N,-1.846
2715,Subsystem A,Sensor D,1.614
2716,Subsystem A,Sensor D,2.406
2717,Subsystem B,Sensor F,12.696
2718,Subsystem D,Sensor M,-2.851
2719,Subsystem C,Sensor K,7.192
2720,Subsystem A,Sensor C,3.680
2721,Subsystem D,Sensor P,-1.826
2722,Subsystem A,Sensor B,2.127
2723,Subsystem D,Sensor P,-1.595
2724,Subsystem C,Sensor L,8.602
2725,Subsystem C,Sensor K,6.086
2726,Subsystem A,Sensor A,7.029
2727,Subsystem A,Sensor A,9.548
2728,Subsystem D,Sensor O,-0.784
2729,Subsystem B,Sensor H,6.497
2730,Subsystem D,Sensor M,-3.000
2731,Subsystem C,Sensor K,7.925
2732,Subsystem D,Sensor M,-2.459
2733,Subsystem B,Sensor H,3.179
2734,Subsystem A,Sensor C,7.027
2735,Subsystem A,Sensor C,8.160
2736,Subsystem B,Sensor G,15.000
2737,Subsystem D,Sensor P,-1.287
2738,Subsystem D,Sensor P,-0.386
2739,Subsystem B,Sensor F,10.988
2740,Subsystem C,Sensor L,8.277
2741,Subsystem A,Sensor C,5.578
2742,Subsystem A,Sensor B,2.460
2743,Subsystem C,Sensor K,5.163
2744,Subsystem B,Sensor G,13.858
2745,Subsystem B,Sensor E,11.299
2746,Subsystem A,Sensor D,2.805
2747,Subsystem A,Sensor C,6.887
2748,Subsystem D,Sensor M,-2.376
2749,Subsystem A,Sensor C,7.278
2750,Subsystem C,Sensor K,5.084
2751,Subsystem D,Sensor P,-0.629
2752,Subsystem B,Sensor F,13.084
2753,Subsystem D,Sensor P,0.000
2754,Subsystem A,Sensor A,7.319
2755,Subsystem D,Sensor M,-1.944
2756,Subsystem D,Sensor O,-1.742
2757,Subsystem B,Sensor H,5.797
2758,Subsystem B,Sensor H,2.980
2759,Subsystem C,Sensor J,1.348
2760,Subsystem B,Sensor E,11.437
2761,Subsystem B,Sensor G,13.475
2762,Subsystem C,Sensor J,1.655
2763,Subsystem C,Sensor L,9.711
2764,Subsystem A,Sensor C,6.003
2765,Subsystem C,Sensor J,2.336
2766,Subsystem C,Sensor K,5.359
2767,Subsystem C,Sensor I,8.090
2768,Subsystem A,Sensor A,7.324
2769,Subsystem B,Sensor G,13.708
2770,Subsystem D,Sensor N,-1.563
2771,Subsystem A,Sensor C,4.556
2772,Subsystem A,Sensor C,7.786
2773,Subsystem D,Sensor M,-2.770
2774,Subsystem A,Sensor B,2.329
2775,Subsystem A,Sensor B,1.239
2776,Subsystem A,Sensor D,3.040
2777,Subsystem B,Sensor F,14.732
2778,Subsystem A,Sensor A,9.056
2779,Subsystem D,Sensor M,-1.614
2780,Subsystem A,Sensor B,1.263
2781,Subsystem C,Sensor I,8.604
2782,Subsystem A,Sensor B,1.017
2783,Subsystem B,Sensor G,13.706
2784,Subsystem C,Sensor K,4.457
2785,Subsystem D,Sensor M,-2.006
2786,Subsystem A,Sensor B,1.333
2787,Subsystem C,Sensor L,9.857
2788,Subsystem C,Sensor K,6.537
2789,Subsystem B,Sensor G,12.242
2790,Subsystem A,Sensor B,1.368
2791,Subsystem A,Sensor C,5.918
2792,Subsystem D,Sensor P,-0.990
2793,Subsystem C,Sensor K,7.392
2794,Subsystem B,Sensor H,6.212
2795,Subsystem C,Sensor K,5.560
2796,Subsystem D,Sensor O,-1.432
2797,Subsystem B,Sensor H,3.296
2798,Subsystem B,Sensor F,14.826
2799,Subsystem C,Sensor I,7.609
2800,Subsystem D,Sensor M,-2.340
2801,Subsystem B,Sensor E,11.808
2802,Subsystem B,Sensor E,9.226
2803,Subsystem C,Sensor I,9.833
2804,Subsystem D,Sensor N,-0.930
2805,Subsystem B,Sensor H,3.900
2806,Subsystem D,Sensor O,-2.639
2807,Subsystem B,Sensor G,14.243
2808,Subsystem B,Sensor H,5.696
2809,Subsystem D,Sensor O,-1.739
2810,Subsystem D,Sensor O,-2.794
2811,Subsystem D,Sensor P,-2.273
2812,Subsystem C,Sensor I,7.418
2813,Subsystem D,Sensor N,-0.298
2814,Subsystem D,Sensor P,-0.177
2815,Subsystem A,Sensor B,1.121
2816,Subsystem D,Sensor O,-2.480
2817,Subsystem C,Sensor I,7.267
2818,Subsystem D,Sensor M,-1.960
2819,Subsystem C,Sensor L,9.396
2820,Subsystem A,Sensor A,8.915
2821,Subsystem C,Sensor I,8.831
2822,Subsystem D,Sensor M,-2.722
2823,Subsystem D,Sensor M,-2.250
2824,Subsystem B,Sensor F,15.000
2825,Subsystem B,Sensor F,11.064
2826,Subsystem A,Sensor B,1.789
2827,Subsystem A,Sensor C,6.065
2828,Subsystem C,Sensor I,9.571
2829,Subsystem D,Sensor N,-0.850
2830,Subsystem A,Sensor C,7.528
2831,Subsystem C,Sensor K,5.150
2832,Subsystem D,Sensor P,-0.399
2833,Subsystem D,Sensor M,-2.812
2834,Subsystem B,Sensor H,2.949
2835,Subsystem A,Sensor C,4.232
2836,Subsystem A,Sensor B,1.271
2837,Subsystem C,Sensor L,8.904
2838,Subsystem D,Sensor O,-2.191
2839,Subsystem B,Sensor E,10.319
2840,Subsystem C,Sensor K,4.552
2841,Subsystem D,Sensor O,-2.869
2842,Subsystem A,Sensor D,2.319
2843,Subsystem D,Sensor M,-2.393
2844,Subsystem B,Sensor F,13.746
2845,Subsystem D,Sensor N,-1.701
2846,Subsystem A,Sensor D,2.946
2847,Subsystem B,Sensor E,12.541
2848,Subsystem A,Sensor C,5.296
2849,Subsystem C,Sensor I,7.845
2850,Subsystem B,Sensor H,6.230
2851,Subsystem A,Sensor C,3.859
2852,Subsystem C,Sensor L,10.621
2853,Subsystem B,Sensor E,11.261
2854,Subsystem C,Sensor J,1.268
2855,Subsystem A,Sensor B,1.808
2856,Subsystem C,Sensor L,8.209
2857,Subsystem C,Sensor K,5.069
2858,Subsystem D,Sensor P,-2.096
2859,Subsystem D,Sensor M,-2.536
2860,Subsystem B,Sensor G,12.414
2861,Subsystem D,Sensor N,-1.642
2862,Subsystem B,Sensor G,14.930
2863,Subsystem C,Sensor I,9.841
2864,Subsystem C,Sensor J,2.209
2865,Subsystem D,Sensor M,-2.870
2866,Subsystem B,Sensor G,14.032
2867,Subsystem D,Sensor O,-1.476
2868,Subsystem C,Sensor J,2.006
2869,Subsystem A,Sensor B,1.730
2870,Subsystem D,Sensor P,-1.255
2871,Subsystem B,Sensor E,11.783
2872,Subsystem D,Sensor O,-1.741
2873,Subsystem B,Sensor H,5.341
2874,Subsystem A,Sensor D,2.950
2875,Subsystem A,Sensor D,1.272
2876,Subsystem A,Sensor A,9.178
2877,Subsystem C,Sensor L,8.841
2878,Subsystem B,Sensor E,10.291
2879,Subsystem D,Sensor O,-1.164
2880,Subsystem A,Sensor B,1.220
2881,Subsystem C,Sensor I,9.032
2882,Subsystem B,Sensor E,10.513
2883,Subsystem C,Sensor L,10.118
2884,Subsystem B,Sensor E,10.731
2885,Subsystem B,Sensor H,6.655
2886,Subsystem B,Sensor G,12.277
2887,Subsystem C,Sensor J,2.607
2888,Subsystem B,Sensor E,10.456
2889,Subsystem B,Sensor F,11.325
2890,Subsystem C,Sensor L,7.588
2891,Subsystem B,Sensor H,2.807
2892,Subsystem B,Sensor H,3.585
2893,Subsystem D,Sensor M,-1.794
2894,Subsystem C,Sensor J,1.168
2895,Subsystem C,Sensor I,9.630
2896,Subsystem B,Sensor F,14.530
2897,Subsystem A,Sensor B,1.088
2898,Subsystem C,Sensor K,6.976
2899,Subsystem A,Sensor D,1.819
2900,Subsystem A,Sensor B,1.243
2901,Subsystem A,Sensor C,6.029
2902,Subsystem B,Sensor E,8.896
2903,Subsystem A,Sensor B,1.401
2904,Subsystem B,Sensor H,4.407
2905,Subsystem C,Sensor L,8.903
2906,Subsystem B,Sensor H,5.815
2907,Subsystem D,Sensor P,-1.256
2908,Subsystem C,Sensor L,10.226
2909,Subsystem D,Sensor P,-0.922
2910,Subsystem B,Sensor F,13.693
2911,Subsystem B,Sensor E,9.538
2912,Subsystem B,Sensor E,11.424
2913,Subsystem C,Sensor I,8.405
2914,Subsystem D,Sensor O,-0.904
2915,Subsystem B,Sensor H,2.670
2916,Subsystem D,Sensor N,-2.491
2917,Subsystem B,Sensor H,3.480
2918,Subsystem D,Sensor N,-2.038
2919,Subsystem A,Sensor D,3.438
2920,Subsystem A,Sensor C,4.333
2921,Subsystem C,Sensor I,8.380
2922,Subsystem A,Sensor C,7.850
2923,Subsystem D,Sensor N,-1.481
2924,Subsystem B,Sensor E,10.129
2925,Subsystem A,Sensor D,3.498
2926,Subsystem A,Sensor A,10.127
2927,Subsystem B,Sensor F,13.584
2928,Subsystem A,Sensor B,1.221
2929,Subsystem C,Sensor I,10.794
2930,Subsystem B,Sensor H,3.491
2931,Subsystem C,Sensor I,11.661
2932,Subsystem A,Sensor A,8.990
2933,Subsystem C,Sensor I,11.204
2934,Subsystem C,Sensor L,9.198
2935,Subsystem B,Sensor G,13.294
2936,Subsystem C,Sensor J,2.629
2937,Subsystem C,Sensor K,7.744
2938,Subsystem D,Sensor P,0.000
2939,Subsystem D,Sensor N,-1.436
2940,Subsystem D,Sensor M,-2.992
2941,Subsystem C,Sensor J,1.388
2942,Subsystem D,Sensor P,-2.126
2943,Subsystem B,Sensor G,13.630
2944,Subsystem B,Sensor G,14.674
2945,Subsystem B,Sensor H,3.304
2946,Subsystem D,Sensor P,-0.755
2947,Subsystem A,Sensor C,6.075
2948,Subsystem A,Sensor B,1.699
2949,Subsystem A,Sensor D,1.814
2950,Subsystem D,Sensor O,-1.372
2951,Subsystem A,Sensor D,3.092
2952,Subsystem D,Sensor M,-2.905
2953,Subsystem C,Sensor K,7.286
2954,Subsystem D,Sensor N,-1.487
2955,Subsystem C,Sensor I,9.180
2956,Subsystem C,Sensor J,2.031
2957,Subsystem A,Sensor B,1.218
2958,Subsystem D,Sensor O,-1.197
2959,Subsystem B,Sensor F,11.369
2960,Subsystem A,Sensor A,9.391
2961,Subsystem D,Sensor M,-1.596
2962,Subsystem C,Sensor L,8.397
2963,Subsystem C,Sensor K,7.048
2964,Subsystem D,Sensor O,-2.764
2965,Subsystem B,Sensor G,13.473
2966,Subsystem D,Sensor M,-2.357
2967,Subsystem C,Sensor J,1.556
2968,Subsystem D,Sensor M,-1.771
2969,Subsystem C,Sensor L,10.282
2970,Subsystem D,Sensor O,-1.745
2971,Subsystem C,Sensor J,1.326
2972,Subsystem A,Sensor D,3.173
2973,Subsystem C,Sensor K,8.453
2974,Subsystem D,Sensor P,-1.672
2975,Subsystem D,Sensor N,-1.804
2976,Subsystem B,Sensor F,11.372
2977,Subsystem C,Sensor I,7.632
2978,Subsystem D,Sensor N,-2.663
2979,Subsystem D,Sensor O,-3.000
2980,Subsystem B,Sensor F,13.733
2981,Subsystem A,Sensor B,1.356
2982,Subsystem D,Sensor O,-2.001
2983,Subsystem A,Sensor A,6.181
2984,Subsystem A,Sensor A,8.685
2985,Subsystem D,Sensor M,-1.382
2986,Subsystem C,Sensor L,8.941
2987,Subsystem A,Sensor B,1.041
2988,Subsystem A,Sensor D,4.071
2989,Subsystem C,Sensor K,5.660
2990,Subsystem D,Sensor P,-0.513
2991,Subsystem B,Sensor G,12.314
2992,Subsystem C,Sensor J,1.197
2993,Subsystem A,Sensor B,1.000
2994,Subsystem C,Sensor I,8.953
2995,Subsystem A,Sensor A,7.361
2996,Subsystem C,Sensor L,10.121
2997,Subsystem A,Sensor B,1.994
2998,Subsystem A,Sensor D,3.306
2999,Subsystem A,Sensor B,2.640
3000,Subsystem B,Sensor F,11.029
3001,Subsystem C,Sensor J,1.623
3002,Subsystem D,Sensor P,0.000
3003,Subsystem C,Sensor L,9.454
3004,Subsystem C,Sensor L,8.453
3005,Subsystem C,Sensor L,8.133
3006,Subsystem C,Sensor K,7.838
3007,Subsystem D,Sensor P,-0.170
3008,Subsystem B,Sensor G,14.035
3009,Subsystem C,Sensor K,7.827
3010,Subsystem B,Sensor G,13.896
3011,Subsystem C,Sensor K,5.540
3012,Subsystem C,Sensor J,2.686
3013,Subsystem B,Sensor H,5.352
3014,Subsystem B,Sensor E,11.575
3015,Subsystem D,Sensor O,-0.878
3016,Subsystem A,Sensor D,1.615
3017,Subsystem D,Sensor M,-2.912
3018,Subsystem C,Sensor K,7.523
3019,Subsystem A,Sensor C,7.418
3020,Subsystem D,Sensor O,-2.353
3021,Subsystem B,Sensor F,14.582
3022,Subsystem C,Sensor J,1.000
3023,Subsystem A,Sensor A,7.534
3024,Subsystem C,Sensor I,9.784
3025,Subsystem B,Sensor E,12.182
3026,Subsystem B,Sensor E,10.242
3027,Subsystem D,Sensor N,-2.180
3028,Subsystem C,Sensor L,8.742
3029,Subsystem A,Sensor D,3.139
3030,Subsystem A,Sensor A,8.732
3031,Subsystem C,Sensor L,8.691
3032,Subsystem D,Sensor P,-1.125
3033,Subsystem B,Sensor E,9.500
3034,Subsystem A,Sensor C,7.801
3035,Subsystem B,Sensor F,11.338
3036,Subsystem B,Sensor F,14.135
3037,Subsystem C,Sensor J,1.271
3038,Subsystem B,Sensor E,9.995
3039,Subsystem D,Sensor P,-0.351
3040,Subsystem D,Sensor O,-1.678
3041,Subsystem A,Sensor B,1.192
3042,Subsystem B,Sensor H,7.111
3043,Subsystem C,Sensor L,10.628
3044,Subsystem B,Sensor F,11.235
3045,Subsystem A,Sensor B,1.189
3046,Subsystem D,Sensor P,-0.633
3047,Subsystem B,Sensor H,3.703
3048,Subsystem B,Sensor F,15.000
3049,Subsystem C,Sensor J,1.595
3050,Subsystem A,Sensor D,3.061
3051,Subsystem A,Sensor C,6.819
3052,Subsystem C,Sensor L,7.783
3053,Subsystem B,Sensor G,13.826
3054,Subsystem B,Sensor G,14.859
3055,Subsystem A,Sensor A,9.922
3056,Subsystem C,Sensor J,1.241
3057,Subsystem C,Sensor J,1.000
3058,Subsystem B,Sensor F,14.062
3059,Subsystem D,Sensor M,-2.784
3060,Subsystem A,Sensor C,5.592
3061,Subsystem A,Sensor D,2.079
3062,Subsystem B,Sensor H,6.227
3063,Subsystem A,Sensor D,3.901
3064,Subsystem D,Sensor M,-2.722
3065,Subsystem B,Sensor G,13.850
3066,Subsystem B,Sensor G,13.278
3067,Subsystem C,Sensor L,8.087
3068,Subsystem C,Sensor I,9.488
3069,Subsystem A,Sensor C,7.736
3070,Subsystem B,Sensor F,11.875
3071,Subsystem B,Sensor E,12.378
3072,Subsystem A,Sensor B,1.107
3073,Subsystem B,Sensor H,4.168
3074,Subsystem D,Sensor N,-2.045
3075,Subsystem C,Sensor L,10.172
3076,Subsystem B,Sensor E,11.253
3077,Subsystem A,Sensor C,3.999
3078,Subsystem C,Sensor J,1.534
3079,Subsystem A,Sensor B,1.103
3080,Subsystem A,Sensor B,1.999
3081,Subsystem D,Sensor P,0.000
3082,Subsystem A,Sensor C,7.944
3083,Subsystem B,Sensor H,3.101
3084,Subsystem B,Sensor F,14.995
3085,Subsystem C,Sensor J,1.324
3086,Subsystem A,Sensor D,1.905
3087,Subsystem B,Sensor G,14.040
3088,Subsystem C,Sensor K,4.293
3089,Subsystem C,Sensor J,1.922
3090,Subsystem C,Sensor I,8.166
3091,Subsystem A,Sensor D,1.709
3092,Subsystem B,Sensor H,3.432
3093,Subsystem A,Sensor B,1.209
3094,Subsystem C,Sensor K,5.523
3095,Subsystem A,Sensor C,3.936
3096,Subsystem C,Sensor K,5.623
3097,Subsystem D,Sensor N,-0.750
3098,Subsystem B,Sensor G,15.000
3099,Subsystem D,Sensor P,-0.192
3100,Subsystem C,Sensor L,7.920
3101,Subsystem C,Sensor K,6.892
3102,Subsystem D,Sensor P,-0.180
3103,Subsystem D,Sensor O,-0.888
3104,Subsystem C,Sensor J,1.000
3105,Subsystem B,Sensor F,11.226
3106,Subsystem C,Sensor I,9.213
3107,Subsystem A,Sensor A,9.127
3108,Subsystem A,Sensor A,8.898
3109,Subsystem B,Sensor F,13.865
3110,Subsystem C,Sensor L,10.389
3111,Subsystem B,Sensor G,14.674
3112,Subsystem D,Sensor M,-2.351
3113,Subsystem C,Sensor I,9.331
3114,Subsystem B,Sensor F,13.748
3115,Subsystem A,Sensor C,5.753
3116,Subsystem C,Sensor L,10.635
3117,Subsystem A,Sensor B,1.036
3118,Subsystem C,Sensor K,7.911
3119,Subsystem C,Sensor L,8.882
3120,Subsystem C,Sensor K,7.980
3121,Subsystem C,Sensor L,9.794
3122,Subsystem C,Sensor I,11.639
3123,Subsystem C,Sensor J,2.352
3124,Subsystem B,Sensor G,14.376
3125,Subsystem B,Sensor G,12.938
3126,Subsystem D,Sensor N,-1.269
3127,Subsystem D,Sensor P,-1.874
3128,Subsystem A,Sensor D,3.241
3129,Subsystem A,Sensor A,9.706
3130,Subsystem B,Sensor E,11.950
3131,Subsystem C,Sensor L,9.450
3132,Subsystem B,Sensor G,14.271
3133,Subsystem D,Sensor M,-2.649
3134,Subsystem C,Sensor I,11.894
3135,Subsystem D,Sensor M,-2.339
3136,Subsystem D,Sensor M,-2.825
3137,Subsystem D,Sensor O,-2.368
3138,Subsystem C,Sensor K,5.014
3139,Subsystem A,Sensor A,8.092
3140,Subsystem A,Sensor B,1.288
3141,Subsystem A,Sensor A,6.710
3142,Subsystem A,Sensor B,1.542
3143,Subsystem A,Sensor C,7.491
3144,Subsystem A,Sensor C,4.144
3145,Subsystem A,Sensor B,1.000
3146,Subsystem B,Sensor E,10.363
3147,Subsystem B,Sensor F,14.730
3148,Subsystem C,Sensor L,8.604
3149,Subsystem A,Sensor A,10.167
3150,Subsystem B,Sensor G,14.960
3151,Subsystem C,Sensor K,8.316
3152,Subsystem A,Sensor D,2.655
3153,Subsystem C,Sensor I,9.368
3154,Subsystem A,Sensor A,9.017
3155,Subsystem A,Sensor C,3.721
3156,Subsystem C,Sensor K,7.568
3157,Subsystem C,Sensor I,7.356
3158,Subsystem A,Sensor B,1.297
3159,Subsystem A,Sensor D,1.775
3160,Subsystem B,Sensor F,11.419
3161,Subsystem A,Sensor D,3.559
3162,Subsystem C,Sensor I,10.192
3163,Subsystem D,Sensor N,-1.804
3164,Subsystem D,Sensor P,0.000
3165,Subsystem C,Sensor I,7.595
3166,Subsystem A,Sensor B,1.000
3167,Subsystem D,Sensor O,-2.066
3168,Subsystem C,Sensor L,10.521
3169,Subsystem B,Sensor G,12.714
3170,Subsystem C,Sensor J,1.791
3171,Subsystem C,Sensor J,1.354
3172,Subsystem D,Sensor N,-1.079
3173,Subsystem C,Sensor J,1.176
3174,Subsystem A,Sensor C,7.215
3175,Subsystem D,Sensor P,-1.608
3176,Subsystem C,Sensor K,5.150
3177,Subsystem A,Sensor C,8.865
3178,Subsystem D,Sensor P,-0.457
3179,Subsystem C,Sensor L,8.573
3180,Subsystem C,Sensor I,11.577
3181,Subsystem C,Sensor L,8.142
3182,Subsystem C,Sensor I,11.583
3183,Subsystem A,Sensor D,1.960
3184,Subsystem A,Sensor D,2.833
3185,Subsystem D,Sensor P,-1.675
3186,Subsystem C,Sensor J,1.165
3187,Subsystem B,Sensor E,11.975
3188,Subsystem C,Sensor L,9.878
3189,Subsystem C,Sensor J,1.290
3190,Subsystem C,Sensor J,1.344
3191,Subsystem A,Sensor C,7.453
3192,Subsystem C,Sensor J,2.512
3193,Subsystem B,Sensor F,13.084
3194,Subsystem A,Sensor B,1.000
3195,Subsystem C,Sensor L,8.642
3196,Subsystem C,Sensor J,1.819
3197,Subsystem D,Sensor O,-2.439
3198,Subsystem B,Sensor F,14.989
3199,Subsystem A,Sensor A,6.712
3200,Subsystem C,Sensor J,2.070
3201,Subsystem D,Sensor O,-0.879
3202,Subsystem C,Sensor J,1.326
3203,Subsystem B,Sensor H,2.855
3204,Subsystem C,Sensor I,11.064
3205,Subsystem A,Sensor C,6.016
3206,Subsystem D,Sensor P,-0.199
3207,Subsystem C,Sensor J,2.515
3208,Subsystem D,Sensor O,-2.041
3209,Subsystem A,Sensor A,7.540
3210,Subsystem A,Sensor B,1.725
3211,Subsystem C,Sensor J,2.031
3212,Subsystem D,Sensor M,-2.560
3213,Subsystem D,Sensor P,-0.059
3214,Subsystem D,Sensor N,-0.680
3215,Subsystem A,Sensor D,2.036
3216,Subsystem C,Sensor J,1.909
3217,Subsystem B,Sensor G,13.925
3218,Subsystem B,Sensor G,14.229
3219,Subsystem D,Sensor M,-2.453
3220,Subsystem D,Sensor N,-0.609
3221,Subsystem D,Sensor O,-0.920
3222,Subsystem C,Sensor J,1.207
3223,Subsystem D,Sensor M,-2.766
3224,Subsystem D,Sensor O,-2.234
3225,Subsystem D,Sensor M,-2.832
3226,Subsystem D,Sensor N,-1.300
3227,Subsystem C,Sensor K,7.733
3228,Subsystem D,Sensor N,-1.890
3229,Subsystem D,Sensor N,-1.017
3230,Subsystem C,Sensor I,8.285
3231,Subsystem B,Sensor H,6.059
3232,Subsystem B,Sensor E,10.724
3233,Subsystem B,Sensor H,3.065
3234,Subsystem D,Sensor P,-0.266
3235,Subsystem A,Sensor A,8.810
3236,Subsystem C,Sensor I,11.537
3237,Subsystem B,Sensor G,13.740
3238,Subsystem A,Sensor B,1.887
3239,Subsystem A,Sensor C,3.713
3240,Subsystem A,Sensor A,8.581
3241,Subsystem B,Sensor E,12.050
3242,Subsystem A,Sensor C,7.768
3243,Subsystem A,Sensor D,2.019
3244,Subsystem D,Sensor O,-1.203
3245,Subsystem C,Sensor L,8.812
3246,Subsystem C,Sensor I,7.779
3247,Subsystem D,Sensor P,-2.308
3248,Subsystem C,Sensor K,6.104
3249,Subsystem A,Sensor C,6.866
3250,Subsystem A,Sensor D,3.266
3251,Subsystem B,Sensor H,4.160
3252,Subsystem D,Sensor O,-1.526
3253,Subsystem A,Sensor B,1.488
3254,Subsystem A,Sensor A,9.131
3255,Subsystem A,Sensor B,1.205
3256,Subsystem D,Sensor O,-2.194
3257,Subsystem B,Sensor F,14.842
3258,Subsystem A,Sensor A,8.476
3259,Subsystem D,Sensor O,-0.790
3260,Subsystem A,Sensor A,5.879
3261,Subsystem D,Sensor M,-2.360
3262,Subsystem A,Sensor D,2.280
3263,Subsystem A,Sensor D,1.711
3264,Subsystem B,Sensor F,10.849
3265,Subsystem A,Sensor C,7.043
3266,Subsystem B,Sensor E,9.104
3267,Subsystem C,Sensor J,2.104
3268,Subsystem A,Sensor B,1.101
3269,Subsystem A,Sensor B,1.314
3270,Subsystem A,Sensor D,1.551
3271,Subsystem C,Sensor J,1.919
3272,Subsystem B,Sensor F,14.945
3273,Subsystem D,Sensor M,-2.691
3274,Subsystem A,Sensor D,1.828
3275,Subsystem A,Sensor C,7.611
3276,Subsystem B,Sensor E,10.864
3277,Subsystem B,Sensor H,3.409
3278,Subsystem B,Sensor E,9.327
3279,Subsystem D,Sensor N,-1.148
3280,Subsystem D,Sensor N,-1.107
3281,Subsystem B,Sensor E,9.681
3282,Subsystem D,Sensor P,-0.278
3283,Subsystem C,Sensor J,2.124
3284,Subsystem C,Sensor I,9.093
3285,Subsystem B,Sensor E,11.128
3286,Subsystem A,Sensor C,4.067
3287,Subsystem D,Sensor M,-2.357
3288,Subsystem B,Sensor H,5.583
3289,Subsystem A,Sensor B,1.190
3290,Subsystem B,Sensor F,13.538
3291,Subsystem D,Sensor M,-2.144
3292,Subsystem D,Sensor O,-1.791
3293,Subsystem B,Sensor G,14.396
3294,Subsystem B,Sensor G,13.470
3295,Subsystem A,Sensor A,7.398
3296,Subsystem C,Sensor L,7.836
3297,Subsystem C,Sensor J,1.089
3298,Subsystem A,Sensor B,2.101
3299,Subsystem B,Sensor E,11.183
3300,Subsystem C,Sensor I,11.140
3301,Subsystem B,Sensor F,11.260
3302,Subsystem D,Sensor P,-1.124
3303,Subsystem B,Sensor F,14.835
3304,Subsystem B,Sensor E,10.799
3305,Subsystem C,Sensor L,8.257
3306,Subsystem D,Sensor O,-2.435
3307,Subsystem D,Sensor P,-0.922
3308,Subsystem B,Sensor G,12.540
3309,Subsystem D,Sensor M,-2.168
3310,Subsystem A,Sensor B,1.208
3311,Subsystem B,Sensor F,12.205
3312,Subsystem D,Sensor M,-2.602
3313,Subsystem D,Sensor M,-2.463
3314,Subsystem B,Sensor F,13.193
3315,Subsystem C,Sensor L,8.142
3316,Subsystem B,Sensor H,5.182
3317,Subsystem B,Sensor F,15.000
3318,Subsystem C,Sensor I,7.541
3319,Subsystem D,Sensor N,-0.224
3320,Subsystem A,Sensor B,1.041
3321,Subsystem D,Sensor P,-1.161
3322,Subsystem B,Sensor E,10.898
3323,Subsystem B,Sensor F,11.313
3324,Subsystem B,Sensor H,3.121
3325,Subsystem A,Sensor A,7.085
3326,Subsystem C,Sensor K,6.699
3327,Subsystem C,Sensor L,10.499
3328,Subsystem C,Sensor K,7.976
3329,Subsystem C,Sensor K,5.425
3330,Subsystem C,Sensor I,7.978
3331,Subsystem A,Sensor B,2.305
3332,Subsystem C,Sensor K,7.093
3333,Subsystem C,Sensor L,9.195
3334,Subsystem C,Sensor J,1.000
3335,Subsystem C,Sensor I,7.640
3336,Subsystem D,Sensor N,-0.865
3337,Subsystem B,Sensor E,9.705
3338,Subsystem D,Sensor P,-1.448
3339,Subsystem B,Sensor H,5.974
3340,Subsystem C,Sensor K,6.736
3341,Subsystem A,Sensor C,6.631
3342,Subsystem B,Sensor H,6.063
3343,Subsystem D,Sensor O,-2.076
3344,Subsystem D,Sensor M,-2.077
3345,Subsystem C,Sensor L,10.588
3346,Subsystem B,Sensor E,11.333
3347,Subsystem B,Sensor E,9.412
3348,Subsystem C,Sensor J,2.476
3349,Subsystem B,Sensor G,14.095
3350,Subsystem D,Sensor O,-2.299
3351,Subsystem C,Sensor I,8.059
3352,Subsystem A,Sensor C,4.332
3353,Subsystem B,Sensor E,9.040
3354,Subsystem B,Sensor F,11.101
3355,Subsystem A,Sensor B,2.420
3356,Subsystem B,Sensor G,14.105
3357,Subsystem C,Sensor I,9.703
3358,Subsystem B,Sensor E,13.129
3359,Subsystem C,Sensor L,7.527
3360,Subsystem C,Sensor K,7.409
3361,Subsystem D,Sensor M,-2.473
3362,Subsystem A,Sensor D,2.172
3363,Subsystem B,Sensor H,6.496
3364,Subsystem D,Sensor N,-1.031
3365,Subsystem D,Sensor M,-2.809
3366,Subsystem C,Sensor K,7.485
3367,Subsystem D,Sensor P,-1.946
3368,Subsystem A,Sensor B,1.589
3369,Subsystem C,Sensor K,6.284
3370,Subsystem A,Sensor B,1.380
3371,Subsystem C,Sensor J,1.098
3372,Subsystem C,Sensor I,7.904
3373,Subsystem C,Sensor K,4.961
3374,Subsystem B,Sensor F,14.734
3375,Subsystem B,Sensor E,10.153
3376,Subsystem D,Sensor M,-3.000
3377,Subsystem B,Sensor F,10.947
3378,Subsystem C,Sensor I,7.779
3379,Subsystem A,Sensor A,7.244
3380,Subsystem C,Sensor K,5.762
3381,Subsystem B,Sensor H,5.774
3382,Subsystem B,Sensor E,12.337
3383,Subsystem A,Sensor C,8.513
3384,Subsystem D,Sensor O,-1.632
3385,Subsystem C,Sensor J,1.997
3386,Subsystem D,Sensor N,-1.123
3387,Subsystem C,Sensor K,5.242
3388,Subsystem B,Sensor H,3.002
3389,Subsystem D,Sensor P,-1.304
3390,Subsystem A,Sensor C,6.637
3391,Subsystem B,Sensor E,9.135
3392,Subsystem D,Sensor P,-1.556
3393,Subsystem C,Sensor I,8.255
3394,Subsystem D,Sensor P,-0.013
3395,Subsystem C,Sensor J,1.656
3396,Subsystem C,Sensor I,7.892
3397,Subsystem D,Sensor M,-2.760
3398,Subsystem C,Sensor K,6.002
3399,Subsystem A,Sensor B,1.774
3400,Subsystem B,Sensor E,9.510
3401,Subsystem C,Sensor I,11.794
3402,Subsystem A,Sensor A,10.288
3403,Subsystem A,Sensor A,9.162
3404,Subsystem C,Sensor I,8.314
3405,Subsystem B,Sensor G,13.098
3406,Subsystem B,Sensor E,10.866
3407,Subsystem D,Sensor M,-2.911
3408,Subsystem C,Sensor J,2.232
3409,Subsystem C,Sensor I,7.656
3410,Subsystem A,Sensor A,7.658
3411,Subsystem B,Sensor F,14.049
3412,Subsystem A,Sensor D,3.574
3413,Subsystem D,Sensor O,-2.923
3414,Subsystem C,Sensor J,2.416
3415,Subsystem C,Sensor L,9.176
3416,Subsystem B,Sensor H,3.884
3417,Subsystem C,Sensor I,9.343
3418,Subsystem C,Sensor K,5.574
3419,Subsystem D,Sensor M,-2.595
3420,Subsystem D,Sensor P,-0.061
3421,Subsystem B,Sensor H,5.865
3422,Subsystem D,Sensor O,-2.603
3423,Subsystem D,Sensor N,-2.091
3424,Subsystem D,Sensor O,-2.710
3425,Subsystem B,Sensor E,9.178
3426,Subsystem A,Sensor C,5.527
3427,Subsystem D,Sensor P,-0.802
3428,Subsystem C,Sensor K,7.436
3429,Subsystem A,Sensor A,6.453
3430,Subsystem B,Sensor G,13.879
3431,Subsystem C,Sensor J,1.125
3432,Subsystem B,Sensor F,10.727
3433,Subsystem C,Sensor I,11.019
3434,Subsystem C,Sensor K,7.755
3435,Subsystem B,Sensor E,12.327
3436,Subsystem C,Sensor K,6.604
3437,Subsystem D,Sensor O,-0.870
3438,Subsystem A,Sensor C,8.318
3439,Subsystem C,Sensor K,4.525
3440,Subsystem D,Sensor O,-0.533
3441,Subsystem A,Sensor C,5.629
3442,Subsystem C,Sensor K,7.844
3443,Subsystem A,Sensor D,3.323
3444,Subsystem D,Sensor O,-0.515
3445,Subsystem C,Sensor K,8.747
3446,Subsystem C,Sensor L,10.244
3447,Subsystem A,Sensor D,3.280
3448,Subsystem D,Sensor O,-0.572
3449,Subsystem A,Sensor C,8.182
3450,Subsystem B,Sensor E,10.123
3451,Subsystem C,Sensor K,7.955
3452,Subsystem B,Sensor F,11.679
3453,Subsystem B,Sensor F,12.970
3454,Subsystem A,Sensor B,1.261
3455,Subsystem D,Sensor M,-2.141
3456,Subsystem C,Sensor L,10.154
3457,Subsystem D,Sensor N,0.000
3458,Subsystem B,Sensor F,10.960
3459,Subsystem A,Sensor B,1.347
3460,Subsystem D,Sensor O,-2.138
3461,Subsystem C,Sensor L,7.801
3462,Subsystem D,Sensor P,-0.535
3463,Subsystem C,Sensor K,3.557
3464,Subsystem C,Sensor I,8.163
3465,Subsystem C,Sensor J,1.361
3466,Subsystem C,Sensor K,8.101
3467,Subsystem C,Sensor K,6.420
3468,Subsystem B,Sensor H,6.975
3469,Subsystem A,Sensor B,1.670
3470,Subsystem D,Sensor N,-1.014
3471,Subsystem C,Sensor I,7.734
3472,Subsystem A,Sensor A,8.580
3473,Subsystem A,Sensor C,4.002
3474,Subsystem D,Sensor N,-2.289
3475,Subsystem A,Sensor C,4.607
3476,Subsystem C,Sensor L,9.939
3477,Subsystem B,Sensor H,5.233
3478,Subsystem D,Sensor M,-1.715
3479,Subsystem B,Sensor H,5.465
3480,Subsystem B,Sensor G,12.680
3481,Subsystem C,Sensor I,11.738
3482,Subsystem B,Sensor G,14.409
3483,Subsystem A,Sensor A,9.546
3484,Subsystem C,Sensor J,1.246
3485,Subsystem B,Sensor H,3.339
3486,Subsystem A,Sensor D,3.883
3487,Subsystem A,Sensor C,5.593
3488,Subsystem A,Sensor A,7.999
3489,Subsystem A,Sensor D,2.149
3490,Subsystem B,Sensor F,10.858
3491,Subsystem B,Sensor H,6.056
3492,Subsystem D,Sensor P,0.000
3493,Subsystem D,Sensor M,-2.081
3494,Subsystem B,Sensor E,9.411
3495,Subsystem A,Sensor A,8.985
3496,Subsystem A,Sensor C,6.105
3497,Subsystem D,Sensor N,-1.051
3498,Subsystem C,Sensor J,1.108
3499,Subsystem A,Sensor B,1.339
3500,Subsystem B,Sensor E,10.447
3501,Subsystem A,Sensor C,5.510
3502,Subsystem B,Sensor H,4.759
3503,Subsystem D,Sensor O,-2.399
3504,Subsystem A,Sensor C,8.680
3505,Subsystem D,Sensor P,-0.928
3506,Subsystem C,Sensor L,7.719
3507,Subsystem B,Sensor H,5.184
3508,Subsystem B,Sensor F,10.747
3509,Subsystem C,Sensor L,9.945
3510,Subsystem B,Sensor F,12.662
3511,Subsystem D,Sensor M,-2.337
3512,Subsystem B,Sensor E,12.543
3513,Subsystem B,Sensor G,14.270
3514,Subsystem D,Sensor P,-1.050
3515,Subsystem D,Sensor O,-1.806
3516,Subsystem A,Sensor D,4.189
3517,Subsystem A,Sensor C,8.236
3518,Subsystem A,Sensor B,1.197
3519,Subsystem A,Sensor C,8.143
3520,Subsystem C,Sensor K,5.664
3521,Subsystem C,Sensor K,3.999
3522,Subsystem A,Sensor A,8.476
3523,Subsystem D,Sensor O,-0.578
3524,Subsystem B,Sensor H,2.621
3525,Subsystem C,Sensor K,5.070
3526,Subsystem D,Sensor M,-1.685
3527,Subsystem B,Sensor H,4.128
3528,Subsystem C,Sensor I,7.809
3529,Subsystem C,Sensor L,8.488
3530,Subsystem C,Sensor J,1.197
3531,Subsystem A,Sensor C,4.692
3532,Subsystem A,Sensor B,1.954
3533,Subsystem A,Sensor B,1.155
3534,Subsystem C,Sensor J,1.265
3535,Subsystem A,Sensor C,7.840
3536,Subsystem D,Sensor N,-0.827
3537,Subsystem C,Sensor K,4.776
3538,Subsystem C,Sensor L,9.619
3539,Subsystem B,Sensor H,5.198
3540,Subsystem B,Sensor F,14.050
3541,Subsystem B,Sensor E,10.485
3542,Subsystem A,Sensor A,8.954
3543,Subsystem B,Sensor G,15.000
3544,Subsystem C,Sensor L,10.030
3545,Subsystem A,Sensor B,1.710
3546,Subsystem D,Sensor M,-1.957
3547,Subsystem C,Sensor I,11.333
3548,Subsystem C,Sensor K,7.678
3549,Subsystem C,Sensor L,9.517
3550,Subsystem A,Sensor D,1.598
3551,Subsystem D,Sensor P,-1.510
3552,Subsystem B,Sensor E,12.638
3553,Subsystem B,Sensor E,12.194
3554,Subsystem D,Sensor N,-1.994
3555,Subsystem A,Sensor A,7.897
3556,Subsystem C,Sensor K,7.671
3557,Subsystem B,Sensor F,13.718
3558,Subsystem A,Sensor D,2.129
3559,Subsystem B,Sensor F,12.792
3560,Subsystem C,Sensor I,8.215
3561,Subsystem A,Sensor A,7.913
3562,Subsystem D,Sensor P,-0.229
3563,Subsystem D,Sensor M,-2.127
3564,Subsystem B,Sensor G,14.644
3565,Subsystem C,Sensor K,6.352
3566,Subsystem B,Sensor F,14.053
3567,Subsystem C,Sensor J,1.315
3568,Subsystem A,Sensor C,4.725
3569,Subsystem A,Sensor A,7.293
3570,Subsystem A,Sensor B,1.163
3571,Subsystem C,Sensor J,1.000
3572,Subsystem A,Sensor D,2.534
3573,Subsystem A,Sensor D,1.697
3574,Subsystem A,Sensor C,5.676
3575,Subsystem B,Sensor F,13.159
3576,Subsystem B,Sensor G,14.389
3577,Subsystem B,Sensor E,9.720
3578,Subsystem C,Sensor K,7.101
3579,Subsystem D,Sensor N,-2.037
3580,Subsystem C,Sensor L,8.140
3581,Subsystem A,Sensor A,9.210
3582,Subsystem A,Sensor D,3.034
3583,Subsystem A,Sensor C,7.036
3584,Subsystem D,Sensor M,-2.246
3585,Subsystem C,Sensor I,9.892
3586,Subsystem A,Sensor B,2.299
3587,Subsystem C,Sensor I,7.575
3588,Subsystem B,Sensor G,15.000
3589,Subsystem A,Sensor A,7.180
3590,Subsystem C,Sensor I,8.210
3591,Subsystem B,Sensor F,11.879
3592,Subsystem C,Sensor I,11.174
3593,Subsystem B,Sensor G,14.630
3594,Subsystem C,Sensor K,8.180
3595,Subsystem D,Sensor N,-0.480
3596,Subsystem C,Sensor J,1.589
3597,Subsystem D,Sensor M,-2.044
3598,Subsystem C,Sensor I,9.127
3599,Subsystem C,Sensor L,10.446
3600,Subsystem D,Sensor P,-0.503
3601,Subsystem A,Sensor D,2.666
3602,Subsystem C,Sensor K,4.992
3603,Subsystem A,Sensor D,2.438
3604,Subsystem C,Sensor J,1.000
3605,Subsystem C,Sensor L,8.808
3606,Subsystem A,Sensor B,1.317
3607,Subsystem C,Sensor K,7.280
3608,Subsystem D,Sensor O,-1.624
3609,Subsystem C,Sensor J,1.084
3610,Subsystem C,Sensor J,1.897
3611,Subsystem C,Sensor J,1.186
3612,Subsystem D,Sensor P,0.000
3613,Subsystem D,Sensor M,-2.117
3614,Subsystem C,Sensor J,2.601
3615,Subsystem A,Sensor D,1.628
3616,Subsystem B,Sensor H,3.153
3617,Subsystem A,Sensor C,5.650
3618,Subsystem B,Sensor E,12.323
3619,Subsystem B,Sensor F,14.198
3620,Subsystem B,Sensor E,9.191
3621,Subsystem A,Sensor A,5.260
3622,Subsystem B,Sensor E,12.157
3623,Subsystem A,Sensor B,1.282
3624,Subsystem B,Sensor H,6.368
3625,Subsystem A,Sensor A,7.736
3626,Subsystem C,Sensor I,8.340
3627,Subsystem C,Sensor I,12.267
3628,Subsystem A,Sensor A,6.436
3629,Subsystem A,Sensor B,1.071
3630,Subsystem C,Sensor K,4.194
3631,Subsystem A,Sensor A,7.506
3632,Subsystem A,Sensor B,1.743
3633,Subsystem D,Sensor P,-0.151
3634,Subsystem A,Sensor C,6.722
3635,Subsystem A,Sensor C,7.900
3636,Subsystem C,Sensor L,8.839
3637,Subsystem D,Sensor O,-2.128
3638,Subsystem A,Sensor C,5.961
3639,Subsystem B,Sensor H,4.258
3640,Subsystem A,Sensor A,4.470
3641,Subsystem B,Sensor G,14.244
3642,Subsystem D,Sensor M,-2.101
3643,Subsystem D,Sensor O,-2.839
3644,Subsystem D,Sensor P,-1.331
3645,Subsystem C,Sensor K,6.031
3646,Subsystem C,Sensor K,5.541
3647,Subsystem A,Sensor B,1.252
3648,Subsystem B,Sensor G,13.682
3649,Subsystem D,Sensor O,-2.707
3650,Subsystem B,Sensor E,10.991
3651,Subsystem D,Sensor O,-1.472
3652,Subsystem C,Sensor I,7.814
3653,Subsystem C,Sensor L,9.788
3654,Subsystem C,Sensor I,11.943
3655,Subsystem A,Sensor D,1.984
3656,Subsystem D,Sensor M,-1.881
3657,Subsystem C,Sensor I,10.351
3658,Subsystem B,Sensor H,6.202
3659,Subsystem B,Sensor G,14.864
3660,Subsystem A,Sensor A,7.701
3661,Subsystem D,Sensor O,-3.000
3662,Subsystem C,Sensor L,10.356
3663,Subsystem B,Sensor E,9.778
3664,Subsystem D,Sensor M,-2.996
3665,Subsystem A,Sensor B,1.049
3666,Subsystem B,Sensor H,5.797
3667,Subsystem C,Sensor I,8.355
3668,Subsystem C,Sensor K,7.952
3669,Subsystem A,Sensor A,7.385
3670,Subsystem C,Sensor J,1.714
3671,Subsystem B,Sensor F,14.196
3672,Subsystem C,Sensor K,5.673
3673,Subsystem B,Sensor F,13.824
3674,Subsystem D,Sensor P,-1.677
3675,Subsystem A,Sensor A,8.597
3676,Subsystem A,Sensor A,7.045
3677,Subsystem C,Sensor L,7.520
3678,Subsystem B,Sensor G,14.393
3679,Subsystem B,Sensor F,13.575
3680,Subsystem B,Sensor H,5.945
3681,Subsystem A,Sensor D,1.908
3682,Subsystem A,Sensor D,3.344
3683,Subsystem C,Sensor J,1.844
3684,Subsystem A,Sensor C,5.563
3685,Subsystem C,Sensor I,11.263
3686,Subsystem A,Sensor B,1.093
3687,Subsystem A,Sensor C,3.993
3688,Subsystem D,Sensor O,-1.586
3689,Subsystem B,Sensor G,13.923
3690,Subsystem C,Sensor K,5.462
3691,Subsystem C,Sensor L,10.033
3692,Subsystem A,Sensor D,3.587
3693,Subsystem D,Sensor P,-1.460
3694,Subsystem A,Sensor D,3.534
3695,Subsystem C,Sensor I,8.740
3696,Subsystem B,Sensor H,2.800
3697,Subsystem B,Sensor E,11.289
3698,Subsystem A,Sensor D,3.534
3699,Subsystem D,Sensor O,-2.069
3700,Subsystem A,Sensor C,5.591
3701,Subsystem D,Sensor O,-2.822
3702,Subsystem C,Sensor J,1.904
3703,Subsystem D,Sensor P,-1.281
3704,Subsystem A,Sensor C,3.709
3705,Subsystem A,Sensor A,8.583
3706,Subsystem B,Sensor H,5.796
3707,Subsystem B,Sensor H,3.308
3708,Subsystem D,Sensor P,-0.489
3709,Subsystem A,Sensor A,7.685
3710,Subsystem D,Sensor N,-1.977
3711,Subsystem C,Sensor L,9.050
3712,Subsystem A,Sensor C,5.553
3713,Subsystem A,Sensor A,9.090
3714,Subsystem D,Sensor O,-1.517
3715,Subsystem C,Sensor K,7.769
3716,Subsystem B,Sensor H,6.293
3717,Subsystem C,Sensor K,4.926
3718,Subsystem D,Sensor O,-2.303
3719,Subsystem B,Sensor F,13.918
3720,Subsystem A,Sensor C,6.987
3721,Subsystem C,Sensor K,5.857
3722,Subsystem B,Sensor G,14.521
3723,Subsystem B,Sensor H,3.835
3724,Subsystem C,Sensor I,10.522
3725,Subsystem D,Sensor M,-2.096
3726,Subsystem A,Sensor C,6.847
3727,Subsystem D,Sensor M,-1.941
3728,Subsystem B,Sensor G,13.802
3729,Subsystem A,Sensor A,9.952
3730,Subsystem C,Sensor L,9.494
3731,Subsystem C,Sensor I,8.710
3732,Subsystem A,Sensor D,3.201
3733,Subsystem B,Sensor G,12.839
3734,Subsystem A,Sensor C,6.891
3735,Subsystem C,Sensor I,9.421
3736,Subsystem D,Sensor M,-2.649
3737,Subsystem D,Sensor M,-1.866
3738,Subsystem A,Sensor C,8.354
3739,Subsystem D,Sensor P,-0.159
3740,Subsystem C,Sensor K,4.641
3741,Subsystem B,Sensor H,6.353
3742,Subsystem D,Sensor O,-2.612
3743,Subsystem D,Sensor P,-1.423
3744,Subsystem C,Sensor J,1.273
3745,Subsystem C,Sensor J,2.090
3746,Subsystem B,Sensor E,11.880
3747,Subsystem C,Sensor J,1.974
3748,Subsystem B,Sensor E,10.066
3749,Subsystem A,Sensor B,2.408
3750,Subsystem B,Sensor G,14.420
3751,Subsystem D,Sensor P,-1.180
3752,Subsystem B,Sensor F,11.378
3753,Subsystem C,Sensor J,2.018
3754,Subsystem B,Sensor F,14.799
3755,Subsystem C,Sensor L,7.473
3756,Subsystem B,Sensor E,9.944
3757,Subsystem A,Sensor C,6.917
3758,Subsystem B,Sensor H,6.240
3759,Subsystem D,Sensor M,-2.472
3760,Subsystem D,Sensor P,-0.241
3761,Subsystem D,Sensor O,-2.458
3762,Subsystem D,Sensor P,-1.504
3763,Subsystem D,Sensor O,-2.386
3764,Subsystem C,Sensor I,11.544
3765,Subsystem A,Sensor A,8.011
3766,Subsystem D,Sensor O,-2.571
3767,Subsystem C,Sensor L,8.748
3768,Subsystem D,Sensor M,-2.946
3769,Subsystem B,Sensor H,6.380
3770,Subsystem B,Sensor E,10.012
3771,Subsystem C,Sensor I,6.990
3772,Subsystem D,Sensor N,-1.177
3773,Subsystem D,Sensor M,-2.717
3774,Subsystem B,Sensor H,3.218
3775,Subsystem A,Sensor B,2.393
3776,Subsystem C,Sensor J,2.228
3777,Subsystem A,Sensor D,3.467
3778,Subsystem A,Sensor A,4.985
3779,Subsystem C,Sensor J,1.915
3780,Subsystem C,Sensor K,4.978
3781,Subsystem C,Sensor L,10.248
3782,Subsystem B,Sensor H,6.919
3783,Subsystem D,Sensor M,-2.730
3784,Subsystem C,Sensor L,10.044
3785,Subsystem B,Sensor E,12.704
3786,Subsystem B,Sensor E,10.736
3787,Subsystem B,Sensor G,14.366
3788,Subsystem D,Sensor P,-1.170
3789,Subsystem C,Sensor K,6.140
3790,Subsystem D,Sensor M,-1.904
3791,Subsystem D,Sensor N,-1.738
3792,Subsystem C,Sensor I,12.518
3793,Subsystem C,Sensor J,1.617
3794,Subsystem D,Sensor P,-1.447
3795,Subsystem D,Sensor N,-2.787
3796,Subsystem B,Sensor G,12.784
3797,Subsystem D,Sensor P,-1.413
3798,Subsystem A,Sensor B,2.562
3799,Subsystem B,Sensor G,13.983
3800,Subsystem B,Sensor F,11.229
3801,Subsystem A,Sensor B,2.245
3802,Subsystem C,Sensor I,7.494
3803,Subsystem C,Sensor J,1.296
3804,Subsystem D,Sensor N,-1.899
3805,Subsystem D,Sensor M,-3.000
3806,Subsystem D,Sensor P,-0.238
3807,Subsystem C,Sensor K,5.688
3808,Subsystem B,Sensor E,12.751
3809,Subsystem B,Sensor F,14.634
3810,Subsystem B,Sensor G,13.747
3811,Subsystem B,Sensor H,5.364
3812,Subsystem A,Sensor C,7.632
3813,Subsystem D,Sensor N,-0.846
3814,Subsystem A,Sensor B,1.671
3815,Subsystem C,Sensor L,8.308
3816,Subsystem A,Sensor B,1.492
3817,Subsystem D,Sensor N,0.000
3818,Subsystem C,Sensor J,1.471
3819,Subsystem B,Sensor E,9.087
3820,Subsystem D,Sensor P,-0.219
3821,Subsystem A,Sensor D,2.900
3822,Subsystem D,Sensor P,-0.091
3823,Subsystem D,Sensor O,-1.788
3824,Subsystem A,Sensor B,1.159
3825,Subsystem B,Sensor G,13.040
3826,Subsystem B,Sensor G,13.140
3827,Subsystem A,Sensor A,6.312
3828,Subsystem D,Sensor O,-1.292
3829,Subsystem D,Sensor O,-1.821
3830,Subsystem C,Sensor K,6.077
3831,Subsystem A,Sensor C,7.241
3832,Subsystem D,Sensor N,-1.948
3833,Subsystem C,Sensor L,9.021
3834,Subsystem B,Sensor F,11.029
3835,Subsystem B,Sensor G,12.412
3836,Subsystem C,Sensor J,1.546
3837,Subsystem D,Sensor N,-2.780
3838,Subsystem D,Sensor M,-2.257
3839,Subsystem C,Sensor J,1.126
3840,Subsystem C,Sensor J,1.627
3841,Subsystem A,Sensor C,8.347
3842,Subsystem C,Sensor L,8.611
3843,Subsystem A,Sensor C,7.411
3844,Subsystem D,Sensor N,-1.840
3845,Subsystem A,Sensor A,7.596
3846,Subsystem B,Sensor F,11.897
3847,Subsystem D,Sensor P,-1.560
3848,Subsystem B,Sensor G,15.000
3849,Subsystem C,Sensor L,8.729
3850,Subsystem B,Sensor G,13.753
3851,Subsystem A,Sensor C,7.726
3852,Subsystem D,Sensor P,-0.981
3853,Subsystem C,Sensor L,8.858
3854,Subsystem D,Sensor O,-2.685
3855,Subsystem A,Sensor C,7.711
3856,Subsystem B,Sensor E,12.380
3857,Subsystem A,Sensor D,3.305
3858,Subsystem D,Sensor O,-1.532
3859,Subsystem D,Sensor N,-1.349
3860,Subsystem D,Sensor M,-2.587
3861,Subsystem A,Sensor C,7.558
3862,Subsystem D,Sensor M,-2.119
3863,Subsystem A,Sensor D,2.190
3864,Subsystem A,Sensor A,10.219
3865,Subsystem A,Sensor C,3.716
3866,Subsystem B,Sensor E,9.895
3867,Subsystem A,Sensor C,6.776
3868,Subsystem A,Sensor A,7.264
3869,Subsystem A,Sensor C,7.806
3870,Subsystem D,Sensor P,-1.368
3871,Subsystem A,Sensor D,3.495
3872,Subsystem C,Sensor I,8.095
3873,Subsystem C,Sensor I,11.238
3874,Subsystem A,Sensor A,9.803
3875,Subsystem D,Sensor N,-1.529
3876,Subsystem C,Sensor K,7.447
3877,Subsystem D,Sensor N,-1.427
3878,Subsystem A,Sensor D,3.385
3879,Subsystem B,Sensor F,11.142
3880,Subsystem C,Sensor K,5.128
3881,Subsystem B,Sensor F,14.379
3882,Subsystem A,Sensor A,10.440
3883,Subsystem A,Sensor B,1.295
3884,Subsystem C,Sensor K,6.808
3885,Subsystem D,Sensor M,-2.852
3886,Subsystem B,Sensor E,10.695
3887,Subsystem A,Sensor C,7.576
3888,Subsystem B,Sensor F,11.140
3889,Subsystem C,Sensor K,5.365
3890,Subsystem A,Sensor A,8.360
3891,Subsystem B,Sensor F,13.853
3892,Subsystem B,Sensor E,10.157
3893,Subsystem D,Sensor P,0.000
3894,Subsystem C,Sensor K,5.023
3895,Subsystem B,Sensor E,11.661
3896,Subsystem C,Sensor L,8.706
3897,Subsystem B,Sensor F,11.249
3898,Subsystem C,Sensor L,8.585
3899,Subsystem D,Sensor O,-2.132
3900,Subsystem A,Sensor A,9.066
3901,Subsystem C,Sensor I,11.001
3902,Subsystem D,Sensor P,-0.373
3903,Subsystem A,Sensor A,8.135
3904,Subsystem B,Sensor E,9.989
3905,Subsystem D,Sensor P,-0.634
3906,Subsystem B,Sensor G,14.867
3907,Subsystem A,Sensor A,7.543
3908,Subsystem B,Sensor H,5.380
3909,Subsystem A,Sensor B,1.994
3910,Subsystem C,Sensor K,7.941
3911,Subsystem B,Sensor F,10.878
3912,Subsystem B,Sensor E,12.695
3913,Subsystem B,Sensor G,12.408
3914,Subsystem A,Sensor C,8.175
3915,Subsystem D,Sensor N,-2.274
3916,Subsystem C,Sensor I,8.047
3917,Subsystem C,Sensor J,1.089
3918,Subsystem C,Sensor J,1.630
3919,Subsystem C,Sensor J,2.035
3920,Subsystem C,Sensor L,8.677
3921,Subsystem B,Sensor F,11.249
3922,Subsystem C,Sensor K,6.354
3923,Subsystem B,Sensor H,6.583
3924,Subsystem D,Sensor M,-2.780
3925,Subsystem D,Sensor P,-1.189
3926,Subsystem B,Sensor G,14.208
3927,Subsystem A,Sensor C,8.290
3928,Subsystem D,Sensor O,-2.045
3929,Subsystem C,Sensor I,8.087
3930,Subsystem C,Sensor L,9.911
3931,Subsystem D,Sensor N,-2.296
3932,Subsystem D,Sensor P,-1.756
3933,Subsystem A,Sensor B,1.089
3934,Subsystem C,Sensor K,6.376
3935,Subsystem B,Sensor H,6.580
3936,Subsystem D,Sensor M,-2.112
3937,Subsystem D,Sensor P,-0.234
3938,Subsystem B,Sensor E,12.412
3939,Subsystem A,Sensor B,1.000
3940,Subsystem B,Sensor H,6.059
3941,Subsystem B,Sensor E,12.856
3942,Subsystem D,Sensor M,-2.219
3943,Subsystem D,Sensor N,-0.977
3944,Subsystem A,Sensor D,1.727
3945,Subsystem B,Sensor E,12.611
3946,Subsystem B,Sensor H,5.288
3947,Subsystem C,Sensor K,5.335
3948,Subsystem B,Sensor G,13.184
3949,Subsystem A,Sensor C,5.601
3950,Subsystem B,Sensor H,3.906
3951,Subsystem C,Sensor I,9.678
3952,Subsystem A,Sensor C,5.661
3953,Subsystem A,Sensor A,7.114
3954,Subsystem C,Sensor L,7.528
3955,Subsystem A,Sensor C,7.555
3956,Subsystem A,Sensor B,1.501
3957,Subsystem D,Sensor P,-0.879
3958,Subsystem D,Sensor N,-1.617
3959,Subsystem D,Sensor M,-2.624
3960,Subsystem C,Sensor L,9.102
3961,Subsystem B,Sensor E,11.261
3962,Subsystem C,Sensor J,2.391
3963,Subsystem D,Sensor O,-1.206
3964,Subsystem B,Sensor G,13.801
3965,Subsystem C,Sensor I,7.975
3966,Subsystem D,Sensor O,-2.575
3967,Subsystem C,Sensor K,4.602
3968,Subsystem B,Sensor G,12.585
3969,Subsystem D,Sensor O,-2.564
3970,Subsystem A,Sensor C,5.750
3971,Subsystem A,Sensor C,3.259
3972,Subsystem B,Sensor F,14.786
3973,Subsystem B,Sensor F,13.199
3974,Subsystem D,Sensor P,-0.173
3975,Subsystem A,Sensor A,7.165
3976,Subsystem C,Sensor J,1.165
3977,Subsystem D,Sensor M,-2.882
3978,Subsystem A,Sensor B,1.353
3979,Subsystem C,Sensor L,9.761
3980,Subsystem A,Sensor C,6.813
3981,Subsystem D,Sensor P,-0.677
3982,Subsystem A,Sensor A,4.967
3983,Subsystem A,Sensor A,9.849
3984,Subsystem B,Sensor H,3.687
3985,Subsystem B,Sensor H,2.842
3986,Subsystem C,Sensor I,9.524
3987,Subsystem C,Sensor J,1.279
3988,Subsystem A,Sensor B,1.208
3989,Subsystem D,Sensor P,-0.700
3990,Subsystem C,Sensor I,9.196
3991,Subsystem D,Sensor M,-1.989
3992,Subsystem D,Sensor P,-0.491
3993,Subsystem B,Sensor G,14.386
3994,Subsystem C,Sensor K,7.359
3995,Subsystem A,Sensor D,2.404
3996,Subsystem C,Sensor L,8.828
3997,Subsystem D,Sensor N,-1.712
3998,Subsystem D,Sensor P,-1.307
3999,Subsystem D,Sensor O,-1.709
4000,Subsystem B,Sensor G,12.812
4001,Subsystem C,Sensor I,9.989
4002,Subsystem B,Sensor E,11.158
4003,Subsystem A,Sensor A,7.199
4004,Subsystem C,Sensor I,8.200
4005,Subsystem A,Sensor B,2.563
4006,Subsystem B,Sensor E,12.426
4007,Subsystem B,Sensor F,13.800
4008,Subsystem B,Sensor F,14.896
4009,Subsystem D,Sensor O,-2.734
4010,Subsystem C,Sensor I,8.113
4011,Subsystem B,Sensor H,2.320
4012,Subsystem A,Sensor C,4.047
4013,Subsystem D,Sensor P,-1.372
4014,Subsystem D,Sensor N,-2.179
4015,Subsystem A,Sensor B,1.401
4016,Subsystem B,Sensor G,13.150
4017,Subsystem C,Sensor L,8.054
4018,Subsystem B,Sensor E,10.217
4019,Subsystem D,Sensor N,-1.925
4020,Subsystem B,Sensor G,13.869
4021,Subsystem B,Sensor F,10.455
4022,Subsystem A,Sensor A,8.895
4023,Subsystem A,Sensor C,8.540
4024,Subsystem B,Sensor F,12.791
4025,Subsystem A,Sensor A,7.276
4026,Subsystem D,Sensor N,-2.115
4027,Subsystem C,Sensor K,5.903
4028,Subsystem B,Sensor H,6.265
4029,Subsystem D,Sensor P,-0.496
4030,Subsystem C,Sensor L,9.075
4031,Subsystem D,Sensor N,-1.160
4032,Subsystem C,Sensor J,1.000
4033,Subsystem B,Sensor E,10.639
4034,Subsystem B,Sensor E,10.707
4035,Subsystem C,Sensor L,8.279
4036,Subsystem C,Sensor I,9.194
4037,Subsystem C,Sensor K,6.146
4038,Subsystem C,Sensor J,1.201
4039,Subsystem B,Sensor F,14.676
4040,Subsystem A,Sensor C,8.323
4041,Subsystem C,Sensor J,2.082
4042,Subsystem D,Sensor N,-1.840
4043,Subsystem C,Sensor J,1.237
4044,Subsystem D,Sensor O,-1.338
4045,Subsystem D,Sensor P,-1.199
4046,Subsystem D,Sensor N,-2.580
4047,Subsystem A,Sensor D,1.808
4048,Subsystem B,Sensor E,11.208
4049,Subsystem A,Sensor A,8.781
4050,Subsystem C,Sensor I,10.733
4051,Subsystem B,Sensor G,14.874
4052,Subsystem B,Sensor H,4.173
4053,Subsystem D,Sensor M,-3.000
4054,Subsystem B,Sensor H,4.910
4055,Subsystem C,Sensor I,7.730
4056,Subsystem D,Sensor P,-0.322
4057,Subsystem A,Sensor D,1.795
4058,Subsystem B,Sensor G,14.946
4059,Subsystem A,Sensor C,7.113
4060,Subsystem C,Sensor K,4.081
4061,Subsystem D,Sensor O,-1.095
4062,Subsystem B,Sensor E,10.824
4063,Subsystem C,Sensor J,1.031
4064,Subsystem C,Sensor L,8.022
4065,Subsystem B,Sensor E,9.608
4066,Subsystem A,Sensor C,3.331
4067,Subsystem C,Sensor L,9.839
4068,Subsystem A,Sensor A,8.951
4069,Subsystem C,Sensor K,5.665
4070,Subsystem C,Sensor K,3.658
4071,Subsystem C,Sensor I,7.115
4072,Subsystem C,Sensor K,5.449
4073,Subsystem B,Sensor G,12.427
4074,Subsystem D,Sensor O,-1.708
4075,Subsystem D,Sensor O,-2.023
4076,Subsystem C,Sensor K,5.876
4077,Subsystem B,Sensor E,12.756
4078,Subsystem B,Sensor G,14.818
4079,Subsystem D,Sensor N,-1.930
4080,Subsystem C,Sensor K,6.160
4081,Subsystem C,Sensor I,11.274
4082,Subsystem A,Sensor B,1.239
4083,Subsystem D,Sensor O,-1.297
4084,Subsystem C,Sensor K,7.816
4085,Subsystem B,Sensor H,2.888
4086,Subsystem A,Sensor A,8.665
4087,Subsystem C,Sensor I,7.397
4088,Subsystem B,Sensor E,10.736
4089,Subsystem B,Sensor E,12.463
4090,Subsystem A,Sensor D,3.090
4091,Subsystem C,Sensor I,8.083
4092,Subsystem B,Sensor H,4.059
4093,Subsystem C,Sensor I,12.080
4094,Subsystem C,Sensor J,1.887
4095,Subsystem A,Sensor A,6.421
4096,Subsystem B,Sensor H,3.309
4097,Subsystem D,Sensor O,-1.828
4098,Subsystem A,Sensor C,7.379
4099,Subsystem A,Sensor C,7.845
4100,Subsystem B,Sensor E,10.130
4101,Subsystem C,Sensor I,12.292
4102,Subsystem B,Sensor F,14.682
4103,Subsystem B,Sensor G,13.964
4104,Subsystem C,Sensor I,7.796
4105,Subsystem B,Sensor G,14.015
4106,Subsystem C,Sensor K,6.816
4107,Subsystem A,Sensor C,7.357
4108,Subsystem B,Sensor E,10.798
4109,Subsystem D,Sensor P,-0.150
4110,Subsystem C,Sensor I,12.345
4111,Subsystem D,Sensor O,-2.521
4112,Subsystem C,Sensor I,9.395
4113,Subsystem C,Sensor I,11.075
4114,Subsystem A,Sensor D,3.807
4115,Subsystem B,Sensor G,15.000
4116,Subsystem B,Sensor F,11.163
4117,Subsystem C,Sensor K,6.618
4118,Subsystem D,Sensor N,-2.124
4119,Subsystem B,Sensor F,14.196
4120,Subsystem A,Sensor C,4.651
4121,Subsystem D,Sensor O,-1.393
4122,Subsystem B,Sensor H,3.552
4123,Subsystem D,Sensor N,-0.985
4124,Subsystem C,Sensor J,1.496
4125,Subsystem B,Sensor E,12.159
4126,Subsystem C,Sensor K,6.317
4127,Subsystem A,Sensor B,1.209
4128,Subsystem C,Sensor I,10.618
4129,Subsystem C,Sensor J,2.756
4130,Subsystem D,Sensor N,-1.994
4131,Subsystem B,Sensor G,14.519
4132,Subsystem D,Sensor O,-1.505
4133,Subsystem C,Sensor J,1.880
4134,Subsystem B,Sensor G,14.375
4135,Subsystem A,Sensor B,1.220
4136,Subsystem B,Sensor F,14.025
4137,Subsystem A,Sensor C,5.721
4138,Subsystem A,Sensor B,1.256
4139,Subsystem D,Sensor M,-2.955
4140,Subsystem A,Sensor A,7.272
4141,Subsystem A,Sensor D,2.936
4142,Subsystem C,Sensor L,8.673
4143,Subsystem A,Sensor A,8.042
4144,Subsystem B,Sensor E,9.045
4145,Subsystem D,Sensor M,-1.855
4146,Subsystem D,Sensor O,-0.524
4147,Subsystem B,Sensor G,14.831
4148,Subsystem A,Sensor A,8.269
4149,Subsystem B,Sensor F,14.888
4150,Subsystem D,Sensor N,-1.876
4151,Subsystem A,Sensor B,2.102
4152,Subsystem D,Sensor O,-1.601
4153,Subsystem D,Sensor N,-1.118
4154,Subsystem B,Sensor H,4.562
4155,Subsystem D,Sensor M,-2.041
4156,Subsystem C,Sensor K,5.167
4157,Subsystem D,Sensor N,-1.838
4158,Subsystem A,Sensor B,1.180
4159,Subsystem A,Sensor B,1.000
4160,Subsystem D,Sensor M,-2.514
4161,Subsystem C,Sensor J,1.916
4162,Subsystem A,Sensor C,6.782
4163,Subsystem B,Sensor F,11.796
4164,Subsystem C,Sensor L,10.009
4165,Subsystem A,Sensor D,1.963
4166,Subsystem B,Sensor H,5.270
4167,Subsystem B,Sensor F,11.010
4168,Subsystem D,Sensor O,-1.737
4169,Subsystem C,Sensor L,10.655
4170,Subsystem B,Sensor E,11.457
4171,Subsystem C,Sensor L,10.761
4172,Subsystem A,Sensor B,1.204
4173,Subsystem D,Sensor M,-1.674
4174,Subsystem A,Sensor C,6.641
4175,Subsystem A,Sensor C,4.363
4176,Subsystem A,Sensor B,1.397
4177,Subsystem D,Sensor N,-1.246
4178,Subsystem C,Sensor L,9.328
4179,Subsystem B,Sensor E,12.302
4180,Subsystem A,Sensor B,1.427
4181,Subsystem B,Sensor E,11.779
4182,Subsystem A,Sensor A,7.646
4183,Subsystem D,Sensor O,-2.568
4184,Subsystem B,Sensor G,13.173
4185,Subsystem D,Sensor P,-0.130
4186,Subsystem C,Sensor J,2.053
4187,Subsystem A,Sensor D,2.276
4188,Subsystem A,Sensor D,2.448
4189,Subsystem A,Sensor D,2.391
4190,Subsystem C,Sensor L,8.720
4191,Subsystem C,Sensor K,7.494
4192,Subsystem C,Sensor J,1.519
4193,Subsystem C,Sensor L,9.744
4194,Subsystem C,Sensor J,1.627
4195,Subsystem B,Sensor F,14.241
4196,Subsystem B,Sensor H,6.415
4197,Subsystem A,Sensor A,10.566
4198,Subsystem D,Sensor M,-2.334
4199,Subsystem B,Sensor G,12.913
4200,Subsystem B,Sensor H,4.665
4201,Subsystem C,Sensor K,6.215
4202,Subsystem B,Sensor H,3.287
4203,Subsystem A,Sensor A,7.562
4204,Subsystem A,Sensor A,9.139
4205,Subsystem D,Sensor N,-0.930
4206,Subsystem B,Sensor F,13.679
4207,Subsystem A,Sensor D,2.047
4208,Subsystem B,Sensor G,12.716
4209,Subsystem B,Sensor G,13.716
4210,Subsystem B,Sensor G,12.669
4211,Subsystem D,Sensor M,-2.854
4212,Subsystem D,Sensor N,-0.652
4213,Subsystem A,Sensor D,3.677
4214,Subsystem D,Sensor O,-2.217
4215,Subsystem D,Sensor P,-0.739
4216,Subsystem B,Sensor E,10.483
4217,Subsystem D,Sensor M,-2.426
4218,Subsystem B,Sensor F,13.904
4219,Subsystem D,Sensor M,-1.757
4220,Subsystem D,Sensor M,-2.884
4221,Subsystem B,Sensor H,4.992
4222,Subsystem A,Sensor C,5.675
4223,Subsystem B,Sensor G,14.391
4224,Subsystem B,Sensor H,5.120
4225,Subsystem C,Sensor L,9.991
4226,Subsystem C,Sensor K,6.442
4227,Subsystem C,Sensor L,8.758
4228,Subsystem C,Sensor K,6.698
4229,Subsystem B,Sensor G,14.998
4230,Subsystem B,Sensor E,9.432
4231,Subsystem C,Sensor L,8.247
4232,Subsystem C,Sensor L,10.022
4233,Subsystem B,Sensor F,14.735
4234,Subsystem D,Sensor M,-1.939
4235,Subsystem C,Sensor K,7.783
4236,Subsystem A,Sensor B,1.017
4237,Subsystem A,Sensor A,8.166
4238,Subsystem C,Sensor J,1.558
4239,Subsystem D,Sensor M,-2.851
4240,Subsystem C,Sensor J,1.958
4241,Subsystem A,Sensor A,6.770
4242,Subsystem D,Sensor M,-2.341
4243,Subsystem C,Sensor I,8.299
4244,Subsystem B,Sensor G,14.581
4245,Subsystem D,Sensor P,-1.125
4246,Subsystem C,Sensor K,5.516
4247,Subsystem B,Sensor E,10.127
4248,Subsystem B,Sensor G,12.720
4249,Subsystem A,Sensor D,3.021
4250,Subsystem C,Sensor I,8.137
4251,Subsystem D,Sensor P,0.000
4252,Subsystem B,Sensor F,11.608
4253,Subsystem D,Sensor M,-2.057
4254,Subsystem A,Sensor D,2.377
4255,Subsystem A,Sensor A,8.906
4256,Subsystem B,Sensor F,11.384
4257,Subsystem C,Sensor L,8.231
4258,Subsystem C,Sensor I,7.919
4259,Subsystem A,Sensor C,5.992
4260,Subsystem A,Sensor D,2.794
4261,Subsystem D,Sensor N,-2.127
4262,Subsystem C,Sensor I,11.559
4263,Subsystem C,Sensor L,9.618
4264,Subsystem B,Sensor G,13.930
4265,Subsystem B,Sensor H,7.117
4266,Subsystem A,Sensor C,3.372
4267,Subsystem A,Sensor A,7.578
4268,Subsystem A,Sensor A,8.906
4269,Subsystem B,Sensor H,5.474
4270,Subsystem A,Sensor C,7.812
4271,Subsystem C,Sensor L,8.633
4272,Subsystem B,Sensor E,10.012
4273,Subsystem B,Sensor G,14.474
4274,Subsystem B,Sensor H,5.299
4275,Subsystem C,Sensor K,7.416
4276,Subsystem A,Sensor D,2.050
4277,Subsystem B,Sensor F,15.000
4278,Subsystem B,Sensor F,11.007
4279,Subsystem C,Sensor L,9.931
4280,Subsystem D,Sensor O,-1.108
4281,Subsystem C,Sensor I,7.836
4282,Subsystem A,Sensor A,10.205
4283,Subsystem B,Sensor H,5.834
4284,Subsystem D,Sensor O,-0.602
4285,Subsystem D,Sensor O,-2.596
4286,Subsystem B,Sensor G,13.355
4287,Subsystem B,Sensor H,2.814
4288,Subsystem C,Sensor L,10.467
4289,Subsystem C,Sensor I,7.417
4290,Subsystem D,Sensor P,-1.207
4291,Subsystem A,Sensor A,9.814
4292,Subsystem C,Sensor K,5.057
4293,Subsystem D,Sensor N,-1.099
4294,Subsystem D,Sensor N,-1.122
4295,Subsystem D,Sensor O,-2.170
4296,Subsystem C,Sensor K,8.107
4297,Subsystem B,Sensor F,10.646
4298,Subsystem A,Sensor B,1.879
4299,Subsystem A,Sensor C,4.568
4300,Subsystem D,Sensor O,-2.071
4301,Subsystem D,Sensor O,-1.852
4302,Subsystem D,Sensor N,-1.406
4303,Subsystem C,Sensor L,8.801
4304,Subsystem C,Sensor J,1.713
4305,Subsystem B,Sensor H,5.992
4306,Subsystem D,Sensor N,-1.265
4307,Subsystem B,Sensor F,13.729
4308,Subsystem B,Sensor G,14.930
4309,Subsystem B,Sensor F,13.817
4310,Subsystem A,Sensor A,7.515
4311,Subsystem B,Sensor E,9.474
4312,Subsystem A,Sensor C,4.278
4313,Subsystem A,Sensor C,5.377
4314,Subsystem C,Sensor J,1.594
4315,Subsystem D,Sensor P,-1.720
4316,Subsystem D,Sensor P,-2.249
4317,Subsystem D,Sensor M,-2.575
4318,Subsystem D,Sensor N,-1.203
4319,Subsystem D,Sensor P,-0.025
4320,Subsystem B,Sensor H,6.136
4321,Subsystem A,Sensor B,1.000
4322,Subsystem A,Sensor A,7.462
4323,Subsystem C,Sensor L,9.188
4324,Subsystem A,Sensor A,6.241
4325,Subsystem B,Sensor G,15.000
4326,Subsystem A,Sensor D,2.114
4327,Subsystem C,Sensor I,9.215
4328,Subsystem B,Sensor F,14.716
4329,Subsystem A,Sensor C,8.024
4330,Subsystem C,Sensor J,2.423
4331,Subsystem D,Sensor P,-0.889
4332,Subsystem D,Sensor P,-1.543
4333,Subsystem A,Sensor A,9.700
4334,Subsystem C,Sensor L,8.762
4335,Subsystem D,Sensor M,-3.000
4336,Subsystem B,Sensor G,14.581
4337,Subsystem C,Sensor K,5.473
4338,Subsystem D,Sensor O,-2.771
4339,Subsystem B,Sensor F,14.585
4340,Subsystem D,Sensor O,-2.162
4341,Subsystem B,Sensor F,13.252
4342,Subsystem C,Sensor K,7.102
4343,Subsystem C,Sensor L,8.596
4344,Subsystem B,Sensor F,10.971
4345,Subsystem A,Sensor A,9.926
4346,Subsystem C,Sensor I,11.250
4347,Subsystem D,Sensor N,-1.341
4348,Subsystem B,Sensor F,13.304
4349,Subsystem D,Sensor M,-2.399
4350,Subsystem B,Sensor E,12.564
4351,Subsystem C,Sensor J,2.510
4352,Subsystem A,Sensor D,3.327
4353,Subsystem B,Sensor F,10.526
4354,Subsystem A,Sensor C,8.127
4355,Subsystem C,Sensor J,2.530
4356,Subsystem A,Sensor C,5.415
4357,Subsystem C,Sensor J,2.025
4358,Subsystem D,Sensor O,-0.976
4359,Subsystem A,Sensor C,7.788
4360,Subsystem B,Sensor G,13.959
4361,Subsystem A,Sensor D,3.035
4362,Subsystem C,Sensor J,2.103
4363,Subsystem B,Sensor E,10.557
4364,Subsystem A,Sensor C,7.839
4365,Subsystem D,Sensor P,-1.366
4366,Subsystem B,Sensor F,11.131
4367,Subsystem A,Sensor D,2.866
4368,Subsystem B,Sensor G,14.664
4369,Subsystem C,Sensor J,2.063
4370,Subsystem C,Sensor K,5.425
4371,Subsystem C,Sensor L,9.909
4372,Subsystem B,Sensor H,5.471
4373,Subsystem D,Sensor N,-0.374
4374,Subsystem C,Sensor L,8.803
4375,Subsystem D,Sensor P,-0.934
4376,Subsystem D,Sensor M,-2.510
4377,Subsystem B,Sensor G,12.884
4378,Subsystem A,Sensor C,3.197
4379,Subsystem C,Sensor L,8.757
4380,Subsystem C,Sensor J,2.467
4381,Subsystem D,Sensor O,-0.841
4382,Subsystem C,Sensor L,9.184
4383,Subsystem A,Sensor D,2.927
4384,Subsystem A,Sensor A,7.749
4385,Subsystem B,Sensor E,9.845
4386,Subsystem C,Sensor I,7.810
4387,Subsystem C,Sensor J,1.000
4388,Subsystem A,Sensor B,1.412
4389,Subsystem C,Sensor J,1.348
4390,Subsystem C,Sensor L,10.596
4391,Subsystem D,Sensor N,0.000
4392,Subsystem C,Sensor J,1.917
4393,Subsystem C,Sensor L,10.177
4394,Subsystem C,Sensor K,4.563
4395,Subsystem A,Sensor D,2.946
4396,Subsystem B,Sensor G,12.367
4397,Subsystem A,Sensor A,7.138
4398,Subsystem D,Sensor N,-1.550
4399,Subsystem A,Sensor A,9.311
4400,Subsystem B,Sensor E,9.692
4401,Subsystem A,Sensor C,6.570
4402,Subsystem D,Sensor O,-2.060
4403,Subsystem D,Sensor N,-1.369
4404,Subsystem C,Sensor K,6.975
4405,Subsystem C,Sensor I,11.132
4406,Subsystem B,Sensor E,10.746
4407,Subsystem D,Sensor N,-1.280
4408,Subsystem B,Sensor G,14.802
4409,Subsystem D,Sensor O,-2.235
4410,Subsystem C,Sensor I,11.016
4411,Subsystem D,Sensor M,-2.899
4412,Subsystem C,Sensor K,7.685
4413,Subsystem A,Sensor C,7.192
4414,Subsystem D,Sensor P,-0.557
4415,Subsystem C,Sensor K,7.606
4416,Subsystem A,Sensor B,1.624
4417,Subsystem D,Sensor M,-1.847
4418,Subsystem C,Sensor K,7.243
4419,Subsystem D,Sensor M,-2.387
4420,Subsystem D,Sensor O,-1.084
4421,Subsystem B,Sensor F,13.111
4422,Subsystem D,Sensor M,-2.745
4423,Subsystem B,Sensor H,4.663
4424,Subsystem A,Sensor A,8.572
4425,Subsystem A,Sensor C,6.407
4426,Subsystem B,Sensor F,13.911
4427,Subsystem D,Sensor P,-0.495
4428,Subsystem D,Sensor P,-1.689
4429,Subsystem B,Sensor G,13.482
4430,Subsystem D,Sensor P,-0.282
4431,Subsystem C,Sensor J,1.753
4432,Subsystem D,Sensor O,-2.598
4433,Subsystem C,Sensor J,2.393
4434,Subsystem C,Sensor L,7.928
4435,Subsystem D,Sensor P,-0.098
4436,Subsystem D,Sensor N,-1.334
4437,Subsystem B,Sensor G,12.842
4438,Subsystem C,Sensor I,8.258
4439,Subsystem D,Sensor M,-2.563
4440,Subsystem B,Sensor F,14.520
4441,Subsystem C,Sensor I,9.363
4442,Subsystem D,Sensor O,-1.664
4443,Subsystem A,Sensor B,1.126
4444,Subsystem D,Sensor O,-2.195
4445,Subsystem D,Sensor N,-1.539
4446,Subsystem B,Sensor F,12.612
4447,Subsystem D,Sensor O,-2.047
4448,Subsystem D,Sensor O,-1.953
4449,Subsystem B,Sensor F,12.943
4450,Subsystem A,Sensor A,7.098
4451,Subsystem C,Sensor L,10.040
4452,Subsystem D,Sensor O,-2.039
4453,Subsystem A,Sensor B,1.013
4454,Subsystem B,Sensor F,13.977
4455,Subsystem C,Sensor L,8.789
4456,Subsystem B,Sensor F,14.991
4457,Subsystem A,Sensor A,7.702
4458,Subsystem D,Sensor O,-1.372
4459,Subsystem C,Sensor L,9.102
4460,Subsystem B,Sensor G,14.632
4461,Subsystem C,Sensor L,10.208
4462,Subsystem B,Sensor G,15.000
4463,Subsystem D,Sensor O,-1.084
4464,Subsystem B,Sensor F,10.931
4465,Subsystem A,Sensor B,1.000
4466,Subsystem D,Sensor N,-1.613
4467,Subsystem C,Sensor L,8.603
4468,Subsystem C,Sensor L,10.335
4469,Subsystem B,Sensor E,11.105
4470,Subsystem A,Sensor A,7.529
4471,Subsystem D,Sensor P,-1.011
4472,Subsystem C,Sensor L,9.324
4473,Subsystem A,Sensor C,6.978
4474,Subsystem D,Sensor P,-0.462
4475,Subsystem B,Sensor G,11.811
4476,Subsystem B,Sensor G,14.819
4477,Subsystem B,Sensor G,14.303
4478,Subsystem B,Sensor G,14.667
4479,Subsystem D,Sensor N,-1.166
4480,Subsystem B,Sensor F,12.740
4481,Subsystem C,Sensor I,7.748
4482,Subsystem B,Sensor E,10.672
4483,Subsystem D,Sensor O,-1.184
4484,Subsystem D,Sensor O,-2.327
4485,Subsystem A,Sensor D,3.815
4486,Subsystem B,Sensor H,6.510
4487,Subsystem D,Sensor P,-0.089
4488,Subsystem A,Sensor C,7.303
4489,Subsystem D,Sensor P,-1.286
4490,Subsystem A,Sensor D,1.364
4491,Subsystem A,Sensor D,3.159
4492,Subsystem C,Sensor K,5.649
4493,Subsystem B,Sensor F,10.439
4494,Subsystem C,Sensor L,8.328
4495,Subsystem A,Sensor D,1.758
4496,Subsystem A,Sensor C,7.376
4497,Subsystem B,Sensor F,13.527
4498,Subsystem B,Sensor H,6.751
4499,Subsystem C,Sensor I,7.977
4500,Subsystem A,Sensor D,2.676
4501,Subsystem C,Sensor L,8.902
4502,Subsystem D,Sensor O,-2.046
4503,Subsystem A,Sensor B,1.085
4504,Subsystem D,Sensor N,-1.213
4505,Subsystem C,Sensor I,9.663
4506,Subsystem C,Sensor L,8.915
4507,Subsystem C,Sensor I,9.761
4508,Subsystem B,Sensor F,14.708
4509,Subsystem B,Sensor G,13.909
4510,Subsystem B,Sensor G,13.404
4511,Subsystem C,Sensor J,1.015
4512,Subsystem D,Sensor N,-0.772
4513,Subsystem A,Sensor D,1.690
4514,Subsystem B,Sensor E,9.762
4515,Subsystem C,Sensor L,8.110
4516,Subsystem A,Sensor B,1.302
4517,Subsystem C,Sensor K,7.251
4518,Subsystem B,Sensor E,11.714
4519,Subsystem B,Sensor G,15.000
4520,Subsystem C,Sensor L,10.697
4521,Subsystem B,Sensor H,5.743
4522,Subsystem C,Sensor I,7.425
4523,Subsystem C,Sensor J,2.016
4524,Subsystem C,Sensor L,8.297
4525,Subsystem B,Sensor E,10.008
4526,Subsystem D,Sensor M,-2.963
4527,Subsystem C,Sensor J,1.550
4528,Subsystem B,Sensor F,14.795
4529,Subsystem D,Sensor N,-1.048
4530,Subsystem C,Sensor L,8.021
4531,Subsystem A,Sensor D,1.884
4532,Subsystem A,Sensor A,9.067
4533,Subsystem A,Sensor A,7.110
4534,Subsystem B,Sensor G,14.115
4535,Subsystem C,Sensor J,2.194
4536,Subsystem C,Sensor J,1.771
4537,Subsystem D,Sensor N,-1.675
4538,Subsystem A,Sensor B,1.795
4539,Subsystem D,Sensor M,-2.617
4540,Subsystem A,Sensor A,8.613
4541,Subsystem C,Sensor I,8.136
4542,Subsystem A,Sensor C,5.839
4543,Subsystem A,Sensor A,7.372
4544,Subsystem A,Sensor D,3.509
4545,Subsystem D,Sensor M,-2.355
4546,Subsystem C,Sensor K,5.107
4547,Subsystem D,Sensor M,-2.359
4548,Subsystem B,Sensor G,14.410
4549,Subsystem A,Sensor B,1.448
4550,Subsystem B,Sensor F,14.575
4551,Subsystem B,Sensor E,9.475
4552,Subsystem D,Sensor M,-2.536
4553,Subsystem D,Sensor O,-2.027
4554,Subsystem B,Sensor E,11.792
4555,Subsystem C,Sensor J,1.041
4556,Subsystem D,Sensor O,-2.674
4557,Subsystem A,Sensor D,3.070
4558,Subsystem C,Sensor I,8.279
4559,Subsystem D,Sensor N,-1.733
4560,Subsystem C,Sensor L,10.643
4561,Subsystem D,Sensor N,-2.686
4562,Subsystem C,Sensor L,9.169
4563,Subsystem B,Sensor E,11.233
4564,Subsystem D,Sensor O,-2.253
4565,Subsystem A,Sensor D,1.525
4566,Subsystem C,Sensor K,6.193
4567,Subsystem D,Sensor O,-1.460
4568,Subsystem B,Sensor E,11.027
4569,Subsystem B,Sensor E,11.845
4570,Subsystem D,Sensor N,-0.937
4571,Subsystem D,Sensor M,-2.778
4572,Subsystem A,Sensor D,3.067
4573,Subsystem A,Sensor B,1.143
4574,Subsystem C,Sensor I,8.206
4575,Subsystem D,Sensor M,-2.803
4576,Subsystem C,Sensor J,1.530
4577,Subsystem A,Sensor C,8.242
4578,Subsystem B,Sensor E,12.449
4579,Subsystem D,Sensor M,-1.744
4580,Subsystem A,Sensor B,1.194
4581,Subsystem A,Sensor D,2.275
4582,Subsystem D,Sensor M,-3.000
4583,Subsystem C,Sensor J,1.176
4584,Subsystem B,Sensor G,15.000
4585,Subsystem B,Sensor E,11.194
4586,Subsystem D,Sensor N,-1.728
4587,Subsystem A,Sensor B,1.366
4588,Subsystem C,Sensor K,4.980
4589,Subsystem B,Sensor E,9.146
4590,Subsystem B,Sensor E,9.522
4591,Subsystem B,Sensor H,6.860
4592,Subsystem D,Sensor P,-0.252
4593,Subsystem A,Sensor A,10.005
4594,Subsystem D,Sensor M,-1.948
4595,Subsystem A,Sensor D,2.023
4596,Subsystem C,Sensor I,10.468
4597,Subsystem A,Sensor D,3.804
4598,Subsystem A,Sensor D,1.764
4599,Subsystem A,Sensor D,3.280
4600,Subsystem A,Sensor A,9.295
4601,Subsystem D,Sensor M,-2.623
4602,Subsystem B,Sensor E,9.801
4603,Subsystem B,Sensor F,13.914
4604,Subsystem D,Sensor O,-1.081
4605,Subsystem D,Sensor M,-1.818
4606,Subsystem B,Sensor E,9.172
4607,Subsystem A,Sensor D,1.962
4608,Subsystem A,Sensor B,1.103
4609,Subsystem C,Sensor K,7.282
4610,Subsystem B,Sensor F,11.632
4611,Subsystem C,Sensor K,4.493
4612,Subsystem C,Sensor K,5.273
4613,Subsystem B,Sensor F,11.213
4614,Subsystem C,Sensor I,8.268
4615,Subsystem B,Sensor G,14.510
4616,Subsystem D,Sensor O,-2.679
4617,Subsystem C,Sensor J,1.031
4618,Subsystem A,Sensor B,1.396
4619,Subsystem B,Sensor F,13.552
4620,Subsystem D,Sensor N,-0.359
4621,Subsystem B,Sensor G,13.388
4622,Subsystem B,Sensor E,12.121
4623,Subsystem A,Sensor B,1.331
4624,Subsystem D,Sensor O,-2.039
4625,Subsystem A,Sensor A,7.548
4626,Subsystem A,Sensor C,5.211
4627,Subsystem A,Sensor D,1.514
4628,Subsystem D,Sensor N,-1.775
4629,Subsystem A,Sensor C,5.613
4630,Subsystem C,Sensor J,1.841
4631,Subsystem A,Sensor A,10.458
4632,Subsystem A,Sensor B,1.064
4633,Subsystem C,Sensor I,7.966
4634,Subsystem A,Sensor A,8.707
4635,Subsystem D,Sensor M,-2.083
4636,Subsystem D,Sensor P,-1.301
4637,Subsystem A,Sensor A,7.478
4638,Subsystem D,Sensor O,-0.940
4639,Subsystem D,Sensor O,-1.705
4640,Subsystem A,Sensor D,3.575
4641,Subsystem A,Sensor D,1.891
4642,Subsystem B,Sensor E,10.626
4643,Subsystem C,Sensor J,1.718
4644,Subsystem A,Sensor C,8.195
4645,Subsystem D,Sensor P,-1.294
4646,Subsystem D,Sensor P,-1.522
4647,Subsystem D,Sensor O,-1.112
4648,Subsystem B,Sensor E,12.402
4649,Subsystem B,Sensor H,5.647
4650,Subsystem D,Sensor O,-2.754
4651,Subsystem C,Sensor K,7.932
4652,Subsystem C,Sensor I,7.961
4653,Subsystem C,Sensor J,1.545
4654,Subsystem D,Sensor N,-1.103
4655,Subsystem C,Sensor L,10.592
4656,Subsystem B,Sensor F,14.852
4657,Subsystem B,Sensor G,13.960
4658,Subsystem C,Sensor L,8.039
4659,Subsystem A,Sensor A,10.095
4660,Subsystem B,Sensor H,4.240
4661,Subsystem B,Sensor F,11.508
4662,Subsystem C,Sensor L,9.182
4663,Subsystem B,Sensor E,11.079
4664,Subsystem C,Sensor K,5.626
4665,Subsystem B,Sensor G,13.347
4666,Subsystem A,Sensor A,9.094
4667,Subsystem A,Sensor D,1.784
4668,Subsystem D,Sensor M,-2.056
4669,Subsystem A,Sensor B,2.084
4670,Subsystem D,Sensor M,-2.165
4671,Subsystem D,Sensor P,0.000
4672,Subsystem B,Sensor F,14.117
4673,Subsystem C,Sensor L,8.138
4674,Subsystem B,Sensor E,11.142
4675,Subsystem B,Sensor G,14.881
4676,Subsystem C,Sensor I,9.656
4677,Subsystem C,Sensor I,11.713
4678,Subsystem B,Sensor G,13.824
4679,Subsystem D,Sensor M,-2.033
4680,Subsystem A,Sensor B,1.876
4681,Subsystem A,Sensor D,3.822
4682,Subsystem C,Sensor L,8.510
4683,Subsystem D,Sensor M,-2.088
4684,Subsystem B,Sensor H,5.686
4685,Subsystem B,Sensor E,10.625
4686,Subsystem A,Sensor C,4.378
4687,Subsystem C,Sensor K,5.251
4688,Subsystem C,Sensor L,9.763
4689,Subsystem D,Sensor P,-1.001
4690,Subsystem B,Sensor F,11.263
4691,Subsystem B,Sensor H,3.946
4692,Subsystem B,Sensor G,14.691
4693,Subsystem B,Sensor H,4.251
4694,Subsystem D,Sensor O,-2.074
4695,Subsystem C,Sensor I,9.110
4696,Subsystem C,Sensor J,2.149
4697,Subsystem D,Sensor N,-0.399
4698,Subsystem D,Sensor N,-1.675
4699,Subsystem C,Sensor J,2.289
4700,Subsystem C,Sensor I,7.973
4701,Subsystem C,Sensor K,7.966
4702,Subsystem C,Sensor L,10.132
4703,Subsystem B,Sensor H,3.259
4704,Subsystem C,Sensor I,9.482
4705,Subsystem A,Sensor A,6.965
4706,Subsystem C,Sensor K,6.192
4707,Subsystem C,Sensor I,8.103
4708,Subsystem A,Sensor A,8.378
4709,Subsystem B,Sensor F,14.586
4710,Subsystem A,Sensor D,2.803
4711,Subsystem D,Sensor O,-2.347
4712,Subsystem B,Sensor G,14.369
4713,Subsystem C,Sensor K,5.889
4714,Subsystem D,Sensor M,-2.669
4715,Subsystem B,Sensor F,13.590
4716,Subsystem A,Sensor D,2.347
4717,Subsystem C,Sensor J,2.606
4718,Subsystem C,Sensor I,10.413
4719,Subsystem A,Sensor A,9.507
4720,Subsystem A,Sensor D,2.306
4721,Subsystem B,Sensor F,14.031
4722,Subsystem B,Sensor H,3.663
4723,Subsystem B,Sensor F,11.021
4724,Subsystem C,Sensor J,1.000
4725,Subsystem A,Sensor C,8.481
4726,Subsystem D,Sensor P,-1.221
4727,Subsystem A,Sensor B,1.901
4728,Subsystem B,Sensor H,4.993
4729,Subsystem C,Sensor L,8.624
4730,Subsystem B,Sensor F,11.370
4731,Subsystem B,Sensor F,14.640
4732,Subsystem B,Sensor F,10.740
4733,Subsystem C,Sensor J,2.163
4734,Subsystem C,Sensor I,9.922
4735,Subsystem C,Sensor K,6.726
4736,Subsystem D,Sensor O,-2.277
4737,Subsystem A,Sensor C,5.626
4738,Subsystem B,Sensor H,5.287
4739,Subsystem D,Sensor N,-1.355
4740,Subsystem A,Sensor D,4.361
4741,Subsystem C,Sensor L,10.093
4742,Subsystem A,Sensor A,7.419
4743,Subsystem A,Sensor D,1.953
4744,Subsystem B,Sensor E,11.319
4745,Subsystem A,Sensor A,7.604
4746,Subsystem D,Sensor P,-1.636
4747,Subsystem A,Sensor B,1.122
4748,Subsystem B,Sensor G,14.597
4749,Subsystem D,Sensor P,-0.444
4750,Subsystem C,Sensor K,5.597
4751,Subsystem C,Sensor I,11.175
4752,Subsystem A,Sensor A,6.880
4753,Subsystem B,Sensor G,13.150
4754,Subsystem B,Sensor F,14.525
4755,Subsystem A,Sensor D,3.029
4756,Subsystem B,Sensor H,5.937
4757,Subsystem C,Sensor J,1.991
4758,Subsystem C,Sensor J,1.154
4759,Subsystem A,Sensor C,6.037
4760,Subsystem C,Sensor J,1.347
4761,Subsystem B,Sensor G,14.223
4762,Subsystem D,Sensor P,0.000
4763,Subsystem A,Sensor D,1.525
4764,Subsystem A,Sensor B,1.043
4765,Subsystem B,Sensor H,6.242
4766,Subsystem D,Sensor N,-1.770
4767,Subsystem A,Sensor C,7.214
4768,Subsystem A,Sensor D,3.542
4769,Subsystem B,Sensor H,3.164
4770,Subsystem B,Sensor E,12.566
4771,Subsystem A,Sensor B,1.285
4772,Subsystem C,Sensor K,5.227
4773,Subsystem A,Sensor C,8.456
4774,Subsystem C,Sensor J,1.272
4775,Subsystem A,Sensor D,1.142
4776,Subsystem B,Sensor F,11.412
4777,Subsystem C,Sensor L,8.425
4778,Subsystem D,Sensor N,-2.196
4779,Subsystem A,Sensor B,1.140
4780,Subsystem C,Sensor I,8.977
4781,Subsystem C,Sensor L,10.164
4782,Subsystem A,Sensor A,9.797
4783,Subsystem B,Sensor G,11.740
4784,Subsystem B,Sensor H,5.959
4785,Subsystem B,Sensor F,11.153
4786,Subsystem B,Sensor G,14.788
4787,Subsystem A,Sensor C,6.815
4788,Subsystem A,Sensor D,3.429
4789,Subsystem A,Sensor A,8.034
4790,Subsystem D,Sensor M,-2.817
4791,Subsystem A,Sensor A,9.289
4792,Subsystem C,Sensor J,2.536
4793,Subsystem B,Sensor H,6.388
4794,Subsystem D,Sensor N,-1.141
4795,Subsystem C,Sensor J,2.064
4796,Subsystem A,Sensor B,1.517
4797,Subsystem B,Sensor G,13.762
4798,Subsystem A,Sensor A,7.807
4799,Subsystem A,Sensor C,7.699
4800,Subsystem C,Sensor I,12.367
4801,Subsystem A,Sensor D,1.918
4802,Subsystem C,Sensor J,1.015
4803,Subsystem B,Sensor E,10.027
4804,Subsystem A,Sensor C,7.572
4805,Subsystem D,Sensor N,-2.016
4806,Subsystem A,Sensor B,1.625
4807,Subsystem C,Sensor L,10.053
4808,Subsystem B,Sensor H,5.888
4809,Subsystem D,Sensor P,-0.858
4810,Subsystem D,Sensor P,-2.293
4811,Subsystem B,Sensor G,13.620
4812,Subsystem A,Sensor D,3.401
4813,Subsystem C,Sensor K,5.757
4814,Subsystem D,Sensor N,-1.081
4815,Subsystem B,Sensor H,5.596
4816,Subsystem B,Sensor F,12.090
4817,Subsystem B,Sensor F,13.473
4818,Subsystem A,Sensor B,1.181
4819,Subsystem B,Sensor G,14.961
4820,Subsystem A,Sensor D,2.940
4821,Subsystem A,Sensor B,1.523
4822,Subsystem C,Sensor J,1.392
4823,Subsystem C,Sensor J,1.770
4824,Subsystem C,Sensor J,1.503
4825,Subsystem C,Sensor K,6.767
4826,Subsystem A,Sensor D,3.716
4827,Subsystem D,Sensor O,-2.138
4828,Subsystem D,Sensor O,-3.000
4829,Subsystem C,Sensor K,5.359
4830,Subsystem A,Sensor C,8.053
4831,Subsystem A,Sensor D,1.860
4832,Subsystem D,Sensor O,-2.298
4833,Subsystem C,Sensor L,8.802
4834,Subsystem D,Sensor N,-2.987
4835,Subsystem B,Sensor H,5.673
4836,Subsystem C,Sensor J,2.258
4837,Subsystem A,Sensor D,2.478
4838,Subsystem D,Sensor P,-0.328
4839,Subsystem A,Sensor A,10.428
4840,Subsystem B,Sensor E,9.957
4841,Subsystem C,Sensor L,8.059
4842,Subsystem D,Sensor O,-1.655
4843,Subsystem D,Sensor O,-1.558
4844,Subsystem D,Sensor N,-1.731
4845,Subsystem A,Sensor C,7.313
4846,Subsystem D,Sensor M,-2.213
4847,Subsystem B,Sensor E,12.445
4848,Subsystem C,Sensor I,7.324
4849,Subsystem A,Sensor A,9.564
4850,Subsystem B,Sensor G,14.874
4851,Subsystem A,Sensor B,1.276
4852,Subsystem B,Sensor G,14.266
4853,Subsystem A,Sensor B,1.291
4854,Subsystem A,Sensor A,8.778
4855,Subsystem D,Sensor M,-2.839
4856,Subsystem A,Sensor D,2.842
4857,Subsystem A,Sensor B,1.052
4858,Subsystem B,Sensor E,9.050
4859,Subsystem B,Sensor H,5.486
4860,Subsystem C,Sensor L,10.278
4861,Subsystem D,Sensor O,-2.917
4862,Subsystem D,Sensor P,-1.261
4863,Subsystem B,Sensor G,12.761
4864,Subsystem A,Sensor D,1.908
4865,Subsystem B,Sensor F,10.972
4866,Subsystem A,Sensor B,1.270
4867,Subsystem D,Sensor O,-2.560
4868,Subsystem C,Sensor K,7.286
4869,Subsystem C,Sensor I,11.802
4870,Subsystem C,Sensor I,7.426
4871,Subsystem C,Sensor L,8.773
4872,Subsystem D,Sensor N,-1.350
4873,Subsystem C,Sensor K,5.805
4874,Subsystem A,Sensor A,7.855
4875,Subsystem A,Sensor B,1.264
4876,Subsystem B,Sensor F,10.851
4877,Subsystem C,Sensor J,1.634
4878,Subsystem D,Sensor O,-2.158
4879,Subsystem D,Sensor N,-2.183
4880,Subsystem D,Sensor P,-1.202
4881,Subsystem D,Sensor P,-1.614
4882,Subsystem B,Sensor G,13.320
4883,Subsystem D,Sensor O,-2.693
4884,Subsystem D,Sensor O,-2.039
4885,Subsystem C,Sensor K,7.526
4886,Subsystem B,Sensor E,10.651
4887,Subsystem A,Sensor A,7.639
4888,Subsystem C,Sensor K,7.954
4889,Subsystem B,Sensor E,10.056
4890,Subsystem A,Sensor A,7.040
4891,Subsystem A,Sensor B,1.000
4892,Subsystem B,Sensor E,10.061
4893,Subsystem B,Sensor F,13.118
4894,Subsystem A,Sensor A,8.367
4895,Subsystem C,Sensor L,9.835
4896,Subsystem A,Sensor D,2.824
4897,Subsystem D,Sensor M,-3.000
4898,Subsystem B,Sensor F,15.000
4899,Subsystem A,Sensor C,7.415
4900,Subsystem A,Sensor D,2.583
4901,Subsystem B,Sensor H,4.977
4902,Subsystem C,Sensor J,1.171
4903,Subsystem D,Sensor P,-0.857
4904,Subsystem D,Sensor M,-2.122
4905,Subsystem D,Sensor M,-2.780
4906,Subsystem B,Sensor H,6.465
4907,Subsystem B,Sensor E,11.066
4908,Subsystem B,Sensor F,13.482
4909,Subsystem B,Sensor H,6.112
4910,Subsystem C,Sensor L,7.874
4911,Subsystem C,Sensor J,1.009
4912,Subsystem C,Sensor J,2.035
4913,Subsystem D,Sensor P,-0.881
4914,Subsystem D,Sensor N,-1.639
4915,Subsystem B,Sensor F,11.367
4916,Subsystem C,Sensor K,7.605
4917,Subsystem A,Sensor C,4.254
4918,Subsystem A,Sensor D,1.578
4919,Subsystem D,Sensor O,-2.722
4920,Subsystem B,Sensor E,12.082
4921,Subsystem B,Sensor H,5.198
4922,Subsystem B,Sensor H,3.580
4923,Subsystem B,Sensor G,13.838
4924,Subsystem C,Sensor I,11.574
4925,Subsystem C,Sensor J,1.657
4926,Subsystem B,Sensor E,10.594
4927,Subsystem B,Sensor G,14.379
4928,Subsystem D,Sensor O,-2.704
4929,Subsystem B,Sensor E,9.448
4930,Subsystem D,Sensor O,-2.697
4931,Subsystem D,Sensor O,-1.078
4932,Subsystem D,Sensor O,-1.346
4933,Subsystem A,Sensor C,8.630
4934,Subsystem A,Sensor A,7.464
4935,Subsystem D,Sensor O,-2.623
4936,Subsystem A,Sensor B,1.133
4937,Subsystem D,Sensor O,-1.782
4938,Subsystem C,Sensor K,7.843
4939,Subsystem A,Sensor C,5.932
4940,Subsystem C,Sensor L,8.940
4941,Subsystem C,Sensor K,5.005
4942,Subsystem A,Sensor A,9.682
4943,Subsystem C,Sensor L,10.394
4944,Subsystem B,Sensor E,9.070
4945,Subsystem B,Sensor H,6.821
4946,Subsystem B,Sensor H,3.178
4947,Subsystem D,Sensor P,-0.233
4948,Subsystem B,Sensor F,11.512
4949,Subsystem D,Sensor O,-2.170
4950,Subsystem A,Sensor A,6.386
4951,Subsystem A,Sensor B,1.712
4952,Subsystem D,Sensor M,-2.896
4953,Subsystem D,Sensor N,0.000
4954,Subsystem B,Sensor E,9.956
4955,Subsystem D,Sensor P,-0.179
4956,Subsystem C,Sensor K,6.100
4957,Subsystem D,Sensor O,-2.408
4958,Subsystem D,Sensor O,-2.553
4959,Subsystem D,Sensor O,-1.663
4960,Subsystem D,Sensor O,-2.171
4961,Subsystem A,Sensor A,8.921
4962,Subsystem A,Sensor A,5.851
4963,Subsystem A,Sensor B,1.133
4964,Subsystem B,Sensor H,6.160
4965,Subsystem B,Sensor H,6.555
4966,Subsystem A,Sensor D,3.155
4967,Subsystem D,Sensor N,-1.739
4968,Subsystem C,Sensor L,10.546
4969,Subsystem A,Sensor B,1.000
4970,Subsystem B,Sensor E,11.176
4971,Subsystem C,Sensor I,7.842
4972,Subsystem C,Sensor K,5.896
4973,Subsystem C,Sensor I,8.270
4974,Subsystem B,Sensor H,5.823
4975,Subsystem D,Sensor N,-1.808
4976,Subsystem C,Sensor L,9.963
4977,Subsystem D,Sensor N,0.000
4978,Subsystem B,Sensor G,14.120
4979,Subsystem A,Sensor B,1.205
4980,Subsystem B,Sensor E,11.900
4981,Subsystem C,Sensor I,7.313
4982,Subsystem B,Sensor F,11.388
4983,Subsystem C,Sensor J,1.140
4984,Subsystem C,Sensor K,5.461
4985,Subsystem A,Sensor B,1.830
4986,Subsystem C,Sensor K,6.501
4987,Subsystem D,Sensor M,-2.122
4988,Subsystem A,Sensor A,8.438
4989,Subsystem C,Sensor K,7.431
4990,Subsystem B,Sensor F,13.608
4991,Subsystem C,Sensor K,5.435
4992,Subsystem D,Sensor O,-1.354
4993,Subsystem D,Sensor N,-0.002
4994,Subsystem B,Sensor G,12.534
4995,Subsystem B,Sensor F,13.549
4996,Subsystem D,Sensor N,-1.171
4997,Subsystem B,Sensor G,12.554
4998,Subsystem B,Sensor G,14.506
4999,Subsystem A,Sensor A,10.239
5000,Subsystem D,Sensor P,-0.101
5001,Subsystem C,Sensor J,1.230
5002,Subsystem A,Sensor A,8.009
5003,Subsystem C,Sensor J,1.938
5004,Subsystem A,Sensor A,5.763
5005,Subsystem C,Sensor J,1.547
5006,Subsystem D,Sensor N,-2.057
5007,Subsystem D,Sensor N,-2.421
5008,Subsystem D,Sensor P,-0.475
5009,Subsystem A,Sensor B,1.000
5010,Subsystem A,Sensor D,1.578
5011,Subsystem A,Sensor C,7.749
5012,Subsystem A,Sensor B,1.164
5013,Subsystem A,Sensor C,6.008
5014,Subsystem B,Sensor H,4.087
5015,Subsystem D,Sensor O,-2.223
5016,Subsystem D,Sensor P,-1.138
5017,Subsystem C,Sensor L,7.391
5018,Subsystem A,Sensor B,1.903
5019,Subsystem C,Sensor K,3.815
5020,Subsystem B,Sensor E,10.749
5021,Subsystem C,Sensor L,9.420
5022,Subsystem A,Sensor B,1.000
5023,Subsystem D,Sensor P,-1.012
5024,Subsystem B,Sensor E,10.946
5025,Subsystem D,Sensor N,-1.775
5026,Subsystem B,Sensor F,11.222
5027,Subsystem B,Sensor F,10.393
5028,Subsystem C,Sensor K,6.486
5029,Subsystem A,Sensor D,1.736
5030,Subsystem A,Sensor D,2.414
5031,Subsystem A,Sensor C,7.376
5032,Subsystem B,Sensor F,10.986
5033,Subsystem C,Sensor J,1.000
5034,Subsystem B,Sensor G,13.990
5035,Subsystem C,Sensor I,7.328
5036,Subsystem A,Sensor D,3.016
5037,Subsystem C,Sensor L,10.306
5038,Subsystem D,Sensor M,-1.942
5039,Subsystem D,Sensor N,-1.847
5040,Subsystem C,Sensor J,1.115
5041,Subsystem D,Sensor P,-2.205
5042,Subsystem B,Sensor G,14.734
5043,Subsystem C,Sensor J,1.682
5044,Subsystem A,Sensor C,5.979
5045,Subsystem B,Sensor H,3.639
5046,Subsystem B,Sensor E,10.751
5047,Subsystem C,Sensor I,11.458
5048,Subsystem D,Sensor O,-2.296
5049,Subsystem B,Sensor G,14.026
5050,Subsystem A,Sensor C,6.923
5051,Subsystem C,Sensor K,7.587
5052,Subsystem B,Sensor H,3.970
5053,Subsystem B,Sensor G,13.795
5054,Subsystem D,Sensor N,-1.058
5055,Subsystem D,Sensor M,-2.428
5056,Subsystem D,Sensor M,-2.634
5057,Subsystem B,Sensor H,6.588
5058,Subsystem B,Sensor E,12.169
5059,Subsystem A,Sensor A,9.391
5060,Subsystem D,Sensor N,-0.076
5061,Subsystem B,Sensor G,14.096
5062,Subsystem D,Sensor N,-1.396
5063,Subsystem A,Sensor D,2.800
5064,Subsystem B,Sensor G,13.988
5065,Subsystem C,Sensor J,1.950
5066,Subsystem A,Sensor C,7.273
5067,Subsystem A,Sensor B,1.155
5068,Subsystem D,Sensor P,0.000
5069,Subsystem D,Sensor O,-1.522
5070,Subsystem D,Sensor P,-0.059
5071,Subsystem A,Sensor C,5.537
5072,Subsystem D,Sensor M,-2.267
5073,Subsystem D,Sensor M,-2.578
5074,Subsystem D,Sensor M,-3.000
5075,Subsystem C,Sensor L,9.698
5076,Subsystem A,Sensor B,1.213
5077,Subsystem A,Sensor D,1.826
5078,Subsystem B,Sensor H,3.756
5079,Subsystem D,Sensor M,-1.951
5080,Subsystem C,Sensor K,5.348
5081,Subsystem D,Sensor M,-2.675
5082,Subsystem C,Sensor L,8.814
5083,Subsystem B,Sensor E,10.740
5084,Subsystem D,Sensor O,-1.270
5085,Subsystem A,Sensor C,7.676
5086,Subsystem A,Sensor B,1.255
5087,Subsystem C,Sensor J,1.442
5088,Subsystem C,Sensor K,5.620
5089,Subsystem C,Sensor L,8.594
5090,Subsystem B,Sensor E,10.162
5091,Subsystem B,Sensor F,10.791
5092,Subsystem B,Sensor F,13.940
5093,Subsystem A,Sensor A,5.625
5094,Subsystem A,Sensor A,9.644
5095,Subsystem B,Sensor E,12.626
5096,Subsystem D,Sensor O,-2.304
5097,Subsystem C,Sensor K,5.323
5098,Subsystem A,Sensor A,7.078
5099,Subsystem B,Sensor F,13.645
5100,Subsystem C,Sensor K,5.610
5101,Subsystem A,Sensor A,7.816
5102,Subsystem D,Sensor O,-1.198
5103,Subsystem D,Sensor M,-2.200
5104,Subsystem B,Sensor H,4.831
5105,Subsystem B,Sensor G,14.630
5106,Subsystem B,Sensor H,6.385
5107,Subsystem C,Sensor I,7.816
5108,Subsystem A,Sensor D,3.064
5109,Subsystem A,Sensor B,1.529
5110,Subsystem A,Sensor D,3.615
5111,Subsystem B,Sensor E,11.502
5112,Subsystem D,Sensor O,-1.455
5113,Subsystem D,Sensor M,-2.425
5114,Subsystem D,Sensor O,-3.000
5115,Subsystem D,Sensor M,-1.924
5116,Subsystem A,Sensor B,1.614
5117,Subsystem A,Sensor D,1.981
5118,Subsystem C,Sensor K,4.697
5119,Subsystem C,Sensor I,10.786
5120,Subsystem D,Sensor P,-0.116
5121,Subsystem A,Sensor D,2.059
5122,Subsystem C,Sensor J,2.318
5123,Subsystem B,Sensor E,10.394
5124,Subsystem B,Sensor F,11.388
5125,Subsystem D,Sensor O,-1.189
5126,Subsystem B,Sensor E,12.533
5127,Subsystem C,Sensor L,8.315
5128,Subsystem C,Sensor K,8.005
5129,Subsystem B,Sensor H,3.067
5130,Subsystem C,Sensor I,7.616
5131,Subsystem A,Sensor D,2.856
5132,Subsystem B,Sensor H,3.831
5133,Subsystem B,Sensor G,14.974
5134,Subsystem C,Sensor I,12.300
5135,Subsystem B,Sensor G,14.184
5136,Subsystem A,Sensor C,6.881
5137,Subsystem C,Sensor L,7.980
5138,Subsystem B,Sensor G,13.910
5139,Subsystem B,Sensor H,5.640
5140,Subsystem D,Sensor M,-2.861
5141,Subsystem C,Sensor J,1.039
5142,Subsystem B,Sensor H,4.056
5143,Subsystem B,Sensor F,13.673
5144,Subsystem B,Sensor E,12.279
5145,Subsystem B,Sensor E,8.859
5146,Subsystem A,Sensor A,9.913
5147,Subsystem D,Sensor N,-1.530
5148,Subsystem B,Sensor F,10.630
5149,Subsystem C,Sensor I,11.706
5150,Subsystem A,Sensor A,9.074
5151,Subsystem B,Sensor E,9.091
5152,Subsystem D,Sensor M,-2.912
5153,Subsystem C,Sensor K,6.312
5154,Subsystem D,Sensor N,-1.048
5155,Subsystem A,Sensor C,8.313
5156,Subsystem A,Sensor D,2.786
5157,Subsystem A,Sensor D,2.406
5158,Subsystem A,Sensor D,1.834
5159,Subsystem A,Sensor A,4.799
5160,Subsystem A,Sensor A,7.688
5161,Subsystem D,Sensor N,-0.515
5162,Subsystem A,Sensor A,7.495
5163,Subsystem D,Sensor N,-1.408
5164,Subsystem D,Sensor N,-2.298
5165,Subsystem C,Sensor I,7.777
5166,Subsystem D,Sensor P,-2.404
5167,Subsystem D,Sensor P,-1.198
5168,Subsystem B,Sensor H,3.660
5169,Subsystem D,Sensor N,-0.528
5170,Subsystem D,Sensor O,-2.575
5171,Subsystem B,Sensor E,10.698
5172,Subsystem D,Sensor M,-2.738
5173,Subsystem C,Sensor I,8.308
5174,Subsystem B,Sensor F,11.429
5175,Subsystem B,Sensor G,15.000
5176,Subsystem D,Sensor O,-1.320
5177,Subsystem A,Sensor C,5.948
5178,Subsystem A,Sensor D,2.951
5179,Subsystem D,Sensor N,-1.957
5180,Subsystem B,Sensor E,12.022
5181,Subsystem C,Sensor K,4.671
5182,Subsystem B,Sensor H,2.710
5183,Subsystem B,Sensor G,14.847
5184,Subsystem A,Sensor C,5.215
5185,Subsystem A,Sensor D,3.174
5186,Subsystem A,Sensor B,2.158
5187,Subsystem A,Sensor C,6.945
5188,Subsystem A,Sensor A,7.296
5189,Subsystem B,Sensor H,3.694
5190,Subsystem C,Sensor I,8.261
5191,Subsystem D,Sensor P,-0.127
5192,Subsystem A,Sensor A,5.010
5193,Subsystem C,Sensor J,1.201
5194,Subsystem B,Sensor E,9.868
5195,Subsystem C,Sensor K,6.768
5196,Subsystem A,Sensor A,9.094
5197,Subsystem C,Sensor L,8.769
5198,Subsystem B,Sensor G,14.065
5199,Subsystem B,Sensor H,6.372
5200,Subsystem D,Sensor N,-1.944
5201,Subsystem B,Sensor E,9.641
5202,Subsystem A,Sensor A,8.219
5203,Subsystem B,Sensor F,12.877
5204,Subsystem A,Sensor D,2.242
5205,Subsystem B,Sensor G,14.344
5206,Subsystem B,Sensor F,15.000
5207,Subsystem C,Sensor L,8.522
5208,Subsystem C,Sensor J,1.149
5209,Subsystem D,Sensor M,-2.855
5210,Subsystem C,Sensor L,7.970
5211,Subsystem C,Sensor K,3.533
5212,Subsystem A,Sensor A,8.811
5213,Subsystem B,Sensor E,10.707
5214,Subsystem B,Sensor F,13.174
5215,Subsystem C,Sensor K,7.870
5216,Subsystem A,Sensor A,7.599
5217,Subsystem A,Sensor A,7.444
5218,Subsystem D,Sensor N,-2.532
5219,Subsystem A,Sensor C,6.133
5220,Subsystem A,Sensor C,5.866
5221,Subsystem C,Sensor L,9.787
5222,Subsystem B,Sensor F,10.956
5223,Subsystem C,Sensor J,1.174
5224,Subsystem B,Sensor G,14.519
5225,Subsystem D,Sensor N,-1.440
5226,Subsystem D,Sensor P,-1.041
5227,Subsystem B,Sensor G,15.000
5228,Subsystem C,Sensor J,1.854
5229,Subsystem A,Sensor D,1.659
5230,Subsystem B,Sensor G,13.997
5231,Subsystem B,Sensor E,11.137
5232,Subsystem D,Sensor N,-1.282
5233,Subsystem B,Sensor E,9.544
5234,Subsystem C,Sensor L,10.285
5235,Subsystem C,Sensor J,2.118
5236,Subsystem B,Sensor E,11.091
5237,Subsystem D,Sensor P,0.000
5238,Subsystem C,Sensor K,5.550
5239,Subsystem A,Sensor D,1.658
5240,Subsystem C,Sensor J,1.103
5241,Subsystem C,Sensor K,7.506
5242,Subsystem C,Sensor L,9.187
5243,Subsystem A,Sensor D,3.069
5244,Subsystem A,Sensor A,6.460
5245,Subsystem B,Sensor E,11.342
5246,Subsystem C,Sensor I,11.332
5247,Subsystem D,Sensor P,-0.257
5248,Subsystem A,Sensor A,8.882
5249,Subsystem A,Sensor B,1.501
5250,Subsystem A,Sensor B,1.765
5251,Subsystem A,Sensor A,4.623
5252,Subsystem B,Sensor F,13.556
5253,Subsystem A,Sensor C,4.738
5254,Subsystem C,Sensor J,2.669
5255,Subsystem B,Sensor G,12.412
5256,Subsystem A,Sensor C,6.493
5257,Subsystem B,Sensor H,6.893
5258,Subsystem C,Sensor L,10.151
5259,Subsystem B,Sensor H,3.337
5260,Subsystem B,Sensor H,5.745
5261,Subsystem C,Sensor J,1.226
5262,Subsystem A,Sensor A,9.840
5263,Subsystem D,Sensor M,-2.567
5264,Subsystem D,Sensor O,-2.113
5265,Subsystem B,Sensor H,7.008
5266,Subsystem B,Sensor E,11.974
5267,Subsystem A,Sensor B,1.289
5268,Subsystem D,Sensor N,-0.695
5269,Subsystem B,Sensor E,9.973
5270,Subsystem D,Sensor N,-0.475
5271,Subsystem B,Sensor E,10.644
5272,Subsystem C,Sensor J,1.409
5273,Subsystem D,Sensor O,-2.615
5274,Subsystem A,Sensor B,1.218
5275,Subsystem A,Sensor A,7.426
5276,Subsystem B,Sensor E,10.742
5277,Subsystem D,Sensor O,-1.607
5278,Subsystem D,Sensor M,-2.077
5279,Subsystem B,Sensor G,13.718
5280,Subsystem A,Sensor D,1.844
5281,Subsystem A,Sensor C,7.479
5282,Subsystem C,Sensor J,1.448
5283,Subsystem D,Sensor O,-2.263
5284,Subsystem D,Sensor N,-1.784
5285,Subsystem D,Sensor M,-2.890
5286,Subsystem A,Sensor C,7.679
5287,Subsystem B,Sensor G,11.953
5288,Subsystem D,Sensor P,-1.259
5289,Subsystem B,Sensor F,10.918
5290,Subsystem B,Sensor G,13.029
5291,Subsystem B,Sensor H,4.411
5292,Subsystem B,Sensor F,11.792
5293,Subsystem C,Sensor L,9.538
5294,Subsystem A,Sensor C,3.212
5295,Subsystem B,Sensor F,13.737
5296,Subsystem B,Sensor H,5.616
5297,Subsystem C,Sensor K,5.988
5298,Subsystem A,Sensor C,4.446
5299,Subsystem D,Sensor N,-1.160
5300,Subsystem A,Sensor B,1.356
5301,Subsystem C,Sensor K,5.623
5302,Subsystem B,Sensor H,6.370
5303,Subsystem A,Sensor A,8.243
5304,Subsystem B,Sensor G,14.540
5305,Subsystem C,Sensor L,8.558
5306,Subsystem C,Sensor K,5.027
5307,Subsystem A,Sensor B,1.168
5308,Subsystem C,Sensor J,1.339
5309,Subsystem C,Sensor L,9.674
5310,Subsystem B,Sensor G,13.571
5311,Subsystem A,Sensor B,1.749
5312,Subsystem B,Sensor H,6.946
5313,Subsystem C,Sensor I,7.788
5314,Subsystem A,Sensor C,5.369
5315,Subsystem B,Sensor G,14.427
5316,Subsystem D,Sensor O,-1.241
5317,Subsystem C,Sensor J,1.000
5318,Subsystem B,Sensor E,9.351
5319,Subsystem C,Sensor L,9.869
5320,Subsystem C,Sensor L,9.071
5321,Subsystem B,Sensor H,4.988
5322,Subsystem A,Sensor B,1.328
5323,Subsystem A,Sensor B,1.093
5324,Subsystem C,Sensor K,7.846
5325,Subsystem D,Sensor P,-0.780
5326,Subsystem D,Sensor O,-0.915
5327,Subsystem A,Sensor A,8.429
5328,Subsystem C,Sensor K,6.058
5329,Subsystem C,Sensor L,7.405
5330,Subsystem A,Sensor B,1.955
5331,Subsystem D,Sensor P,-0.656
5332,Subsystem A,Sensor A,8.760
5333,Subsystem A,Sensor C,5.679
5334,Subsystem D,Sensor P,-1.075
5335,Subsystem D,Sensor P,-0.597
5336,Subsystem B,Sensor E,10.980
5337,Subsystem D,Sensor N,-0.027
5338,Subsystem A,Sensor C,4.033
5339,Subsystem A,Sensor A,8.980
5340,Subsystem D,Sensor O,-2.072
5341,Subsystem B,Sensor G,14.130
5342,Subsystem C,Sensor K,6.682
5343,Subsystem B,Sensor G,14.999
5344,Subsystem A,Sensor C,3.930
5345,Subsystem D,Sensor M,-2.644
5346,Subsystem A,Sensor D,1.690
5347,Subsystem C,Sensor I,7.416
5348,Subsystem A,Sensor D,1.958
5349,Subsystem A,Sensor B,1.985
5350,Subsystem B,Sensor E,11.730
5351,Subsystem D,Sensor O,-1.588
5352,Subsystem A,Sensor D,3.090
5353,Subsystem C,Sensor I,8.023
5354,Subsystem B,Sensor G,14.899
5355,Subsystem D,Sensor P,-1.147
5356,Subsystem D,Sensor P,-0.657
5357,Subsystem D,Sensor P,-1.314
5358,Subsystem B,Sensor G,13.840
5359,Subsystem A,Sensor C,5.224
5360,Subsystem C,Sensor K,5.561
5361,Subsystem A,Sensor A,7.534
5362,Subsystem A,Sensor C,3.993
5363,Subsystem B,Sensor E,12.868
5364,Subsystem C,Sensor L,9.083
5365,Subsystem C,Sensor I,8.693
5366,Subsystem B,Sensor E,11.850
5367,Subsystem C,Sensor L,8.966
5368,Subsystem A,Sensor C,7.595
5369,Subsystem B,Sensor G,14.925
5370,Subsystem A,Sensor D,2.289
5371,Subsystem D,Sensor M,-2.554
5372,Subsystem C,Sensor L,9.038
5373,Subsystem D,Sensor O,-2.843
5374,Subsystem B,Sensor G,14.379
5375,Subsystem D,Sensor O,-1.745
5376,Subsystem D,Sensor M,-3.000
5377,Subsystem A,Sensor A,7.404
5378,Subsystem B,Sensor F,10.431
5379,Subsystem C,Sensor J,1.887
5380,Subsystem C,Sensor L,9.228
5381,Subsystem A,Sensor D,2.119
5382,Subsystem C,Sensor I,8.785
5383,Subsystem A,Sensor C,6.996
5384,Subsystem D,Sensor P,-0.006
5385,Subsystem A,Sensor D,2.752
5386,Subsystem D,Sensor N,-2.268
5387,Subsystem C,Sensor K,5.341
5388,Subsystem B,Sensor E,10.737
5389,Subsystem A,Sensor D,2.963
5390,Subsystem D,Sensor O,-0.872
5391,Subsystem C,Sensor I,11.455
5392,Subsystem B,Sensor E,12.276
5393,Subsystem B,Sensor E,9.081
5394,Subsystem A,Sensor B,1.496
5395,Subsystem A,Sensor A,9.576
5396,Subsystem A,Sensor C,7.703
5397,Subsystem B,Sensor H,3.231
5398,Subsystem C,Sensor K,6.617
5399,Subsystem B,Sensor E,9.991
5400,Subsystem B,Sensor F,13.525
5401,Subsystem A,Sensor C,7.837
5402,Subsystem A,Sensor A,7.539
5403,Subsystem C,Sensor I,11.982
5404,Subsystem D,Sensor P,-2.241
5405,Subsystem C,Sensor L,7.740
5406,Subsystem C,Sensor I,11.682
5407,Subsystem D,Sensor P,-1.462
5408,Subsystem D,Sensor N,-1.562
5409,Subsystem C,Sensor J,1.681
5410,Subsystem C,Sensor K,6.521
5411,Subsystem B,Sensor F,11.337
5412,Subsystem A,Sensor B,1.556
5413,Subsystem D,Sensor N,-2.179
5414,Subsystem A,Sensor B,1.210
5415,Subsystem D,Sensor M,-2.811
5416,Subsystem D,Sensor N,-1.149
5417,Subsystem B,Sensor G,12.448
5418,Subsystem C,Sensor I,7.428
5419,Subsystem B,Sensor G,12.845
5420,Subsystem B,Sensor E,9.137
5421,Subsystem D,Sensor P,-0.176
5422,Subsystem A,Sensor B,1.169
5423,Subsystem D,Sensor M,-2.071
5424,Subsystem D,Sensor P,-0.985
5425,Subsystem C,Sensor K,7.155
5426,Subsystem D,Sensor P,-0.223
5427,Subsystem B,Sensor H,3.398
5428,Subsystem B,Sensor H,6.153
5429,Subsystem A,Sensor D,3.354
5430,Subsystem C,Sensor L,8.154
5431,Subsystem A,Sensor D,3.262
5432,Subsystem B,Sensor F,11.162
5433,Subsystem B,Sensor F,13.020
5434,Subsystem A,Sensor D,1.221
5435,Subsystem D,Sensor M,-2.841
5436,Subsystem A,Sensor A,8.493
5437,Subsystem A,Sensor C,5.354
5438,Subsystem B,Sensor H,5.221
5439,Subsystem D,Sensor N,-1.574
5440,Subsystem A,Sensor A,7.544
5441,Subsystem D,Sensor O,-2.909
5442,Subsystem D,Sensor N,-1.203
5443,Subsystem D,Sensor N,-2.435
5444,Subsystem B,Sensor H,6.299
5445,Subsystem A,Sensor D,1.756
5446,Subsystem C,Sensor J,1.714
5447,Subsystem B,Sensor G,13.876
5448,Subsystem B,Sensor E,10.304
5449,Subsystem D,Sensor P,-1.752
5450,Subsystem B,Sensor G,14.432
5451,Subsystem C,Sensor K,4.482
5452,Subsystem A,Sensor C,3.463
5453,Subsystem C,Sensor I,8.820
5454,Subsystem A,Sensor D,2.294
5455,Subsystem D,Sensor M,-2.640
5456,Subsystem D,Sensor P,-1.401
5457,Subsystem C,Sensor I,7.735
5458,Subsystem D,Sensor P,-1.614
5459,Subsystem A,Sensor D,2.943
5460,Subsystem A,Sensor D,3.285
5461,Subsystem C,Sensor I,9.656
5462,Subsystem A,Sensor C,3.194
5463,Subsystem D,Sensor P,-0.223
5464,Subsystem A,Sensor C,7.336
5465,Subsystem D,Sensor M,-1.877
5466,Subsystem B,Sensor F,14.590
5467,Subsystem A,Sensor B,1.176
5468,Subsystem C,Sensor L,9.141
5469,Subsystem B,Sensor E,10.206
5470,Subsystem B,Sensor F,13.171
5471,Subsystem C,Sensor J,1.340
5472,Subsystem B,Sensor F,10.847
5473,Subsystem C,Sensor L,8.918
5474,Subsystem A,Sensor C,3.797
5475,Subsystem A,Sensor B,1.126
5476,Subsystem B,Sensor H,6.331
5477,Subsystem A,Sensor D,3.199
5478,Subsystem C,Sensor J,1.000
5479,Subsystem B,Sensor G,12.658
5480,Subsystem D,Sensor N,-1.678
5481,Subsystem B,Sensor E,9.211
5482,Subsystem A,Sensor B,2.242
5483,Subsystem D,Sensor N,-1.479
5484,Subsystem A,Sensor C,7.997
5485,Subsystem B,Sensor F,15.000
5486,Subsystem B,Sensor F,12.261
5487,Subsystem C,Sensor J,1.960
5488,Subsystem D,Sensor P,-0.282
5489,Subsystem D,Sensor N,-1.929
5490,Subsystem A,Sensor B,2.416
5491,Subsystem C,Sensor I,9.650
5492,Subsystem A,Sensor C,4.601
5493,Subsystem B,Sensor H,3.622
5494,Subsystem D,Sensor O,-2.070
5495,Subsystem D,Sensor P,-2.019
5496,Subsystem C,Sensor J,1.174
5497,Subsystem D,Sensor M,-2.127
5498,Subsystem B,Sensor F,14.694
5499,Subsystem C,Sensor J,1.395
5500,Subsystem A,Sensor C,3.619
5501,Subsystem B,Sensor F,11.659
5502,Subsystem C,Sensor I,7.879
5503,Subsystem B,Sensor E,10.927
5504,Subsystem D,Sensor N,-1.206
5505,Subsystem D,Sensor P,-0.358
5506,Subsystem D,Sensor M,-2.679
5507,Subsystem D,Sensor P,-0.307
5508,Subsystem C,Sensor I,11.958
5509,Subsystem B,Sensor E,9.940
5510,Subsystem A,Sensor D,2.939
5511,Subsystem A,Sensor A,9.816
5512,Subsystem C,Sensor J,1.761
5513,Subsystem D,Sensor O,-0.586
5514,Subsystem A,Sensor D,3.804
5515,Subsystem D,Sensor O,-1.826
5516,Subsystem B,Sensor G,12.933
5517,Subsystem A,Sensor B,1.195
5518,Subsystem B,Sensor H,5.263
5519,Subsystem C,Sensor L,9.076
5520,Subsystem A,Sensor B,2.068
5521,Subsystem B,Sensor F,11.672
5522,Subsystem D,Sensor P,-0.153
5523,Subsystem B,Sensor E,11.840
5524,Subsystem D,Sensor N,-1.957
5525,Subsystem C,Sensor K,5.686
5526,Subsystem B,Sensor H,5.946
5527,Subsystem B,Sensor E,9.618
5528,Subsystem C,Sensor J,1.655
5529,Subsystem A,Sensor C,7.137
5530,Subsystem A,Sensor C,5.703
5531,Subsystem B,Sensor G,13.849
5532,Subsystem A,Sensor D,1.752
5533,Subsystem D,Sensor O,-2.086
5534,Subsystem D,Sensor P,0.000
5535,Subsystem C,Sensor L,10.740
5536,Subsystem B,Sensor H,3.074
5537,Subsystem A,Sensor B,1.163
5538,Subsystem B,Sensor E,11.029
5539,Subsystem D,Sensor N,-1.071
5540,Subsystem A,Sensor D,1.688
5541,Subsystem D,Sensor M,-2.955
5542,Subsystem A,Sensor A,5.843
5543,Subsystem B,Sensor E,11.099
5544,Subsystem C,Sensor L,9.033
5545,Subsystem A,Sensor B,1.504
5546,Subsystem A,Sensor A,9.049
5547,Subsystem C,Sensor I,7.637
5548,Subsystem B,Sensor F,14.561
5549,Subsystem C,Sensor J,1.021
5550,Subsystem C,Sensor I,7.939
5551,Subsystem B,Sensor G,13.855
5552,Subsystem D,Sensor P,-1.290
5553,Subsystem B,Sensor H,3.096
5554,Subsystem C,Sensor K,6.709
5555,Subsystem C,Sensor J,2.262
5556,Subsystem D,Sensor N,-2.009
5557,Subsystem A,Sensor D,1.398
5558,Subsystem C,Sensor I,11.799
5559,Subsystem C,Sensor L,8.904
5560,Subsystem B,Sensor F,11.124
5561,Subsystem B,Sensor F,14.107
5562,Subsystem B,Sensor H,5.734
5563,Subsystem D,Sensor M,-1.947
5564,Subsystem B,Sensor E,11.951
5565,Subsystem D,Sensor P,-2.050
5566,Subsystem A,Sensor A,6.146
5567,Subsystem D,Sensor N,-1.977
5568,Subsystem B,Sensor G,14.436
5569,Subsystem C,Sensor L,7.864
5570,Subsystem A,Sensor C,6.631
5571,Subsystem D,Sensor N,-1.715
5572,Subsystem C,Sensor I,8.051
5573,Subsystem D,Sensor O,-1.481
5574,Subsystem C,Sensor I,7.373
5575,Subsystem D,Sensor M,-1.729
5576,Subsystem B,Sensor G,15.000
5577,Subsystem D,Sensor N,-1.685
5578,Subsystem C,Sensor L,9.077
5579,Subsystem A,Sensor B,1.489
5580,Subsystem B,Sensor H,2.647
5581,Subsystem D,Sensor M,-3.000
5582,Subsystem D,Sensor O,-2.902
5583,Subsystem C,Sensor I,9.635
5584,Subsystem A,Sensor A,7.279
5585,Subsystem D,Sensor M,-2.348
5586,Subsystem C,Sensor I,12.357
5587,Subsystem A,Sensor C,6.028
5588,Subsystem D,Sensor O,-2.059
5589,Subsystem C,Sensor I,10.638
5590,Subsystem C,Sensor I,8.054
5591,Subsystem C,Sensor I,8.214
5592,Subsystem B,Sensor G,12.524
5593,Subsystem A,Sensor A,7.865
5594,Subsystem D,Sensor O,-2.043
5595,Subsystem A,Sensor D,1.722
5596,Subsystem C,Sensor L,8.687
5597,Subsystem A,Sensor D,3.428
5598,Subsystem A,Sensor D,1.647
5599,Subsystem A,Sensor B,1.147
5600,Subsystem D,Sensor O,-0.662
5601,Subsystem D,Sensor N,-1.286
5602,Subsystem A,Sensor A,7.820
5603,Subsystem D,Sensor M,-2.552
5604,Subsystem D,Sensor O,-1.378
5605,Subsystem C,Sensor J,1.915
5606,Subsystem A,Sensor C,3.582
5607,Subsystem D,Sensor O,-1.914
5608,Subsystem D,Sensor O,-2.718
5609,Subsystem D,Sensor N,-0.984
5610,Subsystem A,Sensor A,8.892
5611,Subsystem D,Sensor M,-2.594
5612,Subsystem C,Sensor L,10.077
5613,Subsystem C,Sensor K,8.201
5614,Subsystem B,Sensor H,5.032
5615,Subsystem C,Sensor J,1.585
5616,Subsystem C,Sensor K,3.695
5617,Subsystem D,Sensor P,-0.430
5618,Subsystem B,Sensor F,11.334
5619,Subsystem B,Sensor H,5.877
5620,Subsystem B,Sensor G,13.883
5621,Subsystem D,Sensor N,-1.279
5622,Subsystem B,Sensor F,11.344
5623,Subsystem C,Sensor L,8.021
5624,Subsystem D,Sensor P,-2.547
5625,Subsystem B,Sensor H,6.527
5626,Subsystem C,Sensor L,8.742
5627,Subsystem C,Sensor I,8.153
5628,Subsystem B,Sensor H,6.779
5629,Subsystem A,Sensor B,1.033
5630,Subsystem C,Sensor J,1.842
5631,Subsystem D,Sensor O,-2.426
5632,Subsystem C,Sensor L,10.179
5633,Subsystem A,Sensor A,6.892
5634,Subsystem A,Sensor D,3.242
5635,Subsystem A,Sensor C,8.196
5636,Subsystem D,Sensor P,-0.782
5637,Subsystem D,Sensor N,-1.908
5638,Subsystem A,Sensor A,8.610
5639,Subsystem B,Sensor E,12.394
5640,Subsystem B,Sensor G,12.202
5641,Subsystem D,Sensor O,-2.409
5642,Subsystem A,Sensor A,8.716
5643,Subsystem A,Sensor A,7.239
5644,Subsystem D,Sensor M,-2.550
5645,Subsystem D,Sensor M,-2.436
5646,Subsystem A,Sensor D,1.770
5647,Subsystem A,Sensor C,5.164
5648,Subsystem D,Sensor O,-2.190
5649,Subsystem B,Sensor G,14.996
5650,Subsystem B,Sensor E,10.735
5651,Subsystem D,Sensor N,-2.585
5652,Subsystem B,Sensor F,13.623
5653,Subsystem C,Sensor L,7.814
5654,Subsystem D,Sensor P,-1.812
5655,Subsystem A,Sensor B,2.424
5656,Subsystem B,Sensor G,13.257
5657,Subsystem B,Sensor G,11.960
5658,Subsystem B,Sensor F,12.335
5659,Subsystem D,Sensor P,-0.338
5660,Subsystem D,Sensor O,-2.397
5661,Subsystem B,Sensor G,13.570
5662,Subsystem B,Sensor F,10.237
5663,Subsystem B,Sensor H,3.160
5664,Subsystem C,Sensor L,9.982
5665,Subsystem A,Sensor A,9.752
5666,Subsystem B,Sensor G,13.844
5667,Subsystem D,Sensor O,-2.623
5668,Subsystem A,Sensor A,8.930
5669,Subsystem B,Sensor F,11.285
5670,Subsystem D,Sensor O,-2.323
5671,Subsystem C,Sensor L,9.442
5672,Subsystem A,Sensor A,8.811
5673,Subsystem B,Sensor E,9.119
5674,Subsystem B,Sensor E,12.575
5675,Subsystem C,Sensor K,7.387
5676,Subsystem A,Sensor D,1.779
5677,Subsystem D,Sensor M,-2.705
5678,Subsystem B,Sensor G,13.483
5679,Subsystem C,Sensor L,8.138
5680,Subsystem C,Sensor K,5.370
5681,Subsystem B,Sensor H,5.902
5682,Subsystem D,Sensor M,-2.221
5683,Subsystem B,Sensor H,5.923
5684,Subsystem B,Sensor E,10.927
5685,Subsystem C,Sensor K,5.268
5686,Subsystem C,Sensor K,8.498
5687,Subsystem C,Sensor I,9.400
5688,Subsystem B,Sensor F,14.535
5689,Subsystem B,Sensor E,9.153
5690,Subsystem A,Sensor D,3.092
5691,Subsystem B,Sensor E,10.275
5692,Subsystem D,Sensor N,-1.329
5693,Subsystem D,Sensor N,-1.726
5694,Subsystem D,Sensor P,-0.953
5695,Subsystem A,Sensor D,2.826
5696,Subsystem D,Sensor N,-1.870
5697,Subsystem D,Sensor N,-0.171
5698,Subsystem A,Sensor C,7.281
5699,Subsystem C,Sensor J,1.000
5700,Subsystem A,Sensor C,4.053
5701,Subsystem C,Sensor I,11.885
5702,Subsystem D,Sensor P,-1.216
5703,Subsystem A,Sensor B,1.951
5704,Subsystem A,Sensor A,6.751
5705,Subsystem A,Sensor C,7.869
5706,Subsystem A,Sensor C,3.630
5707,Subsystem A,Sensor A,8.422
5708,Subsystem C,Sensor L,9.924
5709,Subsystem B,Sensor H,6.073
5710,Subsystem B,Sensor G,14.348
5711,Subsystem A,Sensor D,3.384
5712,Subsystem D,Sensor P,-0.857
5713,Subsystem B,Sensor E,10.397
5714,Subsystem A,Sensor D,1.844
5715,Subsystem B,Sensor E,12.083
5716,Subsystem B,Sensor E,10.782
5717,Subsystem A,Sensor B,1.000
5718,Subsystem A,Sensor A,7.814
5719,Subsystem B,Sensor G,15.000
5720,Subsystem A,Sensor D,1.704
5721,Subsystem A,Sensor B,1.984
5722,Subsystem C,Sensor J,1.934
5723,Subsystem C,Sensor K,5.988
5724,Subsystem D,Sensor O,-2.354
5725,Subsystem A,Sensor B,1.127
5726,Subsystem A,Sensor D,3.037
5727,Subsystem B,Sensor E,8.940
5728,Subsystem D,Sensor P,0.000
5729,Subsystem B,Sensor F,14.103
5730,Subsystem C,Sensor I,8.407
5731,Subsystem D,Sensor O,-2.979
5732,Subsystem D,Sensor O,-2.097
5733,Subsystem C,Sensor K,8.577
5734,Subsystem D,Sensor P,-0.763
5735,Subsystem C,Sensor L,8.838
5736,Subsystem A,Sensor A,7.833
5737,Subsystem D,Sensor M,-2.393
5738,Subsystem B,Sensor F,12.611
5739,Subsystem C,Sensor K,7.947
5740,Subsystem D,Sensor N,-1.901
5741,Subsystem B,Sensor H,6.328
5742,Subsystem C,Sensor I,12.321
5743,Subsystem A,Sensor B,1.811
5744,Subsystem B,Sensor H,6.829
5745,Subsystem B,Sensor F,11.222
5746,Subsystem A,Sensor C,3.238
5747,Subsystem A,Sensor D,2.261
5748,Subsystem C,Sensor L,10.252
5749,Subsystem C,Sensor I,9.194
5750,Subsystem B,Sensor F,11.959
5751,Subsystem A,Sensor B,1.099
5752,Subsystem D,Sensor O,-2.115
5753,Subsystem A,Sensor C,5.665
5754,Subsystem D,Sensor O,-1.755
5755,Subsystem A,Sensor D,3.529
5756,Subsystem B,Sensor H,5.803
5757,Subsystem D,Sensor M,-3.000
5758,Subsystem D,Sensor M,-2.427
5759,Subsystem A,Sensor D,2.699
5760,Subsystem C,Sensor I,9.506
5761,Subsystem B,Sensor G,13.486
5762,Subsystem A,Sensor A,10.071
5763,Subsystem B,Sensor E,11.296
5764,Subsystem B,Sensor G,14.840
5765,Subsystem D,Sensor N,-2.184
5766,Subsystem C,Sensor J,2.572
5767,Subsystem B,Sensor F,14.730
5768,Subsystem A,Sensor A,5.001
5769,Subsystem A,Sensor C,8.147
5770,Subsystem C,Sensor I,11.320
5771,Subsystem C,Sensor L,9.211
5772,Subsystem A,Sensor B,1.388
5773,Subsystem C,Sensor J,1.439
5774,Subsystem D,Sensor M,-2.538
5775,Subsystem C,Sensor J,2.202
5776,Subsystem A,Sensor A,7.582
5777,Subsystem A,Sensor D,1.788
5778,Subsystem A,Sensor D,1.855
5779,Subsystem C,Sensor K,5.993
5780,Subsystem B,Sensor F,13.900
5781,Subsystem D,Sensor N,-1.650
5782,Subsystem B,Sensor F,10.910
5783,Subsystem A,Sensor D,3.064
5784,Subsystem A,Sensor A,4.953
5785,Subsystem D,Sensor N,-1.824
5786,Subsystem B,Sensor F,13.339
5787,Subsystem A,Sensor D,3.017
5788,Subsystem B,Sensor E,9.787
5789,Subsystem A,Sensor C,7.400
5790,Subsystem B,Sensor E,9.219
5791,Subsystem A,Sensor B,1.465
5792,Subsystem A,Sensor C,4.278
5793,Subsystem D,Sensor O,-0.936
5794,Subsystem C,Sensor J,1.740
5795,Subsystem B,Sensor G,13.429
5796,Subsystem A,Sensor B,1.523
5797,Subsystem B,Sensor E,9.597
5798,Subsystem B,Sensor F,14.856
5799,Subsystem D,Sensor O,-2.813
5800,Subsystem A,Sensor B,1.042
5801,Subsystem C,Sensor J,2.285
5802,Subsystem A,Sensor D,1.899
5803,Subsystem B,Sensor F,10.906
5804,Subsystem D,Sensor N,-1.557
5805,Subsystem A,Sensor D,4.170
5806,Subsystem A,Sensor B,2.619
5807,Subsystem D,Sensor M,-2.712
5808,Subsystem C,Sensor I,9.373
5809,Subsystem C,Sensor J,2.176
5810,Subsystem B,Sensor F,11.357
5811,Subsystem A,Sensor C,5.020
5812,Subsystem C,Sensor K,7.588
5813,Subsystem D,Sensor N,-1.093
5814,Subsystem B,Sensor H,3.629
5815,Subsystem D,Sensor O,-1.253
5816,Subsystem A,Sensor A,9.040
5817,Subsystem D,Sensor P,-2.462
5818,Subsystem A,Sensor C,6.979
5819,Subsystem A,Sensor A,7.602
5820,Subsystem A,Sensor A,10.181
5821,Subsystem C,Sensor I,11.766
5822,Subsystem C,Sensor I,8.057
5823,Subsystem D,Sensor N,-2.381
5824,Subsystem A,Sensor D,2.166
5825,Subsystem D,Sensor M,-2.244
5826,Subsystem B,Sensor G,13.845
5827,Subsystem A,Sensor B,1.242
5828,Subsystem C,Sensor I,9.304
5829,Subsystem D,Sensor N,-1.091
5830,Subsystem B,Sensor F,13.800
5831,Subsystem C,Sensor L,9.907
5832,Subsystem A,Sensor B,1.140
5833,Subsystem B,Sensor G,14.130
5834,Subsystem A,Sensor C,7.777
5835,Subsystem C,Sensor I,9.537
5836,Subsystem C,Sensor J,2.262
5837,Subsystem B,Sensor G,13.846
5838,Subsystem A,Sensor C,7.499
5839,Subsystem B,Sensor G,14.553
5840,Subsystem D,Sensor N,-1.239
5841,Subsystem A,Sensor C,8.574
5842,Subsystem A,Sensor C,5.511
5843,Subsystem D,Sensor O,-2.174
5844,Subsystem A,Sensor C,7.915
5845,Subsystem C,Sensor I,7.767
5846,Subsystem C,Sensor J,2.427
5847,Subsystem D,Sensor N,-1.085
5848,Subsystem C,Sensor J,1.781
5849,Subsystem A,Sensor A,7.912
5850,Subsystem A,Sensor D,1.123
5851,Subsystem A,Sensor D,3.704
5852,Subsystem C,Sensor J,2.278
5853,Subsystem A,Sensor C,8.755
5854,Subsystem D,Sensor N,-1.712
5855,Subsystem B,Sensor G,14.072
5856,Subsystem A,Sensor B,1.054
5857,Subsystem A,Sensor B,1.670
5858,Subsystem C,Sensor L,9.240
5859,Subsystem C,Sensor I,11.025
5860,Subsystem C,Sensor L,8.075
5861,Subsystem A,Sensor B,1.088
5862,Subsystem C,Sensor L,8.118
5863,Subsystem D,Sensor P,-1.155
5864,Subsystem D,Sensor N,-2.325
5865,Subsystem B,Sensor H,3.879
5866,Subsystem B,Sensor E,11.661
5867,Subsystem D,Sensor P,-0.533
5868,Subsystem A,Sensor A,9.944
5869,Subsystem D,Sensor M,-2.734
5870,Subsystem D,Sensor M,-2.965
5871,Subsystem C,Sensor K,8.052
5872,Subsystem D,Sensor P,-0.522
5873,Subsystem C,Sensor L,8.974
5874,Subsystem C,Sensor I,11.065
5875,Subsystem C,Sensor K,6.085
5876,Subsystem A,Sensor D,1.466
5877,Subsystem C,Sensor I,7.319
5878,Subsystem B,Sensor G,14.455
5879,Subsystem A,Sensor C,5.801
5880,Subsystem D,Sensor M,-2.559
5881,Subsystem A,Sensor A,7.721
5882,Subsystem B,Sensor E,11.819
5883,Subsystem D,Sensor N,-1.381
5884,Subsystem A,Sensor B,1.185
5885,Subsystem B,Sensor F,13.965
5886,Subsystem C,Sensor K,5.887
5887,Subsystem B,Sensor F,10.670
5888,Subsystem C,Sensor K,6.226
5889,Subsystem A,Sensor B,1.473
5890,Subsystem D,Sensor M,-2.122
5891,Subsystem B,Sensor F,13.068
5892,Subsystem D,Sensor O,-1.361
5893,Subsystem D,Sensor N,-2.092
5894,Subsystem C,Sensor K,5.782
5895,Subsystem D,Sensor P,-0.831
5896,Subsystem C,Sensor L,10.627
5897,Subsystem D,Sensor P,-0.133
5898,Subsystem D,Sensor O,-2.655
5899,Subsystem A,Sensor C,5.382
5900,Subsystem B,Sensor E,10.063
5901,Subsystem C,Sensor I,10.604
5902,Subsystem C,Sensor I,11.124
5903,Subsystem C,Sensor J,2.652
5904,Subsystem B,Sensor F,14.721
5905,Subsystem C,Sensor K,3.965
5906,Subsystem C,Sensor K,4.642
5907,Subsystem A,Sensor C,4.560
5908,Subsystem B,Sensor G,13.812
5909,Subsystem C,Sensor K,5.195
5910,Subsystem A,Sensor B,1.516
5911,Subsystem B,Sensor E,11.192
5912,Subsystem B,Sensor H,4.970
5913,Subsystem D,Sensor O,-2.315
5914,Subsystem C,Sensor L,7.823
5915,Subsystem C,Sensor I,9.535
5916,Subsystem D,Sensor P,-0.837
5917,Subsystem B,Sensor G,13.132
5918,Subsystem D,Sensor P,-1.591
5919,Subsystem B,Sensor H,5.777
5920,Subsystem A,Sensor B,1.271
5921,Subsystem A,Sensor B,1.719
5922,Subsystem A,Sensor B,1.018
5923,Subsystem A,Sensor B,1.260
5924,Subsystem C,Sensor J,1.655
5925,Subsystem B,Sensor H,3.155
5926,Subsystem B,Sensor E,9.890
5927,Subsystem C,Sensor K,7.629
5928,Subsystem D,Sensor O,-2.369
5929,Subsystem D,Sensor P,-1.088
5930,Subsystem D,Sensor M,-2.007
5931,Subsystem B,Sensor G,14.923
5932,Subsystem B,Sensor G,14.930
5933,Subsystem C,Sensor J,1.695
5934,Subsystem B,Sensor F,11.062
5935,Subsystem C,Sensor L,7.874
5936,Subsystem C,Sensor L,10.757
5937,Subsystem D,Sensor M,-2.670
5938,Subsystem C,Sensor I,12.282
5939,Subsystem C,Sensor J,2.308
5940,Subsystem C,Sensor J,1.752
5941,Subsystem D,Sensor P,-0.087
5942,Subsystem B,Sensor E,10.882
5943,Subsystem C,Sensor J,2.410
5944,Subsystem D,Sensor N,-1.209
5945,Subsystem A,Sensor A,10.073
5946,Subsystem A,Sensor A,7.692
5947,Subsystem C,Sensor L,8.959
5948,Subsystem D,Sensor N,-2.185
5949,Subsystem C,Sensor L,8.080
5950,Subsystem C,Sensor I,8.661
5951,Subsystem C,Sensor I,7.872
5952,Subsystem D,Sensor O,-1.171
5953,Subsystem C,Sensor L,8.922
5954,Subsystem D,Sensor M,-2.869
5955,Subsystem B,Sensor H,6.518
5956,Subsystem A,Sensor C,8.396
5957,Subsystem D,Sensor O,-1.326
5958,Subsystem A,Sensor C,8.066
5959,Subsystem A,Sensor A,9.174
5960,Subsystem D,Sensor N,-1.249
5961,Subsystem A,Sensor D,3.246
5962,Subsystem C,Sensor L,10.545
5963,Subsystem A,Sensor C,6.901
5964,Subsystem D,Sensor O,-2.091
5965,Subsystem D,Sensor P,-1.200
5966,Subsystem D,Sensor M,-1.923
5967,Subsystem D,Sensor M,-2.815
5968,Subsystem D,Sensor P,-1.817
5969,Subsystem C,Sensor K,8.380
5970,Subsystem B,Sensor H,5.580
5971,Subsystem C,Sensor K,4.098
5972,Subsystem C,Sensor J,1.543
5973,Subsystem A,Sensor A,8.815
5974,Subsystem A,Sensor B,1.219
5975,Subsystem C,Sensor I,7.447
5976,Subsystem C,Sensor J,1.599
5977,Subsystem A,Sensor D,2.516
5978,Subsystem D,Sensor M,-1.966
5979,Subsystem B,Sensor E,11.296
5980,Subsystem A,Sensor A,7.460
5981,Subsystem A,Sensor C,3.810
5982,Subsystem B,Sensor G,13.551
5983,Subsystem C,Sensor K,8.691
5984,Subsystem D,Sensor N,-0.447
5985,Subsystem A,Sensor B,1.275
5986,Subsystem D,Sensor N,-2.256
5987,Subsystem A,Sensor D,3.388
5988,Subsystem D,Sensor N,-1.732
5989,Subsystem A,Sensor C,5.652
5990,Subsystem C,Sensor L,8.087
5991,Subsystem C,Sensor I,7.794
5992,Subsystem B,Sensor E,8.963
5993,Subsystem B,Sensor H,3.312
5994,Subsystem C,Sensor K,4.747
5995,Subsystem B,Sensor G,13.668
5996,Subsystem B,Sensor G,14.107
5997,Subsystem B,Sensor E,9.901
5998,Subsystem B,Sensor G,14.575
5999,Subsystem B,Sensor E,11.156
6000,Subsystem C,Sensor K,7.933
6001,Subsystem B,Sensor E,10.677
6002,Subsystem A,Sensor C,3.989
6003,Subsystem C,Sensor K,7.701
6004,Subsystem C,Sensor K,6.170
6005,Subsystem D,Sensor P,-1.471
6006,Subsystem C,Sensor L,7.991
6007,Subsystem C,Sensor L,8.805
6008,Subsystem D,Sensor M,-2.923
6009,Subsystem A,Sensor B,1.000
6010,Subsystem A,Sensor B,1.000
6011,Subsystem A,Sensor D,3.125
6012,Subsystem C,Sensor J,1.083
6013,Subsystem A,Sensor D,1.997
6014,Subsystem D,Sensor N,-1.748
6015,Subsystem B,Sensor F,14.755
6016,Subsystem A,Sensor C,8.162
6017,Subsystem C,Sensor J,1.529
6018,Subsystem C,Sensor K,7.286
6019,Subsystem B,Sensor G,12.737
6020,Subsystem A,Sensor A,7.588
6021,Subsystem A,Sensor A,10.514
6022,Subsystem D,Sensor M,-2.510
6023,Subsystem C,Sensor K,6.516
6024,Subsystem C,Sensor L,7.862
6025,Subsystem D,Sensor P,0.000
6026,Subsystem D,Sensor M,-2.391
6027,Subsystem C,Sensor L,10.067
6028,Subsystem B,Sensor H,4.701
6029,Subsystem B,Sensor E,9.251
6030,Subsystem C,Sensor I,9.282
6031,Subsystem D,Sensor N,-1.120
6032,Subsystem C,Sensor J,1.096
6033,Subsystem D,Sensor O,-2.602
6034,Subsystem A,Sensor B,1.787
6035,Subsystem D,Sensor N,-0.072
6036,Subsystem C,Sensor L,9.953
6037,Subsystem C,Sensor I,11.325
6038,Subsystem C,Sensor K,7.915
6039,Subsystem C,Sensor J,1.619
6040,Subsystem B,Sensor F,12.759
6041,Subsystem D,Sensor P,-1.605
6042,Subsystem B,Sensor G,13.288
6043,Subsystem C,Sensor L,9.892
6044,Subsystem A,Sensor A,8.281
6045,Subsystem C,Sensor I,9.233
6046,Subsystem C,Sensor K,4.459
6047,Subsystem B,Sensor E,12.020
6048,Subsystem D,Sensor O,-1.465
6049,Subsystem D,Sensor M,-2.851
6050,Subsystem D,Sensor N,-1.851
6051,Subsystem D,Sensor P,-1.187
6052,Subsystem A,Sensor C,7.677
6053,Subsystem A,Sensor B,1.121
6054,Subsystem B,Sensor F,11.335
6055,Subsystem B,Sensor H,5.186
6056,Subsystem B,Sensor G,14.113
6057,Subsystem C,Sensor I,10.925
6058,Subsystem C,Sensor J,1.297
6059,Subsystem C,Sensor I,9.630
6060,Subsystem C,Sensor I,8.031
6061,Subsystem C,Sensor K,7.677
6062,Subsystem B,Sensor F,14.906
6063,Subsystem B,Sensor G,12.367
6064,Subsystem B,Sensor H,6.793
6065,Subsystem C,Sensor L,10.330
6066,Subsystem D,Sensor N,-1.482
6067,Subsystem D,Sensor P,0.000
6068,Subsystem B,Sensor G,12.356
6069,Subsystem A,Sensor C,4.449
6070,Subsystem B,Sensor H,3.148
6071,Subsystem C,Sensor I,8.171
6072,Subsystem D,Sensor M,-1.949
6073,Subsystem C,Sensor L,7.925
6074,Subsystem D,Sensor N,-0.039
6075,Subsystem C,Sensor I,9.095
6076,Subsystem C,Sensor J,1.094
6077,Subsystem A,Sensor B,1.080
6078,Subsystem D,Sensor M,-2.051
6079,Subsystem A,Sensor B,1.075
6080,Subsystem A,Sensor B,1.000
6081,Subsystem D,Sensor N,-0.128
6082,Subsystem A,Sensor A,7.747
6083,Subsystem B,Sensor E,9.649
6084,Subsystem D,Sensor N,-1.587
6085,Subsystem B,Sensor H,5.396
6086,Subsystem C,Sensor J,1.129
6087,Subsystem D,Sensor N,-1.100
6088,Subsystem C,Sensor L,10.060
6089,Subsystem A,Sensor B,1.232
6090,Subsystem C,Sensor I,10.816
6091,Subsystem D,Sensor M,-2.524
6092,Subsystem C,Sensor L,8.551
6093,Subsystem A,Sensor B,1.000
6094,Subsystem B,Sensor F,10.798
6095,Subsystem B,Sensor H,2.718
6096,Subsystem A,Sensor A,9.993
6097,Subsystem B,Sensor E,9.309
6098,Subsystem B,Sensor F,13.304
6099,Subsystem B,Sensor H,7.087
6100,Subsystem C,Sensor K,7.801
6101,Subsystem D,Sensor P,-0.472
6102,Subsystem B,Sensor E,9.998
6103,Subsystem C,Sensor J,1.386
6104,Subsystem C,Sensor L,8.094
6105,Subsystem D,Sensor O,-2.604
6106,Subsystem D,Sensor P,-0.069
6107,Subsystem C,Sensor J,1.254
6108,Subsystem B,Sensor F,11.121
6109,Subsystem C,Sensor I,11.877
6110,Subsystem D,Sensor M,-2.535
6111,Subsystem A,Sensor A,10.067
6112,Subsystem A,Sensor C,4.593
6113,Subsystem B,Sensor G,14.107
6114,Subsystem A,Sensor B,1.427
6115,Subsystem A,Sensor A,7.139
6116,Subsystem C,Sensor K,4.584
6117,Subsystem C,Sensor K,5.857
6118,Subsystem C,Sensor I,7.767
6119,Subsystem B,Sensor F,12.961
6120,Subsystem C,Sensor K,7.677
6121,Subsystem D,Sensor N,-1.588
6122,Subsystem D,Sensor M,-2.194
6123,Subsystem C,Sensor K,7.362
6124,Subsystem B,Sensor H,7.176
6125,Subsystem D,Sensor N,-1.453
6126,Subsystem D,Sensor M,-2.944
6127,Subsystem B,Sensor G,13.888
6128,Subsystem C,Sensor L,9.624
6129,Subsystem D,Sensor O,-2.123
6130,Subsystem C,Sensor L,9.137
6131,Subsystem B,Sensor F,14.116
6132,Subsystem B,Sensor H,6.508
6133,Subsystem C,Sensor J,1.114
6134,Subsystem C,Sensor I,7.489
6135,Subsystem A,Sensor C,4.211
6136,Subsystem C,Sensor I,8.085
6137,Subsystem D,Sensor N,-2.002
6138,Subsystem B,Sensor H,2.836
6139,Subsystem B,Sensor F,15.000
6140,Subsystem B,Sensor E,10.657
6141,Subsystem A,Sensor B,1.334
6142,Subsystem D,Sensor M,-2.022
6143,Subsystem C,Sensor I,7.745
6144,Subsystem A,Sensor A,10.020
6145,Subsystem B,Sensor H,6.319
6146,Subsystem B,Sensor H,5.359
6147,Subsystem A,Sensor B,1.683
6148,Subsystem D,Sensor O,-2.760
6149,Subsystem B,Sensor H,3.989
6150,Subsystem A,Sensor B,1.578
6151,Subsystem B,Sensor G,13.688
6152,Subsystem D,Sensor O,-1.719
6153,Subsystem C,Sensor J,2.126
6154,Subsystem A,Sensor A,10.195
6155,Subsystem D,Sensor M,-2.173
6156,Subsystem D,Sensor M,-2.418
6157,Subsystem C,Sensor J,2.547
6158,Subsystem B,Sensor E,11.645
6159,Subsystem A,Sensor B,1.000
6160,Subsystem D,Sensor O,-2.329
6161,Subsystem B,Sensor G,13.830
6162,Subsystem D,Sensor P,-2.426
6163,Subsystem B,Sensor E,9.175
6164,Subsystem A,Sensor B,1.658
6165,Subsystem A,Sensor A,8.580
6166,Subsystem A,Sensor A,8.899
6167,Subsystem D,Sensor O,-1.348
6168,Subsystem C,Sensor K,4.667
6169,Subsystem D,Sensor N,-1.137
6170,Subsystem A,Sensor C,3.593
6171,Subsystem B,Sensor F,13.435
6172,Subsystem A,Sensor B,1.251
6173,Subsystem C,Sensor I,12.018
6174,Subsystem B,Sensor H,3.774
6175,Subsystem B,Sensor G,14.239
6176,Subsystem C,Sensor K,5.529
6177,Subsystem B,Sensor G,14.660
6178,Subsystem A,Sensor D,3.040
6179,Subsystem B,Sensor F,11.321
6180,Subsystem B,Sensor E,10.648
6181,Subsystem B,Sensor G,14.891
6182,Subsystem B,Sensor G,13.739
6183,Subsystem B,Sensor H,4.229
6184,Subsystem A,Sensor D,2.067
6185,Subsystem B,Sensor E,8.653
6186,Subsystem C,Sensor J,1.984
6187,Subsystem A,Sensor D,3.288
6188,Subsystem C,Sensor K,8.114
6189,Subsystem C,Sensor K,6.450
6190,Subsystem C,Sensor K,7.795
6191,Subsystem B,Sensor E,9.823
6192,Subsystem A,Sensor A,8.699
6193,Subsystem A,Sensor C,7.668
6194,Subsystem C,Sensor I,7.967
6195,Subsystem D,Sensor P,-0.054
6196,Subsystem D,Sensor M,-2.475
6197,Subsystem A,Sensor C,6.874
6198,Subsystem A,Sensor A,7.709
6199,Subsystem C,Sensor K,4.512
6200,Subsystem B,Sensor E,12.676
6201,Subsystem C,Sensor K,4.856
6202,Subsystem D,Sensor N,-1.935
6203,Subsystem A,Sensor D,2.680
6204,Subsystem A,Sensor C,7.846
6205,Subsystem A,Sensor B,1.075
6206,Subsystem C,Sensor J,1.260
6207,Subsystem B,Sensor F,12.399
6208,Subsystem B,Sensor F,13.865
6209,Subsystem C,Sensor J,2.089
6210,Subsystem C,Sensor K,7.368
6211,Subsystem C,Sensor K,5.248
6212,Subsystem B,Sensor H,4.124
6213,Subsystem A,Sensor A,6.009
6214,Subsystem A,Sensor D,3.395
6215,Subsystem D,Sensor N,-1.212
6216,Subsystem B,Sensor G,13.795
6217,Subsystem D,Sensor P,-0.553
6218,Subsystem A,Sensor C,5.361
6219,Subsystem D,Sensor O,-0.894
6220,Subsystem A,Sensor B,1.406
6221,Subsystem B,Sensor F,13.538
6222,Subsystem A,Sensor D,2.798
6223,Subsystem A,Sensor D,1.994
6224,Subsystem A,Sensor A,9.162
6225,Subsystem A,Sensor C,7.609
6226,Subsystem C,Sensor L,8.192
6227,Subsystem B,Sensor E,10.013
6228,Subsystem A,Sensor B,2.067
6229,Subsystem A,Sensor C,5.015
6230,Subsystem C,Sensor L,9.545
6231,Subsystem D,Sensor O,-1.682
6232,Subsystem D,Sensor N,-2.171
6233,Subsystem B,Sensor G,13.378
6234,Subsystem B,Sensor E,11.100
6235,Subsystem B,Sensor H,3.078
6236,Subsystem B,Sensor F,14.102
6237,Subsystem B,Sensor H,5.853
6238,Subsystem C,Sensor K,7.833
6239,Subsystem D,Sensor O,-1.982
6240,Subsystem C,Sensor L,9.318
6241,Subsystem D,Sensor N,-1.152
6242,Subsystem D,Sensor N,-2.375
6243,Subsystem C,Sensor K,7.727
6244,Subsystem A,Sensor A,7.609
6245,Subsystem A,Sensor D,3.044
6246,Subsystem A,Sensor B,1.888
6247,Subsystem C,Sensor J,1.797
6248,Subsystem D,Sensor N,-0.908
6249,Subsystem B,Sensor F,13.714
6250,Subsystem C,Sensor J,1.869
6251,Subsystem D,Sensor M,-2.589
6252,Subsystem C,Sensor J,1.185
6253,Subsystem B,Sensor H,3.144
6254,Subsystem C,Sensor L,8.019
6255,Subsystem B,Sensor H,6.859
6256,Subsystem A,Sensor B,1.074
6257,Subsystem C,Sensor J,1.701
6258,Subsystem D,Sensor N,-1.410
6259,Subsystem A,Sensor A,7.210
6260,Subsystem D,Sensor P,-1.808
6261,Subsystem A,Sensor D,1.629
6262,Subsystem C,Sensor J,1.896
6263,Subsystem A,Sensor D,3.866
6264,Subsystem D,Sensor P,-0.070
6265,Subsystem C,Sensor L,8.675
6266,Subsystem A,Sensor B,1.966
6267,Subsystem A,Sensor B,1.072
6268,Subsystem B,Sensor E,11.040
6269,Subsystem B,Sensor H,5.586
6270,Subsystem D,Sensor P,-0.148
6271,Subsystem D,Sensor P,-1.735
6272,Subsystem A,Sensor D,2.468
6273,Subsystem B,Sensor E,11.042
6274,Subsystem B,Sensor H,3.052
6275,Subsystem A,Sensor B,2.210
6276,Subsystem D,Sensor N,-1.377
6277,Subsystem A,Sensor A,9.079
6278,Subsystem B,Sensor E,9.807
6279,Subsystem C,Sensor K,7.685
6280,Subsystem B,Sensor H,3.522
6281,Subsystem B,Sensor E,11.338
6282,Subsystem A,Sensor D,2.762
6283,Subsystem B,Sensor F,10.321
6284,Subsystem B,Sensor G,14.502
6285,Subsystem C,Sensor K,6.720
6286,Subsystem D,Sensor P,-0.965
6287,Subsystem A,Sensor D,2.162
6288,Subsystem C,Sensor J,2.397
6289,Subsystem A,Sensor B,1.809
6290,Subsystem C,Sensor I,8.484
6291,Subsystem A,Sensor C,5.538
6292,Subsystem C,Sensor L,9.519
6293,Subsystem D,Sensor P,-1.264
6294,Subsystem D,Sensor O,-2.081
6295,Subsystem B,Sensor F,10.769
6296,Subsystem C,Sensor J,2.071
6297,Subsystem A,Sensor B,2.168
6298,Subsystem B,Sensor G,14.592
6299,Subsystem D,Sensor O,-1.423
6300,Subsystem A,Sensor A,8.089
6301,Subsystem D,Sensor M,-2.165
6302,Subsystem B,Sensor F,11.011
6303,Subsystem A,Sensor D,3.348
6304,Subsystem D,Sensor M,-2.173
6305,Subsystem D,Sensor O,-2.210
6306,Subsystem C,Sensor K,5.838
6307,Subsystem A,Sensor C,6.096
6308,Subsystem A,Sensor D,1.760
6309,Subsystem B,Sensor F,11.324
6310,Subsystem C,Sensor I,8.209
6311,Subsystem C,Sensor J,1.274
6312,Subsystem A,Sensor B,1.786
6313,Subsystem A,Sensor C,7.441
6314,Subsystem D,Sensor O,-1.408
6315,Subsystem A,Sensor D,1.079
6316,Subsystem B,Sensor E,11.150
6317,Subsystem B,Sensor E,10.926
6318,Subsystem C,Sensor K,5.621
6319,Subsystem D,Sensor P,-1.029
6320,Subsystem D,Sensor O,-1.793
6321,Subsystem A,Sensor D,1.691
6322,Subsystem B,Sensor H,3.337
6323,Subsystem A,Sensor A,8.631
6324,Subsystem A,Sensor B,1.032
6325,Subsystem B,Sensor H,2.687
6326,Subsystem C,Sensor L,9.929
6327,Subsystem C,Sensor J,1.418
6328,Subsystem B,Sensor G,13.807
6329,Subsystem D,Sensor O,-0.966
6330,Subsystem D,Sensor P,-0.177
6331,Subsystem B,Sensor F,13.559
6332,Subsystem D,Sensor M,-2.846
6333,Subsystem D,Sensor M,-2.220
6334,Subsystem D,Sensor M,-3.000
6335,Subsystem B,Sensor E,12.257
6336,Subsystem D,Sensor P,-0.625
6337,Subsystem B,Sensor H,6.423
6338,Subsystem B,Sensor H,3.175
6339,Subsystem A,Sensor A,9.282
6340,Subsystem C,Sensor J,2.148
6341,Subsystem C,Sensor I,7.749
6342,Subsystem B,Sensor H,3.206
6343,Subsystem B,Sensor G,12.715
6344,Subsystem B,Sensor E,9.305
6345,Subsystem A,Sensor A,6.988
6346,Subsystem B,Sensor E,12.219
6347,Subsystem B,Sensor E,12.803
6348,Subsystem D,Sensor O,-1.709
6349,Subsystem D,Sensor N,-1.346
6350,Subsystem D,Sensor O,-2.317
6351,Subsystem C,Sensor L,7.963
6352,Subsystem D,Sensor N,-2.190
6353,Subsystem B,Sensor F,13.834
6354,Subsystem B,Sensor G,14.124
6355,Subsystem C,Sensor I,11.516
6356,Subsystem B,Sensor F,11.986
6357,Subsystem D,Sensor P,-1.127
6358,Subsystem B,Sensor E,9.284
6359,Subsystem D,Sensor O,-1.915
6360,Subsystem A,Sensor C,3.943
6361,Subsystem C,Sensor L,8.409
6362,Subsystem C,Sensor L,9.924
6363,Subsystem B,Sensor G,14.059
6364,Subsystem C,Sensor J,1.428
6365,Subsystem A,Sensor D,3.202
6366,Subsystem B,Sensor G,14.379
6367,Subsystem C,Sensor L,8.157
6368,Subsystem A,Sensor A,7.923
6369,Subsystem B,Sensor G,14.959
6370,Subsystem B,Sensor F,14.878
6371,Subsystem A,Sensor B,2.621
6372,Subsystem B,Sensor H,7.096
6373,Subsystem A,Sensor C,4.694
6374,Subsystem C,Sensor K,4.736
6375,Subsystem A,Sensor C,8.484
6376,Subsystem A,Sensor D,2.467
6377,Subsystem D,Sensor M,-2.753
6378,Subsystem C,Sensor I,8.142
6379,Subsystem B,Sensor F,13.864
6380,Subsystem B,Sensor H,5.632
6381,Subsystem B,Sensor H,5.313
6382,Subsystem D,Sensor M,-3.000
6383,Subsystem D,Sensor M,-2.083
6384,Subsystem C,Sensor K,6.256
6385,Subsystem B,Sensor G,14.917
6386,Subsystem D,Sensor O,-0.712
6387,Subsystem D,Sensor N,-1.816
6388,Subsystem D,Sensor P,-0.186
6389,Subsystem C,Sensor K,6.213
6390,Subsystem C,Sensor I,9.231
6391,Subsystem B,Sensor H,6.257
6392,Subsystem B,Sensor F,12.147
6393,Subsystem A,Sensor A,9.612
6394,Subsystem A,Sensor C,7.346
6395,Subsystem A,Sensor C,8.107
6396,Subsystem D,Sensor M,-2.590
6397,Subsystem C,Sensor I,11.681
6398,Subsystem A,Sensor B,1.108
6399,Subsystem C,Sensor I,9.333
6400,Subsystem C,Sensor K,7.308
6401,Subsystem D,Sensor O,-0.865
6402,Subsystem A,Sensor A,7.582
6403,Subsystem B,Sensor F,10.420
6404,Subsystem D,Sensor N,-1.759
6405,Subsystem D,Sensor O,-2.881
6406,Subsystem D,Sensor P,-0.070
6407,Subsystem A,Sensor C,8.059
6408,Subsystem A,Sensor B,1.640
6409,Subsystem A,Sensor C,5.460
6410,Subsystem D,Sensor N,-1.273
6411,Subsystem B,Sensor F,13.439
6412,Subsystem D,Sensor N,-1.793
6413,Subsystem A,Sensor D,2.879
6414,Subsystem D,Sensor P,-2.343
6415,Subsystem C,Sensor I,7.855
6416,Subsystem D,Sensor P,-1.363
6417,Subsystem A,Sensor B,1.126
6418,Subsystem C,Sensor K,4.586
6419,Subsystem B,Sensor H,3.726
6420,Subsystem B,Sensor G,14.944
6421,Subsystem B,Sensor G,14.455
6422,Subsystem B,Sensor E,9.456
6423,Subsystem B,Sensor G,11.766
6424,Subsystem C,Sensor J,1.627
6425,Subsystem C,Sensor K,7.276
6426,Subsystem B,Sensor H,4.428
6427,Subsystem C,Sensor J,1.341
6428,Subsystem A,Sensor C,7.501
6429,Subsystem B,Sensor G,14.413
6430,Subsystem B,Sensor F,12.746
6431,Subsystem A,Sensor A,7.880
6432,Subsystem D,Sensor N,-0.949
6433,Subsystem B,Sensor F,13.877
6434,Subsystem B,Sensor H,5.553
6435,Subsystem A,Sensor C,6.032
6436,Subsystem B,Sensor H,7.169
6437,Subsystem C,Sensor J,1.145
6438,Subsystem A,Sensor D,1.226
6439,Subsystem A,Sensor B,1.584
6440,Subsystem B,Sensor G,12.979
6441,Subsystem D,Sensor N,-2.261
6442,Subsystem A,Sensor C,5.064
6443,Subsystem C,Sensor I,8.259
6444,Subsystem D,Sensor P,-1.238
6445,Subsystem B,Sensor G,12.464
6446,Subsystem A,Sensor D,1.710
6447,Subsystem D,Sensor N,-1.818
6448,Subsystem A,Sensor C,5.480
6449,Subsystem B,Sensor H,3.345
6450,Subsystem D,Sensor P,-0.409
6451,Subsystem A,Sensor B,1.391
6452,Subsystem B,Sensor E,12.542
6453,Subsystem A,Sensor B,1.000
6454,Subsystem A,Sensor B,1.087
6455,Subsystem A,Sensor B,1.231
6456,Subsystem C,Sensor L,9.844
6457,Subsystem D,Sensor O,-2.018
6458,Subsystem B,Sensor F,14.686
6459,Subsystem B,Sensor E,9.954
6460,Subsystem A,Sensor A,9.201
6461,Subsystem C,Sensor L,8.351
6462,Subsystem B,Sensor H,2.722
6463,Subsystem B,Sensor E,11.193
6464,Subsystem A,Sensor B,1.268
6465,Subsystem D,Sensor P,-1.039
6466,Subsystem D,Sensor P,-1.858
6467,Subsystem A,Sensor C,6.768
6468,Subsystem C,Sensor I,8.983
6469,Subsystem A,Sensor D,4.206
6470,Subsystem B,Sensor E,12.609
6471,Subsystem C,Sensor J,1.012
6472,Subsystem A,Sensor B,1.000
6473,Subsystem A,Sensor D,1.956
6474,Subsystem A,Sensor D,2.282
6475,Subsystem A,Sensor C,7.173
6476,Subsystem A,Sensor C,4.864
6477,Subsystem C,Sensor J,1.437
6478,Subsystem D,Sensor N,-0.957
6479,Subsystem A,Sensor B,1.000
6480,Subsystem A,Sensor A,7.408
6481,Subsystem B,Sensor H,5.934
6482,Subsystem A,Sensor B,1.714
6483,Subsystem A,Sensor B,1.788
6484,Subsystem B,Sensor E,9.776
6485,Subsystem C,Sensor L,10.081
6486,Subsystem D,Sensor N,0.000
6487,Subsystem B,Sensor E,11.274
6488,Subsystem D,Sensor P,-1.726
6489,Subsystem C,Sensor K,7.224
6490,Subsystem B,Sensor F,11.365
6491,Subsystem A,Sensor D,1.972
6492,Subsystem D,Sensor P,-1.103
6493,Subsystem C,Sensor L,8.711
6494,Subsystem A,Sensor A,9.916
6495,Subsystem C,Sensor J,1.251
6496,Subsystem D,Sensor M,-2.979
6497,Subsystem D,Sensor O,-0.818
6498,Subsystem C,Sensor K,6.487
6499,Subsystem B,Sensor G,14.947
6500,Subsystem C,Sensor L,10.632
6501,Subsystem C,Sensor L,8.750
6502,Subsystem B,Sensor F,14.919
6503,Subsystem B,Sensor H,2.954
6504,Subsystem D,Sensor P,-0.164
6505,Subsystem C,Sensor I,9.677
6506,Subsystem D,Sensor N,-2.691
6507,Subsystem C,Sensor K,4.992
6508,Subsystem A,Sensor D,2.876
6509,Subsystem D,Sensor N,-2.069
6510,Subsystem D,Sensor M,-2.746
6511,Subsystem B,Sensor E,10.302
6512,Subsystem C,Sensor L,9.487
6513,Subsystem A,Sensor C,4.398
6514,Subsystem B,Sensor E,12.595
6515,Subsystem C,Sensor L,8.329
6516,Subsystem C,Sensor L,8.183
6517,Subsystem A,Sensor B,1.602
6518,Subsystem A,Sensor C,7.732
6519,Subsystem D,Sensor P,-0.446
6520,Subsystem D,Sensor M,-1.494
6521,Subsystem D,Sensor M,-3.000
6522,Subsystem D,Sensor P,-0.127
6523,Subsystem B,Sensor G,13.122
6524,Subsystem D,Sensor P,-1.206
6525,Subsystem C,Sensor K,4.862
6526,Subsystem C,Sensor J,1.067
6527,Subsystem C,Sensor I,7.317
6528,Subsystem B,Sensor G,14.450
6529,Subsystem C,Sensor J,1.303
6530,Subsystem C,Sensor L,10.657
6531,Subsystem C,Sensor J,2.030
6532,Subsystem D,Sensor M,-2.454
6533,Subsystem A,Sensor A,7.580
6534,Subsystem C,Sensor I,11.606
6535,Subsystem B,Sensor H,4.198
6536,Subsystem B,Sensor F,13.039
6537,Subsystem B,Sensor H,5.499
6538,Subsystem D,Sensor P,-0.096
6539,Subsystem D,Sensor N,-1.199
6540,Subsystem C,Sensor I,11.450
6541,Subsystem C,Sensor I,12.166
6542,Subsystem C,Sensor K,5.759
6543,Subsystem B,Sensor E,10.842
6544,Subsystem B,Sensor H,5.811
6545,Subsystem D,Sensor O,-0.916
6546,Subsystem D,Sensor M,-1.858
6547,Subsystem C,Sensor J,1.800
6548,Subsystem B,Sensor F,14.065
6549,Subsystem C,Sensor I,11.787
6550,Subsystem C,Sensor K,5.019
6551,Subsystem C,Sensor K,4.833
6552,Subsystem D,Sensor M,-2.356
6553,Subsystem D,Sensor N,-1.793
6554,Subsystem A,Sensor B,1.148
6555,Subsystem D,Sensor M,-3.000
6556,Subsystem C,Sensor K,6.006
6557,Subsystem A,Sensor C,4.323
6558,Subsystem B,Sensor F,11.007
6559,Subsystem A,Sensor D,1.177
6560,Subsystem A,Sensor C,8.321
6561,Subsystem D,Sensor N,-1.861
6562,Subsystem D,Sensor N,-1.983
6563,Subsystem D,Sensor N,-1.611
6564,Subsystem B,Sensor E,10.080
6565,Subsystem D,Sensor N,-1.246
6566,Subsystem B,Sensor F,12.826
6567,Subsystem C,Sensor J,1.705
6568,Subsystem B,Sensor H,5.359
6569,Subsystem B,Sensor F,10.390
6570,Subsystem D,Sensor P,-1.997
6571,Subsystem A,Sensor A,8.798
6572,Subsystem D,Sensor P,-0.268
6573,Subsystem D,Sensor P,-0.194
6574,Subsystem C,Sensor L,9.883
6575,Subsystem B,Sensor E,12.487
6576,Subsystem B,Sensor H,6.758
6577,Subsystem D,Sensor O,-2.045
6578,Subsystem B,Sensor G,13.791
6579,Subsystem A,Sensor B,1.170
6580,Subsystem A,Sensor D,1.737
6581,Subsystem D,Sensor P,-0.570
6582,Subsystem D,Sensor M,-1.958
6583,Subsystem A,Sensor C,7.507
6584,Subsystem C,Sensor I,8.125
6585,Subsystem B,Sensor H,5.622
6586,Subsystem B,Sensor E,8.725
6587,Subsystem C,Sensor K,6.307
6588,Subsystem B,Sensor F,12.207
6589,Subsystem A,Sensor C,7.549
6590,Subsystem C,Sensor K,5.515
6591,Subsystem A,Sensor D,1.780
6592,Subsystem B,Sensor E,11.198
6593,Subsystem B,Sensor F,14.139
6594,Subsystem B,Sensor F,13.424
6595,Subsystem B,Sensor G,14.560
6596,Subsystem B,Sensor H,5.492
6597,Subsystem C,Sensor J,1.317
6598,Subsystem C,Sensor I,8.709
6599,Subsystem B,Sensor G,12.588
6600,Subsystem A,Sensor B,1.344
6601,Subsystem B,Sensor G,12.914
6602,Subsystem A,Sensor B,1.286
6603,Subsystem D,Sensor N,-0.555
6604,Subsystem D,Sensor M,-2.068
6605,Subsystem A,Sensor D,1.889
6606,Subsystem A,Sensor A,6.410
6607,Subsystem D,Sensor M,-2.701
6608,Subsystem C,Sensor I,8.382
6609,Subsystem C,Sensor I,10.531
6610,Subsystem B,Sensor E,9.090
6611,Subsystem B,Sensor G,14.513
6612,Subsystem D,Sensor P,-2.453
6613,Subsystem D,Sensor M,-2.408
6614,Subsystem B,Sensor F,12.919
6615,Subsystem C,Sensor K,7.945
6616,Subsystem A,Sensor C,7.904
6617,Subsystem A,Sensor D,3.593
6618,Subsystem D,Sensor O,-0.637
6619,Subsystem C,Sensor J,1.250
6620,Subsystem A,Sensor B,1.000
6621,Subsystem D,Sensor P,-0.272
6622,Subsystem A,Sensor B,1.062
6623,Subsystem B,Sensor H,5.320
6624,Subsystem B,Sensor H,3.083
6625,Subsystem A,Sensor D,1.826
6626,Subsystem A,Sensor B,1.446
6627,Subsystem A,Sensor B,1.096
6628,Subsystem B,Sensor E,10.063
6629,Subsystem B,Sensor H,3.380
6630,Subsystem D,Sensor M,-2.629
6631,Subsystem A,Sensor B,1.864
6632,Subsystem D,Sensor O,-1.084
6633,Subsystem C,Sensor L,10.468
6634,Subsystem A,Sensor C,6.067
6635,Subsystem A,Sensor C,5.528
6636,Subsystem C,Sensor L,8.442
6637,Subsystem C,Sensor J,1.522
6638,Subsystem B,Sensor H,2.440
6639,Subsystem B,Sensor H,4.848
6640,Subsystem B,Sensor F,14.240
6641,Subsystem D,Sensor M,-1.708
6642,Subsystem B,Sensor H,5.777
6643,Subsystem B,Sensor F,11.427
6644,Subsystem D,Sensor M,-2.787
6645,Subsystem A,Sensor B,1.255
6646,Subsystem C,Sensor K,7.546
6647,Subsystem B,Sensor F,10.576
6648,Subsystem C,Sensor L,10.457
6649,Subsystem C,Sensor K,6.206
6650,Subsystem B,Sensor F,12.877
6651,Subsystem D,Sensor P,-0.119
6652,Subsystem B,Sensor F,11.175
6653,Subsystem C,Sensor L,8.942
6654,Subsystem A,Sensor B,1.137
6655,Subsystem D,Sensor O,-2.089
6656,Subsystem D,Sensor P,-0.209
6657,Subsystem C,Sensor L,8.008
6658,Subsystem D,Sensor O,-2.901
6659,Subsystem B,Sensor E,10.838
6660,Subsystem D,Sensor N,-1.150
6661,Subsystem D,Sensor M,-2.254
6662,Subsystem C,Sensor I,8.614
6663,Subsystem C,Sensor L,10.720
6664,Subsystem D,Sensor O,-3.000
6665,Subsystem A,Sensor A,7.776
6666,Subsystem D,Sensor M,-2.173
6667,Subsystem B,Sensor E,11.705
6668,Subsystem C,Sensor L,8.827
6669,Subsystem B,Sensor G,13.466
6670,Subsystem D,Sensor N,-1.385
6671,Subsystem C,Sensor L,10.564
6672,Subsystem B,Sensor G,13.812
6673,Subsystem C,Sensor I,11.165
6674,Subsystem B,Sensor F,10.881
6675,Subsystem B,Sensor H,6.264
6676,Subsystem A,Sensor A,7.482
6677,Subsystem B,Sensor E,12.418
6678,Subsystem C,Sensor J,2.288
6679,Subsystem A,Sensor C,3.879
6680,Subsystem A,Sensor A,10.199
6681,Subsystem B,Sensor E,10.983
6682,Subsystem D,Sensor O,-2.132
6683,Subsystem C,Sensor L,8.143
6684,Subsystem D,Sensor P,-0.351
6685,Subsystem C,Sensor K,7.143
6686,Subsystem A,Sensor C,7.286
6687,Subsystem B,Sensor E,8.839
6688,Subsystem A,Sensor D,2.774
6689,Subsystem B,Sensor H,2.874
6690,Subsystem A,Sensor D,3.208
6691,Subsystem B,Sensor H,3.012
6692,Subsystem B,Sensor E,10.740
6693,Subsystem A,Sensor D,1.733
6694,Subsystem C,Sensor J,1.476
6695,Subsystem C,Sensor L,8.896
6696,Subsystem C,Sensor I,7.984
6697,Subsystem A,Sensor D,1.946
6698,Subsystem B,Sensor G,13.324
6699,Subsystem B,Sensor E,11.551
6700,Subsystem B,Sensor E,10.053
6701,Subsystem C,Sensor J,1.595
6702,Subsystem B,Sensor G,14.429
6703,Subsystem C,Sensor I,8.115
6704,Subsystem A,Sensor A,8.351
6705,Subsystem A,Sensor B,1.021
6706,Subsystem A,Sensor A,6.432
6707,Subsystem B,Sensor F,11.026
6708,Subsystem D,Sensor N,-2.056
6709,Subsystem B,Sensor F,12.819
6710,Subsystem A,Sensor C,5.368
6711,Subsystem D,Sensor O,-2.275
6712,Subsystem D,Sensor N,-1.204
6713,Subsystem D,Sensor P,-0.490
6714,Subsystem D,Sensor P,0.000
6715,Subsystem B,Sensor G,14.940
6716,Subsystem C,Sensor L,10.016
6717,Subsystem C,Sensor K,6.816
6718,Subsystem A,Sensor A,8.683
6719,Subsystem A,Sensor B,1.753
6720,Subsystem C,Sensor J,2.420
6721,Subsystem D,Sensor M,-1.934
6722,Subsystem D,Sensor M,-2.115
6723,Subsystem B,Sensor F,14.161
6724,Subsystem A,Sensor D,2.852
6725,Subsystem A,Sensor A,7.565
6726,Subsystem C,Sensor I,7.617
6727,Subsystem A,Sensor C,8.032
6728,Subsystem A,Sensor B,1.519
6729,Subsystem D,Sensor O,-2.790
6730,Subsystem D,Sensor M,-2.218
6731,Subsystem A,Sensor A,7.896
6732,Subsystem D,Sensor P,-0.512
6733,Subsystem D,Sensor M,-2.969
6734,Subsystem D,Sensor O,-2.489
6735,Subsystem D,Sensor M,-2.670
6736,Subsystem C,Sensor J,2.080
6737,Subsystem B,Sensor F,12.318
6738,Subsystem D,Sensor N,-1.347
6739,Subsystem C,Sensor J,2.271
6740,Subsystem D,Sensor P,-0.336
6741,Subsystem D,Sensor N,-1.557
6742,Subsystem B,Sensor G,14.712
6743,Subsystem C,Sensor I,11.411
6744,Subsystem D,Sensor M,-2.821
6745,Subsystem B,Sensor G,14.648
6746,Subsystem B,Sensor H,4.914
6747,Subsystem D,Sensor N,-2.563
6748,Subsystem A,Sensor A,7.645
6749,Subsystem C,Sensor I,11.014
6750,Subsystem A,Sensor A,7.740
6751,Subsystem B,Sensor F,13.633
6752,Subsystem C,Sensor I,9.590
6753,Subsystem C,Sensor J,2.304
6754,Subsystem B,Sensor G,14.243
6755,Subsystem A,Sensor B,1.281
6756,Subsystem D,Sensor N,-1.453
6757,Subsystem C,Sensor J,2.778
6758,Subsystem B,Sensor H,3.130
6759,Subsystem A,Sensor D,2.785
6760,Subsystem A,Sensor B,1.076
6761,Subsystem A,Sensor A,9.791
6762,Subsystem D,Sensor N,-1.998
6763,Subsystem C,Sensor K,5.666
6764,Subsystem A,Sensor C,5.609
6765,Subsystem B,Sensor F,11.763
6766,Subsystem B,Sensor E,10.730
6767,Subsystem C,Sensor K,7.376
6768,Subsystem A,Sensor C,6.122
6769,Subsystem A,Sensor B,1.000
6770,Subsystem B,Sensor F,12.956
6771,Subsystem C,Sensor K,7.544
6772,Subsystem A,Sensor B,1.019
6773,Subsystem A,Sensor B,1.109
6774,Subsystem D,Sensor O,-2.031
6775,Subsystem A,Sensor B,1.339
6776,Subsystem C,Sensor J,1.559
6777,Subsystem A,Sensor D,2.985
6778,Subsystem A,Sensor D,2.720
6779,Subsystem D,Sensor P,-1.302
6780,Subsystem B,Sensor G,12.209
6781,Subsystem C,Sensor I,8.073
6782,Subsystem C,Sensor L,9.365
6783,Subsystem A,Sensor B,1.185
6784,Subsystem A,Sensor D,1.925
6785,Subsystem D,Sensor N,-1.992
6786,Subsystem C,Sensor L,9.951
6787,Subsystem B,Sensor F,10.948
6788,Subsystem B,Sensor H,5.151
6789,Subsystem B,Sensor G,14.759
6790,Subsystem A,Sensor D,3.321
6791,Subsystem D,Sensor P,-1.567
6792,Subsystem C,Sensor L,8.741
6793,Subsystem A,Sensor A,4.666
6794,Subsystem C,Sensor K,8.035
6795,Subsystem C,Sensor K,7.761
6796,Subsystem C,Sensor I,9.529
6797,Subsystem A,Sensor B,1.090
6798,Subsystem A,Sensor C,3.478
6799,Subsystem C,Sensor K,7.664
6800,Subsystem A,Sensor A,9.797
6801,Subsystem C,Sensor L,9.769
6802,Subsystem C,Sensor J,2.132
6803,Subsystem D,Sensor O,-2.994
6804,Subsystem B,Sensor F,14.680
6805,Subsystem D,Sensor P,-0.445
6806,Subsystem B,Sensor E,10.005
6807,Subsystem A,Sensor B,2.105
6808,Subsystem B,Sensor G,13.257
6809,Subsystem B,Sensor F,14.392
6810,Subsystem B,Sensor F,10.606
6811,Subsystem B,Sensor H,5.319
6812,Subsystem B,Sensor H,5.431
6813,Subsystem D,Sensor N,-1.616
6814,Subsystem D,Sensor P,-0.252
6815,Subsystem A,Sensor A,9.992
6816,Subsystem A,Sensor C,3.570
6817,Subsystem A,Sensor A,7.687
6818,Subsystem C,Sensor I,7.813
6819,Subsystem B,Sensor G,13.960
6820,Subsystem A,Sensor D,3.162
6821,Subsystem D,Sensor M,-2.758
6822,Subsystem C,Sensor L,10.007
6823,Subsystem B,Sensor H,5.249
6824,Subsystem B,Sensor F,10.656
6825,Subsystem A,Sensor B,1.725
6826,Subsystem A,Sensor B,1.820
6827,Subsystem D,Sensor N,-2.536
6828,Subsystem D,Sensor P,-0.099
6829,Subsystem C,Sensor K,8.175
6830,Subsystem A,Sensor A,10.046
6831,Subsystem B,Sensor E,10.953
6832,Subsystem B,Sensor H,5.955
6833,Subsystem B,Sensor G,14.890
6834,Subsystem C,Sensor K,4.847
6835,Subsystem B,Sensor F,13.882
6836,Subsystem C,Sensor K,5.944
6837,Subsystem D,Sensor P,-2.483
6838,Subsystem D,Sensor N,-2.061
6839,Subsystem A,Sensor A,10.302
6840,Subsystem D,Sensor P,0.000
6841,Subsystem B,Sensor H,6.085
6842,Subsystem C,Sensor K,6.517
6843,Subsystem A,Sensor D,2.083
6844,Subsystem C,Sensor L,8.977
6845,Subsystem D,Sensor P,-0.460
6846,Subsystem D,Sensor O,-2.815
6847,Subsystem B,Sensor G,13.658
6848,Subsystem D,Sensor O,-2.183
6849,Subsystem A,Sensor B,1.177
6850,Subsystem D,Sensor P,-0.177
6851,Subsystem B,Sensor F,14.125
6852,Subsystem D,Sensor O,-1.611
6853,Subsystem A,Sensor D,1.445
6854,Subsystem D,Sensor N,-2.369
6855,Subsystem A,Sensor A,9.688
6856,Subsystem A,Sensor B,1.373
6857,Subsystem C,Sensor I,11.747
6858,Subsystem A,Sensor C,7.654
6859,Subsystem B,Sensor H,5.488
6860,Subsystem C,Sensor J,1.971
6861,Subsystem A,Sensor B,1.531
6862,Subsystem A,Sensor A,8.440
6863,Subsystem D,Sensor P,-1.440
6864,Subsystem B,Sensor E,10.029
6865,Subsystem A,Sensor A,8.615
6866,Subsystem B,Sensor E,11.889
6867,Subsystem B,Sensor G,14.162
6868,Subsystem D,Sensor P,-1.820
6869,Subsystem A,Sensor A,7.841
6870,Subsystem A,Sensor B,1.173
6871,Subsystem A,Sensor B,1.408
6872,Subsystem C,Sensor I,7.659
6873,Subsystem A,Sensor C,8.161
6874,Subsystem B,Sensor E,11.164
6875,Subsystem B,Sensor H,5.740
6876,Subsystem B,Sensor E,9.863
6877,Subsystem D,Sensor P,-0.479
6878,Subsystem D,Sensor M,-2.944
6879,Subsystem A,Sensor B,1.145
6880,Subsystem C,Sensor K,4.739
6881,Subsystem D,Sensor M,-2.600
6882,Subsystem B,Sensor F,12.567
6883,Subsystem A,Sensor B,1.290
6884,Subsystem D,Sensor N,-1.123
6885,Subsystem B,Sensor H,5.377
6886,Subsystem C,Sensor I,9.540
6887,Subsystem C,Sensor K,5.181
6888,Subsystem A,Sensor A,8.595
6889,Subsystem A,Sensor D,2.878
6890,Subsystem C,Sensor K,8.462
6891,Subsystem A,Sensor C,5.694
6892,Subsystem B,Sensor H,7.063
6893,Subsystem C,Sensor K,6.247
6894,Subsystem B,Sensor G,13.308
6895,Subsystem D,Sensor P,-2.180
6896,Subsystem D,Sensor O,-2.916
6897,Subsystem D,Sensor O,-0.673
6898,Subsystem B,Sensor E,9.439
6899,Subsystem A,Sensor A,9.530
6900,Subsystem B,Sensor E,9.532
6901,Subsystem A,Sensor A,7.457
6902,Subsystem B,Sensor F,11.206
6903,Subsystem D,Sensor P,-2.347
6904,Subsystem B,Sensor H,3.973
6905,Subsystem D,Sensor P,-1.660
6906,Subsystem B,Sensor H,6.318
6907,Subsystem D,Sensor N,-1.465
6908,Subsystem C,Sensor I,8.308
6909,Subsystem A,Sensor D,3.144
6910,Subsystem B,Sensor E,11.893
6911,Subsystem B,Sensor H,3.708
6912,Subsystem C,Sensor I,8.279
6913,Subsystem D,Sensor M,-2.768
6914,Subsystem C,Sensor J,1.076
6915,Subsystem C,Sensor J,2.130
6916,Subsystem D,Sensor P,-1.462
6917,Subsystem D,Sensor P,-0.902
6918,Subsystem C,Sensor J,1.453
6919,Subsystem D,Sensor P,-0.723
6920,Subsystem D,Sensor N,-1.279
6921,Subsystem A,Sensor D,3.005
6922,Subsystem D,Sensor N,-2.293
6923,Subsystem D,Sensor P,-0.968
6924,Subsystem A,Sensor D,3.491
6925,Subsystem D,Sensor P,-1.783
6926,Subsystem D,Sensor N,-1.815
6927,Subsystem B,Sensor G,14.291
6928,Subsystem A,Sensor C,6.185
6929,Subsystem B,Sensor E,10.479
6930,Subsystem C,Sensor I,9.565
6931,Subsystem B,Sensor F,12.953
6932,Subsystem B,Sensor F,10.416
6933,Subsystem C,Sensor L,10.276
6934,Subsystem B,Sensor H,3.103
6935,Subsystem C,Sensor I,7.736
6936,Subsystem D,Sensor N,-1.139
6937,Subsystem B,Sensor H,7.043
6938,Subsystem B,Sensor H,3.765
6939,Subsystem D,Sensor O,-2.105
6940,Subsystem D,Sensor N,-2.232
6941,Subsystem A,Sensor A,10.026
6942,Subsystem D,Sensor N,-2.042
6943,Subsystem D,Sensor O,-2.623
6944,Subsystem C,Sensor I,10.853
6945,Subsystem A,Sensor C,7.370
6946,Subsystem B,Sensor H,6.295
6947,Subsystem B,Sensor E,10.213
6948,Subsystem B,Sensor E,11.471
6949,Subsystem B,Sensor H,7.137
6950,Subsystem B,Sensor F,10.306
6951,Subsystem A,Sensor D,2.237
6952,Subsystem C,Sensor K,5.706
6953,Subsystem A,Sensor C,7.226
6954,Subsystem B,Sensor H,5.690
6955,Subsystem D,Sensor M,-2.138
6956,Subsystem B,Sensor F,14.236
6957,Subsystem C,Sensor K,4.829
6958,Subsystem D,Sensor P,-0.785
6959,Subsystem B,Sensor F,14.900
6960,Subsystem A,Sensor A,8.715
6961,Subsystem A,Sensor B,2.367
6962,Subsystem C,Sensor K,5.472
6963,Subsystem B,Sensor E,10.716
6964,Subsystem C,Sensor J,2.561
6965,Subsystem D,Sensor N,-2.069
6966,Subsystem B,Sensor G,15.000
6967,Subsystem D,Sensor O,-0.781
6968,Subsystem C,Sensor L,9.081
6969,Subsystem B,Sensor F,11.163
6970,Subsystem D,Sensor N,-1.276
6971,Subsystem C,Sensor J,1.689
6972,Subsystem C,Sensor L,8.610
6973,Subsystem B,Sensor G,11.736
6974,Subsystem D,Sensor O,-0.808
6975,Subsystem D,Sensor N,-2.118
6976,Subsystem D,Sensor O,-2.225
6977,Subsystem B,Sensor H,6.380
6978,Subsystem A,Sensor A,9.694
6979,Subsystem D,Sensor P,-0.031
6980,Subsystem A,Sensor C,7.041
6981,Subsystem B,Sensor G,14.877
6982,Subsystem C,Sensor J,1.297
6983,Subsystem C,Sensor L,9.335
6984,Subsystem A,Sensor B,1.210
6985,Subsystem C,Sensor I,7.964
6986,Subsystem C,Sensor L,8.741
6987,Subsystem C,Sensor J,1.214
6988,Subsystem C,Sensor J,2.405
6989,Subsystem D,Sensor O,-2.557
6990,Subsystem C,Sensor I,11.006
6991,Subsystem D,Sensor P,-0.269
6992,Subsystem B,Sensor H,6.341
6993,Subsystem D,Sensor O,-2.166
6994,Subsystem B,Sensor G,14.616
6995,Subsystem C,Sensor L,7.893
6996,Subsystem D,Sensor P,-1.481
6997,Subsystem C,Sensor L,7.874
6998,Subsystem D,Sensor P,-0.429
6999,Subsystem A,Sensor D,1.805
7000,Subsystem D,Sensor P,-2.547
7001,Subsystem B,Sensor G,13.979
7002,Subsystem C,Sensor K,5.397
7003,Subsystem C,Sensor K,7.433
7004,Subsystem D,Sensor P,-1.998
7005,Subsystem B,Sensor G,14.334
7006,Subsystem C,Sensor I,9.065
7007,Subsystem B,Sensor H,6.088
7008,Subsystem A,Sensor C,8.705
7009,Subsystem A,Sensor B,1.151
7010,Subsystem A,Sensor B,1.679
7011,Subsystem D,Sensor O,-2.658
7012,Subsystem A,Sensor C,3.642
7013,Subsystem A,Sensor C,7.528
7014,Subsystem A,Sensor C,4.216
7015,Subsystem C,Sensor L,8.189
7016,Subsystem A,Sensor C,6.041
7017,Subsystem B,Sensor F,11.067
7018,Subsystem B,Sensor G,13.941
7019,Subsystem A,Sensor A,8.700
7020,Subsystem D,Sensor M,-1.641
7021,Subsystem B,Sensor E,10.609
7022,Subsystem B,Sensor H,7.122
7023,Subsystem A,Sensor A,10.022
7024,Subsystem D,Sensor O,-1.032
7025,Subsystem C,Sensor K,8.856
7026,Subsystem C,Sensor K,7.900
7027,Subsystem B,Sensor E,9.727
7028,Subsystem C,Sensor J,2.034
7029,Subsystem A,Sensor C,5.447
7030,Subsystem C,Sensor K,7.321
7031,Subsystem B,Sensor F,11.207
7032,Subsystem D,Sensor O,-2.453
7033,Subsystem C,Sensor J,1.695
7034,Subsystem C,Sensor K,4.880
7035,Subsystem B,Sensor G,13.998
7036,Subsystem D,Sensor M,-2.863
7037,Subsystem C,Sensor K,7.534
7038,Subsystem C,Sensor I,8.313
7039,Subsystem B,Sensor H,5.901
7040,Subsystem B,Sensor G,14.683
7041,Subsystem B,Sensor H,3.019
7042,Subsystem C,Sensor J,1.285
7043,Subsystem A,Sensor D,2.493
7044,Subsystem B,Sensor G,13.579
7045,Subsystem B,Sensor H,3.151
7046,Subsystem B,Sensor E,10.367
7047,Subsystem A,Sensor D,3.736
7048,Subsystem B,Sensor E,11.543
7049,Subsystem D,Sensor O,-2.932
7050,Subsystem D,Sensor M,-2.762
7051,Subsystem A,Sensor B,1.000
7052,Subsystem A,Sensor D,1.501
7053,Subsystem D,Sensor N,-2.109
7054,Subsystem C,Sensor L,10.440
7055,Subsystem D,Sensor N,-2.092
7056,Subsystem A,Sensor B,1.878
7057,Subsystem B,Sensor G,13.673
7058,Subsystem A,Sensor D,1.172
7059,Subsystem B,Sensor G,12.995
7060,Subsystem A,Sensor D,1.720
7061,Subsystem A,Sensor A,4.976
7062,Subsystem A,Sensor B,1.392
7063,Subsystem C,Sensor K,5.608
7064,Subsystem A,Sensor C,8.125
7065,Subsystem B,Sensor H,5.355
7066,Subsystem B,Sensor G,14.833
7067,Subsystem A,Sensor A,7.820
7068,Subsystem D,Sensor M,-2.583
7069,Subsystem A,Sensor A,9.402
7070,Subsystem A,Sensor D,3.640
7071,Subsystem A,Sensor C,7.733
7072,Subsystem A,Sensor B,1.424
7073,Subsystem B,Sensor H,5.075
7074,Subsystem A,Sensor C,7.564
7075,Subsystem C,Sensor J,1.784
7076,Subsystem D,Sensor P,-0.963
7077,Subsystem A,Sensor D,2.637
7078,Subsystem D,Sensor M,-2.305
7079,Subsystem B,Sensor E,11.227
7080,Subsystem B,Sensor E,12.407
7081,Subsystem A,Sensor A,6.307
7082,Subsystem C,Sensor L,8.040
7083,Subsystem B,Sensor H,6.096
7084,Subsystem B,Sensor E,12.025
7085,Subsystem A,Sensor A,5.957
7086,Subsystem A,Sensor A,10.009
7087,Subsystem B,Sensor E,11.052
7088,Subsystem A,Sensor C,7.135
7089,Subsystem D,Sensor O,-2.958
7090,Subsystem D,Sensor O,-1.367
7091,Subsystem C,Sensor I,7.759
7092,Subsystem A,Sensor D,3.684
7093,Subsystem B,Sensor G,13.616
7094,Subsystem D,Sensor N,-1.168
7095,Subsystem C,Sensor I,7.732
7096,Subsystem B,Sensor F,11.382
7097,Subsystem A,Sensor A,9.806
7098,Subsystem B,Sensor G,13.938
7099,Subsystem C,Sensor I,8.303
7100,Subsystem B,Sensor F,10.617
7101,Subsystem D,Sensor P,-0.673
7102,Subsystem A,Sensor A,9.060
7103,Subsystem A,Sensor C,6.676
7104,Subsystem A,Sensor B,1.754
7105,Subsystem B,Sensor F,11.062
7106,Subsystem D,Sensor P,-0.315
7107,Subsystem D,Sensor N,-0.853
7108,Subsystem D,Sensor P,-2.095
7109,Subsystem C,Sensor J,1.444
7110,Subsystem A,Sensor D,1.583
7111,Subsystem D,Sensor O,-2.543
7112,Subsystem C,Sensor I,8.132
7113,Subsystem C,Sensor J,2.514
7114,Subsystem A,Sensor D,3.516
7115,Subsystem A,Sensor C,8.037
7116,Subsystem D,Sensor P,-0.347
7117,Subsystem C,Sensor K,7.486
7118,Subsystem A,Sensor B,1.177
7119,Subsystem D,Sensor O,-0.635
7120,Subsystem B,Sensor G,14.372
7121,Subsystem A,Sensor B,2.652
7122,Subsystem C,Sensor L,10.519
7123,Subsystem A,Sensor B,1.488
7124,Subsystem C,Sensor L,10.111
7125,Subsystem A,Sensor B,2.039
7126,Subsystem C,Sensor J,2.291
7127,Subsystem A,Sensor A,9.622
7128,Subsystem A,Sensor D,2.674
7129,Subsystem A,Sensor B,1.955
7130,Subsystem D,Sensor N,-1.439
7131,Subsystem D,Sensor O,-2.284
7132,Subsystem C,Sensor I,8.019
7133,Subsystem B,Sensor G,13.452
7134,Subsystem B,Sensor G,14.088
7135,Subsystem B,Sensor E,11.414
7136,Subsystem C,Sensor I,9.040
7137,Subsystem C,Sensor I,11.453
7138,Subsystem C,Sensor I,7.624
7139,Subsystem A,Sensor D,3.499
7140,Subsystem D,Sensor M,-2.846
7141,Subsystem C,Sensor K,4.592
7142,Subsystem B,Sensor G,15.000
7143,Subsystem B,Sensor G,14.047
7144,Subsystem C,Sensor I,7.898
7145,Subsystem B,Sensor H,5.606
7146,Subsystem A,Sensor A,8.946
7147,Subsystem D,Sensor P,-1.198
7148,Subsystem B,Sensor G,13.939
7149,Subsystem D,Sensor P,-1.472
7150,Subsystem D,Sensor N,-0.092
7151,Subsystem D,Sensor N,-1.961
7152,Subsystem C,Sensor J,1.316
7153,Subsystem A,Sensor D,1.664
7154,Subsystem A,Sensor B,1.232
7155,Subsystem D,Sensor P,-2.769
7156,Subsystem D,Sensor N,-1.664
7157,Subsystem C,Sensor I,7.732
7158,Subsystem D,Sensor O,-2.411
7159,Subsystem A,Sensor A,7.139
7160,Subsystem B,Sensor E,12.481
7161,Subsystem C,Sensor K,4.249
7162,Subsystem A,Sensor C,7.728
7163,Subsystem C,Sensor L,9.095
7164,Subsystem C,Sensor I,11.584
7165,Subsystem D,Sensor O,-1.491
7166,Subsystem B,Sensor E,10.695
7167,Subsystem D,Sensor O,-1.163
7168,Subsystem D,Sensor N,-1.154
7169,Subsystem A,Sensor A,7.878
7170,Subsystem D,Sensor N,-1.469
7171,Subsystem B,Sensor E,9.963
7172,Subsystem A,Sensor A,7.723
7173,Subsystem C,Sensor K,7.936
7174,Subsystem C,Sensor I,7.958
7175,Subsystem C,Sensor I,7.768
7176,Subsystem B,Sensor G,13.960
7177,Subsystem B,Sensor F,14.857
7178,Subsystem D,Sensor N,-2.055
7179,Subsystem A,Sensor A,9.856
7180,Subsystem B,Sensor E,11.738
7181,Subsystem D,Sensor N,-1.920
7182,Subsystem B,Sensor E,10.674
7183,Subsystem D,Sensor O,-2.466
7184,Subsystem B,Sensor H,4.157
7185,Subsystem C,Sensor I,11.477
7186,Subsystem B,Sensor E,10.821
7187,Subsystem D,Sensor P,-0.224
7188,Subsystem B,Sensor G,14.235
7189,Subsystem D,Sensor P,-0.325
7190,Subsystem B,Sensor H,3.785
7191,Subsystem B,Sensor E,9.088
7192,Subsystem D,Sensor P,-1.521
7193,Subsystem A,Sensor D,2.638
7194,Subsystem B,Sensor H,3.201
7195,Subsystem A,Sensor B,1.182
7196,Subsystem A,Sensor B,1.019
7197,Subsystem D,Sensor O,-2.568
7198,Subsystem D,Sensor O,-3.000
7199,Subsystem A,Sensor A,8.896
7200,Subsystem B,Sensor H,6.745
7201,Subsystem A,Sensor B,1.161
7202,Subsystem D,Sensor P,-0.971
7203,Subsystem A,Sensor A,7.579
7204,Subsystem B,Sensor H,6.735
7205,Subsystem A,Sensor A,7.258
7206,Subsystem D,Sensor M,-2.670
7207,Subsystem D,Sensor N,-0.874
7208,Subsystem A,Sensor A,7.807
7209,Subsystem C,Sensor J,2.423
7210,Subsystem D,Sensor O,-1.479
7211,Subsystem B,Sensor F,10.822
7212,Subsystem B,Sensor E,9.172
7213,Subsystem A,Sensor D,1.340
7214,Subsystem C,Sensor K,5.976
7215,Subsystem A,Sensor D,2.846
7216,Subsystem C,Sensor L,10.471
7217,Subsystem A,Sensor B,1.204
7218,Subsystem A,Sensor A,9.169
7219,Subsystem A,Sensor B,2.607
7220,Subsystem C,Sensor L,8.867
7221,Subsystem A,Sensor A,7.919
7222,Subsystem A,Sensor A,8.813
7223,Subsystem C,Sensor I,9.544
7224,Subsystem B,Sensor F,14.110
7225,Subsystem D,Sensor N,-0.181
7226,Subsystem D,Sensor O,-1.934
7227,Subsystem D,Sensor P,-1.267
7228,Subsystem A,Sensor A,7.034
7229,Subsystem B,Sensor H,4.091
7230,Subsystem C,Sensor J,2.369
7231,Subsystem D,Sensor P,0.000
7232,Subsystem A,Sensor D,3.329
7233,Subsystem A,Sensor A,7.431
7234,Subsystem C,Sensor L,8.422
7235,Subsystem A,Sensor D,3.015
7236,Subsystem C,Sensor K,5.348
7237,Subsystem C,Sensor J,1.298
7238,Subsystem B,Sensor H,5.739
7239,Subsystem C,Sensor K,7.549
7240,Subsystem A,Sensor C,5.546
7241,Subsystem B,Sensor F,10.740
7242,Subsystem A,Sensor A,7.427
7243,Subsystem A,Sensor B,1.782
7244,Subsystem B,Sensor E,10.781
7245,Subsystem C,Sensor K,5.527
7246,Subsystem C,Sensor L,8.516
7247,Subsystem A,Sensor A,7.118
7248,Subsystem A,Sensor C,6.180
7249,Subsystem C,Sensor L,8.692
7250,Subsystem B,Sensor F,14.550
7251,Subsystem B,Sensor H,6.440
7252,Subsystem C,Sensor J,2.461
7253,Subsystem B,Sensor H,6.230
7254,Subsystem C,Sensor J,1.084
7255,Subsystem A,Sensor D,1.916
7256,Subsystem D,Sensor M,-2.462
7257,Subsystem B,Sensor G,15.000
7258,Subsystem D,Sensor N,-0.887
7259,Subsystem A,Sensor D,3.528
7260,Subsystem B,Sensor H,3.932
7261,Subsystem C,Sensor I,10.552
7262,Subsystem A,Sensor D,1.903
7263,Subsystem C,Sensor K,7.785
7264,Subsystem C,Sensor L,7.976
7265,Subsystem C,Sensor J,2.484
7266,Subsystem C,Sensor I,11.156
7267,Subsystem A,Sensor C,7.508
7268,Subsystem A,Sensor C,5.503
7269,Subsystem C,Sensor I,9.682
7270,Subsystem D,Sensor N,-2.099
7271,Subsystem C,Sensor I,7.889
7272,Subsystem D,Sensor N,-1.055
7273,Subsystem B,Sensor G,12.216
7274,Subsystem B,Sensor G,13.454
7275,Subsystem B,Sensor H,3.659
7276,Subsystem B,Sensor F,11.454
7277,Subsystem A,Sensor D,2.695
7278,Subsystem D,Sensor M,-2.748
7279,Subsystem A,Sensor B,1.064
7280,Subsystem D,Sensor N,-2.170
7281,Subsystem D,Sensor M,-2.383
7282,Subsystem C,Sensor L,8.313
7283,Subsystem B,Sensor H,3.805
7284,Subsystem D,Sensor O,-1.130
7285,Subsystem A,Sensor B,1.253
7286,Subsystem A,Sensor A,10.159
7287,Subsystem D,Sensor N,-1.977
7288,Subsystem C,Sensor L,9.028
7289,Subsystem B,Sensor E,12.659
7290,Subsystem B,Sensor E,8.997
7291,Subsystem A,Sensor C,6.754
7292,Subsystem C,Sensor J,2.213
7293,Subsystem A,Sensor B,1.880
7294,Subsystem D,Sensor N,-1.743
7295,Subsystem D,Sensor O,-2.280
7296,Subsystem A,Sensor C,4.537
7297,Subsystem B,Sensor E,11.856
7298,Subsystem D,Sensor O,-2.759
7299,Subsystem B,Sensor H,5.549
7300,Subsystem C,Sensor J,1.588
7301,Subsystem D,Sensor P,-1.556
7302,Subsystem C,Sensor J,1.591
7303,Subsystem C,Sensor I,8.348
7304,Subsystem A,Sensor B,1.432
7305,Subsystem B,Sensor G,13.809
7306,Subsystem C,Sensor L,8.825
7307,Subsystem D,Sensor O,-2.638
7308,Subsystem B,Sensor H,6.021
7309,Subsystem D,Sensor N,-0.010
7310,Subsystem D,Sensor N,-0.714
7311,Subsystem C,Sensor K,7.991
7312,Subsystem C,Sensor I,8.269
7313,Subsystem B,Sensor E,10.115
7314,Subsystem B,Sensor E,10.885
7315,Subsystem A,Sensor A,10.061
7316,Subsystem D,Sensor M,-2.735
7317,Subsystem B,Sensor G,14.721
7318,Subsystem B,Sensor F,11.295
7319,Subsystem B,Sensor E,12.457
7320,Subsystem A,Sensor C,7.601
7321,Subsystem C,Sensor L,10.114
7322,Subsystem C,Sensor J,2.252
7323,Subsystem A,Sensor A,7.360
7324,Subsystem D,Sensor O,-0.731
7325,Subsystem A,Sensor B,1.252
7326,Subsystem B,Sensor F,13.779
7327,Subsystem C,Sensor I,7.833
7328,Subsystem A,Sensor B,1.000
7329,Subsystem B,Sensor G,15.000
7330,Subsystem D,Sensor M,-2.849
7331,Subsystem C,Sensor L,7.355
7332,Subsystem D,Sensor M,-2.180
7333,Subsystem B,Sensor F,13.687
7334,Subsystem C,Sensor I,9.603
7335,Subsystem D,Sensor P,-2.056
7336,Subsystem C,Sensor I,7.764
7337,Subsystem A,Sensor B,1.237
7338,Subsystem D,Sensor O,-2.250
7339,Subsystem B,Sensor E,10.838
7340,Subsystem C,Sensor L,9.564
7341,Subsystem B,Sensor G,14.060
7342,Subsystem C,Sensor I,7.414
7343,Subsystem A,Sensor A,8.104
7344,Subsystem A,Sensor A,8.688
7345,Subsystem D,Sensor O,-1.567
7346,Subsystem C,Sensor I,7.799
7347,Subsystem D,Sensor M,-1.714
7348,Subsystem A,Sensor B,1.204
7349,Subsystem C,Sensor I,7.812
7350,Subsystem A,Sensor B,2.505
7351,Subsystem C,Sensor L,8.278
7352,Subsystem C,Sensor I,9.550
7353,Subsystem C,Sensor L,8.143
7354,Subsystem D,Sensor O,-1.866
7355,Subsystem A,Sensor D,3.264
7356,Subsystem C,Sensor I,7.652
7357,Subsystem C,Sensor K,8.589
7358,Subsystem B,Sensor F,13.758
7359,Subsystem C,Sensor I,9.044
7360,Subsystem D,Sensor N,-1.848
7361,Subsystem A,Sensor D,3.013
7362,Subsystem D,Sensor N,-1.133
7363,Subsystem C,Sensor K,8.286
7364,Subsystem C,Sensor K,5.079
7365,Subsystem D,Sensor P,-0.111
7366,Subsystem B,Sensor H,4.945
7367,Subsystem D,Sensor M,-1.654
7368,Subsystem D,Sensor P,-0.293
7369,Subsystem D,Sensor P,0.000
7370,Subsystem B,Sensor F,14.865
7371,Subsystem A,Sensor B,1.285
7372,Subsystem D,Sensor N,-2.312
7373,Subsystem D,Sensor M,-2.039
7374,Subsystem D,Sensor M,-2.642
7375,Subsystem B,Sensor G,12.545
7376,Subsystem B,Sensor E,12.787
7377,Subsystem A,Sensor C,5.720
7378,Subsystem B,Sensor E,12.553
7379,Subsystem B,Sensor F,10.914
7380,Subsystem D,Sensor N,-0.823
7381,Subsystem B,Sensor H,6.070
7382,Subsystem A,Sensor C,4.111
7383,Subsystem C,Sensor I,12.287
7384,Subsystem C,Sensor K,3.766
7385,Subsystem C,Sensor L,8.500
7386,Subsystem B,Sensor G,13.893
7387,Subsystem D,Sensor O,-1.554
7388,Subsystem C,Sensor K,7.896
7389,Subsystem A,Sensor C,7.896
7390,Subsystem A,Sensor A,7.456
7391,Subsystem D,Sensor O,-1.524
7392,Subsystem D,Sensor M,-1.925
7393,Subsystem A,Sensor A,9.476
7394,Subsystem B,Sensor G,15.000
7395,Subsystem B,Sensor H,5.486
7396,Subsystem D,Sensor O,-0.597
7397,Subsystem C,Sensor I,9.420
7398,Subsystem B,Sensor G,14.069
7399,Subsystem D,Sensor N,-0.226
7400,Subsystem B,Sensor H,5.653
7401,Subsystem A,Sensor B,1.695
7402,Subsystem D,Sensor M,-2.093
7403,Subsystem B,Sensor G,14.953
7404,Subsystem A,Sensor B,1.078
7405,Subsystem B,Sensor E,10.873
7406,Subsystem D,Sensor P,-0.883
7407,Subsystem C,Sensor J,1.209
7408,Subsystem D,Sensor O,-0.539
7409,Subsystem B,Sensor G,14.716
7410,Subsystem A,Sensor D,3.020
7411,Subsystem C,Sensor L,8.606
7412,Subsystem C,Sensor J,1.175
7413,Subsystem D,Sensor O,-2.661
7414,Subsystem D,Sensor O,-1.266
7415,Subsystem B,Sensor G,14.827
7416,Subsystem B,Sensor F,12.928
7417,Subsystem B,Sensor H,5.757
7418,Subsystem B,Sensor H,5.549
7419,Subsystem A,Sensor A,5.755
7420,Subsystem B,Sensor G,14.083
7421,Subsystem B,Sensor G,14.033
7422,Subsystem A,Sensor A,4.773
7423,Subsystem C,Sensor K,7.783
7424,Subsystem D,Sensor N,-1.076
7425,Subsystem C,Sensor L,8.406
7426,Subsystem A,Sensor C,8.418
7427,Subsystem C,Sensor I,7.990
7428,Subsystem C,Sensor I,9.301
7429,Subsystem D,Sensor O,-2.792
7430,Subsystem C,Sensor K,4.653
7431,Subsystem C,Sensor L,8.986
7432,Subsystem A,Sensor D,2.521
7433,Subsystem C,Sensor K,7.416
7434,Subsystem D,Sensor O,-2.429
7435,Subsystem B,Sensor F,14.680
7436,Subsystem C,Sensor J,1.862
7437,Subsystem D,Sensor N,-1.974
7438,Subsystem C,Sensor L,8.603
7439,Subsystem A,Sensor A,8.649
7440,Subsystem C,Sensor K,7.886
7441,Subsystem C,Sensor J,1.296
7442,Subsystem C,Sensor J,1.058
7443,Subsystem A,Sensor C,8.569
7444,Subsystem A,Sensor B,1.290
7445,Subsystem C,Sensor K,7.482
7446,Subsystem A,Sensor D,1.099
7447,Subsystem D,Sensor P,-1.693
7448,Subsystem C,Sensor L,9.023
7449,Subsystem C,Sensor I,8.014
7450,Subsystem B,Sensor F,11.124
7451,Subsystem B,Sensor E,8.971
7452,Subsystem D,Sensor P,-1.407
7453,Subsystem A,Sensor C,7.669
7454,Subsystem D,Sensor P,-0.130
7455,Subsystem A,Sensor D,1.404
7456,Subsystem C,Sensor I,7.831
7457,Subsystem D,Sensor O,-1.739
7458,Subsystem C,Sensor K,6.770
7459,Subsystem D,Sensor P,-1.102
7460,Subsystem B,Sensor G,15.000
7461,Subsystem A,Sensor D,3.575
7462,Subsystem C,Sensor J,1.138
7463,Subsystem B,Sensor G,14.906
7464,Subsystem C,Sensor J,1.060
7465,Subsystem C,Sensor L,9.061
7466,Subsystem C,Sensor J,1.653
7467,Subsystem D,Sensor O,-0.870
7468,Subsystem A,Sensor C,7.673
7469,Subsystem B,Sensor G,14.458
7470,Subsystem D,Sensor O,-1.112
7471,Subsystem B,Sensor F,12.591
7472,Subsystem A,Sensor C,3.635
7473,Subsystem C,Sensor K,5.271
7474,Subsystem C,Sensor J,1.338
7475,Subsystem D,Sensor P,-1.230
7476,Subsystem B,Sensor G,14.639
7477,Subsystem A,Sensor D,2.960
7478,Subsystem B,Sensor H,6.650
7479,Subsystem C,Sensor K,7.538
7480,Subsystem B,Sensor G,14.820
7481,Subsystem D,Sensor N,-1.133
7482,Subsystem D,Sensor P,-1.246
7483,Subsystem B,Sensor H,5.750
7484,Subsystem B,Sensor H,4.895
7485,Subsystem C,Sensor J,1.229
7486,Subsystem C,Sensor L,10.017
7487,Subsystem A,Sensor D,3.479
7488,Subsystem B,Sensor G,13.914
7489,Subsystem A,Sensor B,1.218
7490,Subsystem D,Sensor O,-2.295
7491,Subsystem B,Sensor E,12.411
7492,Subsystem C,Sensor K,6.283
7493,Subsystem B,Sensor G,14.583
7494,Subsystem B,Sensor F,10.295
7495,Subsystem A,Sensor C,7.683
7496,Subsystem C,Sensor I,9.361
7497,Subsystem B,Sensor F,14.676
7498,Subsystem C,Sensor I,8.106
7499,Subsystem C,Sensor I,11.633
7500,Subsystem C,Sensor I,8.142
7501,Subsystem B,Sensor E,9.615
7502,Subsystem A,Sensor D,3.250
7503,Subsystem A,Sensor C,6.151
7504,Subsystem A,Sensor B,1.880
7505,Subsystem D,Sensor N,-1.737
7506,Subsystem C,Sensor J,2.168
7507,Subsystem B,Sensor E,10.260
7508,Subsystem A,Sensor C,5.413
7509,Subsystem B,Sensor G,13.091
7510,Subsystem D,Sensor P,-1.559
7511,Subsystem B,Sensor H,4.763
7512,Subsystem A,Sensor B,2.613
7513,Subsystem C,Sensor L,9.551
7514,Subsystem A,Sensor C,7.079
7515,Subsystem D,Sensor M,-2.237
7516,Subsystem A,Sensor A,9.015
7517,Subsystem C,Sensor K,4.987
7518,Subsystem C,Sensor K,7.273
7519,Subsystem B,Sensor H,4.018
7520,Subsystem B,Sensor E,8.996
7521,Subsystem B,Sensor E,9.863
7522,Subsystem A,Sensor C,5.410
7523,Subsystem C,Sensor L,8.898
7524,Subsystem D,Sensor N,-1.319
7525,Subsystem A,Sensor B,1.375
7526,Subsystem B,Sensor F,10.555
7527,Subsystem D,Sensor P,-1.901
7528,Subsystem C,Sensor L,9.118
7529,Subsystem C,Sensor I,11.136
7530,Subsystem A,Sensor A,6.543
7531,Subsystem B,Sensor G,13.819
7532,Subsystem A,Sensor B,1.000
7533,Subsystem D,Sensor P,-2.060
7534,Subsystem A,Sensor D,3.538
7535,Subsystem C,Sensor I,9.765
7536,Subsystem C,Sensor J,1.309
7537,Subsystem B,Sensor E,10.906
7538,Subsystem B,Sensor G,14.579
7539,Subsystem B,Sensor F,11.629
7540,Subsystem A,Sensor A,7.547
7541,Subsystem C,Sensor K,8.095
7542,Subsystem A,Sensor B,1.222
7543,Subsystem C,Sensor L,10.435
7544,Subsystem B,Sensor F,14.749
7545,Subsystem A,Sensor B,1.217
7546,Subsystem D,Sensor O,-1.877
7547,Subsystem A,Sensor D,3.038
7548,Subsystem A,Sensor C,7.490
7549,Subsystem A,Sensor A,10.201
7550,Subsystem D,Sensor P,-0.051
7551,Subsystem A,Sensor A,7.707
7552,Subsystem C,Sensor L,8.008
7553,Subsystem B,Sensor H,3.588
7554,Subsystem B,Sensor G,12.670
7555,Subsystem B,Sensor H,5.436
7556,Subsystem D,Sensor N,-2.263
7557,Subsystem D,Sensor O,-1.194
7558,Subsystem D,Sensor M,-2.407
7559,Subsystem D,Sensor O,-2.509
7560,Subsystem A,Sensor B,1.887
7561,Subsystem D,Sensor P,-0.073
7562,Subsystem A,Sensor D,2.904
7563,Subsystem B,Sensor H,2.995
7564,Subsystem A,Sensor D,1.690
7565,Subsystem B,Sensor F,14.639
7566,Subsystem B,Sensor E,11.758
7567,Subsystem C,Sensor J,2.612
7568,Subsystem B,Sensor H,2.425
7569,Subsystem B,Sensor H,7.127
7570,Subsystem C,Sensor L,8.256
7571,Subsystem D,Sensor N,-0.972
7572,Subsystem D,Sensor P,-1.339
7573,Subsystem C,Sensor K,6.715
7574,Subsystem D,Sensor N,-1.125
7575,Subsystem B,Sensor F,14.365
7576,Subsystem B,Sensor F,11.532
7577,Subsystem C,Sensor K,7.772
7578,Subsystem C,Sensor L,9.795
7579,Subsystem D,Sensor O,-1.437
7580,Subsystem A,Sensor D,3.432
7581,Subsystem C,Sensor I,8.097
7582,Subsystem B,Sensor H,3.229
7583,Subsystem A,Sensor C,4.563
7584,Subsystem C,Sensor I,7.415
7585,Subsystem D,Sensor N,-2.329
7586,Subsystem B,Sensor F,13.034
7587,Subsystem C,Sensor J,1.864
7588,Subsystem B,Sensor H,6.345
7589,Subsystem A,Sensor C,7.697
7590,Subsystem D,Sensor O,-1.624
7591,Subsystem A,Sensor C,3.860
7592,Subsystem A,Sensor B,1.946
7593,Subsystem C,Sensor J,2.412
7594,Subsystem B,Sensor F,10.850
7595,Subsystem C,Sensor I,7.945
7596,Subsystem A,Sensor B,1.582
7597,Subsystem D,Sensor N,-0.890
7598,Subsystem B,Sensor H,6.933
7599,Subsystem B,Sensor H,3.778
7600,Subsystem C,Sensor J,1.734
7601,Subsystem C,Sensor L,9.368
7602,Subsystem D,Sensor N,-0.817
7603,Subsystem C,Sensor L,8.740
7604,Subsystem A,Sensor D,1.974
7605,Subsystem A,Sensor C,5.867
7606,Subsystem A,Sensor B,2.013
7607,Subsystem B,Sensor H,5.456
7608,Subsystem B,Sensor F,11.138
7609,Subsystem B,Sensor H,2.626
7610,Subsystem A,Sensor C,3.534
7611,Subsystem D,Sensor N,-2.924
7612,Subsystem C,Sensor I,9.293
7613,Subsystem C,Sensor J,1.071
7614,Subsystem B,Sensor E,10.370
7615,Subsystem A,Sensor B,1.426
7616,Subsystem A,Sensor A,5.570
7617,Subsystem A,Sensor B,1.218
7618,Subsystem B,Sensor E,9.654
7619,Subsystem C,Sensor K,8.037
7620,Subsystem A,Sensor D,1.783
7621,Subsystem C,Sensor I,11.376
7622,Subsystem C,Sensor I,7.994
7623,Subsystem D,Sensor P,-0.080
7624,Subsystem B,Sensor H,5.639
7625,Subsystem B,Sensor E,11.779
7626,Subsystem D,Sensor M,-2.913
7627,Subsystem B,Sensor G,13.496
7628,Subsystem C,Sensor K,4.558
7629,Subsystem A,Sensor C,5.690
7630,Subsystem D,Sensor M,-1.883
7631,Subsystem C,Sensor J,1.195
7632,Subsystem A,Sensor A,7.972
7633,Subsystem B,Sensor E,9.168
7634,Subsystem A,Sensor C,7.465
7635,Subsystem B,Sensor G,14.945
7636,Subsystem B,Sensor E,12.358
7637,Subsystem A,Sensor C,8.722
7638,Subsystem B,Sensor E,9.807
7639,Subsystem D,Sensor M,-2.173
7640,Subsystem C,Sensor J,1.650
7641,Subsystem C,Sensor L,7.780
7642,Subsystem C,Sensor I,9.597
7643,Subsystem D,Sensor M,-2.692
7644,Subsystem C,Sensor K,7.829
7645,Subsystem D,Sensor O,-1.104
7646,Subsystem A,Sensor C,5.155
7647,Subsystem B,Sensor G,13.794
7648,Subsystem A,Sensor D,2.373
7649,Subsystem C,Sensor L,8.130
7650,Subsystem A,Sensor D,3.525
7651,Subsystem D,Sensor P,-0.068
7652,Subsystem D,Sensor M,-2.711
7653,Subsystem C,Sensor L,7.501
7654,Subsystem B,Sensor F,11.157
7655,Subsystem B,Sensor H,5.395
7656,Subsystem A,Sensor D,1.809
7657,Subsystem C,Sensor L,8.987
7658,Subsystem B,Sensor H,6.747
7659,Subsystem B,Sensor F,10.418
7660,Subsystem B,Sensor F,11.873
7661,Subsystem D,Sensor N,-1.273
7662,Subsystem C,Sensor L,8.763
7663,Subsystem A,Sensor C,7.543
7664,Subsystem C,Sensor K,6.960
7665,Subsystem A,Sensor A,7.197
7666,Subsystem D,Sensor O,-1.336
7667,Subsystem D,Sensor M,-2.967
7668,Subsystem D,Sensor O,-0.887
7669,Subsystem D,Sensor O,-2.348
7670,Subsystem D,Sensor P,-0.317
7671,Subsystem C,Sensor L,8.973
7672,Subsystem A,Sensor D,2.557
7673,Subsystem B,Sensor F,12.652
7674,Subsystem B,Sensor G,14.968
7675,Subsystem B,Sensor G,14.382
7676,Subsystem D,Sensor P,-1.282
7677,Subsystem C,Sensor L,7.923
7678,Subsystem B,Sensor E,9.967
7679,Subsystem D,Sensor P,-2.432
7680,Subsystem B,Sensor H,5.432
7681,Subsystem A,Sensor A,7.382
7682,Subsystem B,Sensor G,14.664
7683,Subsystem A,Sensor D,3.157
7684,Subsystem D,Sensor O,-1.653
7685,Subsystem C,Sensor J,1.552
7686,Subsystem C,Sensor K,6.676
7687,Subsystem D,Sensor O,-2.600
7688,Subsystem B,Sensor G,14.011
7689,Subsystem C,Sensor K,5.513
7690,Subsystem B,Sensor E,12.869
7691,Subsystem A,Sensor A,8.648
7692,Subsystem C,Sensor J,1.128
7693,Subsystem D,Sensor O,-2.145
7694,Subsystem D,Sensor P,-1.202
7695,Subsystem A,Sensor B,1.547
7696,Subsystem B,Sensor E,8.990
7697,Subsystem D,Sensor P,-0.715
7698,Subsystem D,Sensor M,-2.549
7699,Subsystem B,Sensor F,11.164
7700,Subsystem B,Sensor E,11.034
7701,Subsystem B,Sensor G,14.981
7702,Subsystem C,Sensor I,7.769
7703,Subsystem D,Sensor N,-1.183
7704,Subsystem C,Sensor K,8.140
7705,Subsystem D,Sensor O,-2.624
7706,Subsystem B,Sensor E,10.707
7707,Subsystem D,Sensor P,-0.159
7708,Subsystem D,Sensor P,-0.848
7709,Subsystem D,Sensor O,-1.589
7710,Subsystem B,Sensor E,9.616
7711,Subsystem B,Sensor G,14.960
7712,Subsystem C,Sensor I,8.321
7713,Subsystem B,Sensor G,15.000
7714,Subsystem D,Sensor P,-1.409
7715,Subsystem A,Sensor C,3.686
7716,Subsystem D,Sensor O,-1.267
7717,Subsystem C,Sensor I,7.499
7718,Subsystem A,Sensor D,1.584
7719,Subsystem B,Sensor F,13.825
7720,Subsystem C,Sensor J,1.577
7721,Subsystem A,Sensor B,1.195
7722,Subsystem B,Sensor F,14.956
7723,Subsystem B,Sensor H,6.639
7724,Subsystem C,Sensor I,11.894
7725,Subsystem D,Sensor O,-1.961
7726,Subsystem A,Sensor D,2.636
7727,Subsystem C,Sensor I,7.591
7728,Subsystem B,Sensor G,14.104
7729,Subsystem A,Sensor C,7.907
7730,Subsystem C,Sensor J,1.282
7731,Subsystem A,Sensor C,6.638
7732,Subsystem B,Sensor E,10.203
7733,Subsystem A,Sensor A,7.730
7734,Subsystem B,Sensor H,2.713
7735,Subsystem C,Sensor J,1.372
7736,Subsystem D,Sensor N,-1.678
7737,Subsystem D,Sensor O,-2.546
7738,Subsystem A,Sensor D,1.495
7739,Subsystem D,Sensor O,-2.278
7740,Subsystem D,Sensor M,-2.924
7741,Subsystem A,Sensor A,8.893
7742,Subsystem D,Sensor N,-1.356
7743,Subsystem C,Sensor K,5.721
7744,Subsystem C,Sensor L,9.902
7745,Subsystem C,Sensor J,2.105
7746,Subsystem B,Sensor F,13.686
7747,Subsystem C,Sensor K,4.896
7748,Subsystem B,Sensor F,14.189
7749,Subsystem A,Sensor D,2.273
7750,Subsystem C,Sensor J,1.002
7751,Subsystem A,Sensor D,3.497
7752,Subsystem C,Sensor K,5.049
7753,Subsystem A,Sensor D,2.750
7754,Subsystem C,Sensor K,5.479
7755,Subsystem C,Sensor K,6.430
7756,Subsystem A,Sensor C,5.447
7757,Subsystem D,Sensor P,-1.357
7758,Subsystem D,Sensor N,-1.228
7759,Subsystem B,Sensor E,9.816
7760,Subsystem C,Sensor K,8.325
7761,Subsystem D,Sensor O,-2.505
7762,Subsystem D,Sensor P,-1.255
7763,Subsystem A,Sensor D,2.906
7764,Subsystem A,Sensor C,8.362
7765,Subsystem D,Sensor M,-2.806
7766,Subsystem D,Sensor O,-1.221
7767,Subsystem C,Sensor I,9.521
7768,Subsystem A,Sensor D,3.233
7769,Subsystem D,Sensor N,-1.050
7770,Subsystem C,Sensor L,8.599
7771,Subsystem B,Sensor E,9.982
7772,Subsystem B,Sensor G,13.652
7773,Subsystem C,Sensor K,5.788
7774,Subsystem B,Sensor F,10.552
7775,Subsystem D,Sensor M,-2.025
7776,Subsystem A,Sensor A,8.816
7777,Subsystem B,Sensor E,9.932
7778,Subsystem C,Sensor K,7.170
7779,Subsystem D,Sensor M,-2.923
7780,Subsystem B,Sensor G,13.617
7781,Subsystem D,Sensor M,-1.727
7782,Subsystem C,Sensor L,9.772
7783,Subsystem A,Sensor D,1.916
7784,Subsystem D,Sensor P,-0.737
7785,Subsystem D,Sensor M,-1.922
7786,Subsystem D,Sensor P,-1.825
7787,Subsystem C,Sensor J,1.140
7788,Subsystem A,Sensor D,2.423
7789,Subsystem A,Sensor A,7.535
7790,Subsystem A,Sensor D,3.498
7791,Subsystem B,Sensor F,15.000
7792,Subsystem A,Sensor D,1.733
7793,Subsystem A,Sensor D,3.519
7794,Subsystem C,Sensor K,5.490
7795,Subsystem C,Sensor J,1.537
7796,Subsystem B,Sensor E,10.269
7797,Subsystem A,Sensor C,3.660
7798,Subsystem A,Sensor B,1.000
7799,Subsystem B,Sensor G,12.420
7800,Subsystem C,Sensor L,10.136
7801,Subsystem D,Sensor O,-0.593
7802,Subsystem A,Sensor A,4.937
7803,Subsystem D,Sensor M,-2.978
7804,Subsystem C,Sensor J,1.720
7805,Subsystem D,Sensor N,-0.922
7806,Subsystem A,Sensor A,8.264
7807,Subsystem B,Sensor F,12.870
7808,Subsystem C,Sensor L,10.382
7809,Subsystem A,Sensor C,8.278
7810,Subsystem C,Sensor I,9.296
7811,Subsystem D,Sensor N,-2.597
7812,Subsystem C,Sensor I,9.728
7813,Subsystem A,Sensor B,2.052
7814,Subsystem C,Sensor I,9.215
7815,Subsystem A,Sensor C,6.737
7816,Subsystem C,Sensor L,9.160
7817,Subsystem B,Sensor F,13.079
7818,Subsystem D,Sensor M,-1.799
7819,Subsystem A,Sensor C,7.355
7820,Subsystem A,Sensor C,7.898
7821,Subsystem C,Sensor L,8.736
7822,Subsystem C,Sensor I,8.632
7823,Subsystem A,Sensor B,2.518
7824,Subsystem B,Sensor H,5.449
7825,Subsystem B,Sensor E,11.746
7826,Subsystem A,Sensor D,2.651
7827,Subsystem D,Sensor M,-2.250
7828,Subsystem A,Sensor C,5.509
7829,Subsystem D,Sensor O,-2.659
7830,Subsystem C,Sensor J,1.507
7831,Subsystem C,Sensor I,7.985
7832,Subsystem D,Sensor P,-0.380
7833,Subsystem C,Sensor L,9.691
7834,Subsystem D,Sensor O,-2.631
7835,Subsystem C,Sensor L,10.427
7836,Subsystem C,Sensor J,2.593
7837,Subsystem A,Sensor C,5.446
7838,Subsystem B,Sensor G,12.104
7839,Subsystem B,Sensor H,4.127
7840,Subsystem C,Sensor J,2.729
7841,Subsystem A,Sensor A,7.078
7842,Subsystem C,Sensor I,7.748
7843,Subsystem D,Sensor N,-0.131
7844,Subsystem D,Sensor N,-1.759
7845,Subsystem D,Sensor M,-2.844
7846,Subsystem A,Sensor B,1.107
7847,Subsystem B,Sensor H,5.257
7848,Subsystem D,Sensor P,-1.048
7849,Subsystem D,Sensor M,-3.000
7850,Subsystem D,Sensor P,-0.741
7851,Subsystem B,Sensor F,13.073
7852,Subsystem C,Sensor I,7.976
7853,Subsystem B,Sensor E,9.749
7854,Subsystem B,Sensor G,14.878
7855,Subsystem D,Sensor N,-1.180
7856,Subsystem C,Sensor J,1.292
7857,Subsystem A,Sensor D,2.905
7858,Subsystem A,Sensor B,2.476
7859,Subsystem D,Sensor P,0.000
7860,Subsystem A,Sensor C,7.897
7861,Subsystem A,Sensor D,1.211
7862,Subsystem B,Sensor F,13.838
7863,Subsystem C,Sensor L,9.998
7864,Subsystem B,Sensor G,13.854
7865,Subsystem C,Sensor K,4.541
7866,Subsystem B,Sensor E,10.550
7867,Subsystem B,Sensor H,6.632
7868,Subsystem D,Sensor O,-2.882
7869,Subsystem A,Sensor B,1.074
7870,Subsystem D,Sensor M,-2.290
7871,Subsystem D,Sensor O,-0.739
7872,Subsystem B,Sensor F,13.924
7873,Subsystem D,Sensor P,0.000
7874,Subsystem A,Sensor C,7.562
7875,Subsystem D,Sensor N,-1.803
7876,Subsystem B,Sensor G,12.728
7877,Subsystem B,Sensor G,13.974
7878,Subsystem A,Sensor D,3.196
7879,Subsystem B,Sensor H,5.036
7880,Subsystem C,Sensor J,1.865
7881,Subsystem D,Sensor P,-2.478
7882,Subsystem D,Sensor O,-2.503
7883,Subsystem B,Sensor E,9.563
7884,Subsystem C,Sensor I,8.116
7885,Subsystem C,Sensor L,8.598
7886,Subsystem B,Sensor G,13.256
7887,Subsystem D,Sensor O,-0.930
7888,Subsystem B,Sensor H,5.566
7889,Subsystem B,Sensor F,11.321
7890,Subsystem B,Sensor F,13.795
7891,Subsystem B,Sensor H,6.340
7892,Subsystem B,Sensor F,15.000
7893,Subsystem B,Sensor G,14.426
7894,Subsystem B,Sensor G,14.563
7895,Subsystem A,Sensor D,4.307
7896,Subsystem A,Sensor C,5.859
7897,Subsystem C,Sensor J,1.309
7898,Subsystem A,Sensor B,1.236
7899,Subsystem C,Sensor I,11.218
7900,Subsystem A,Sensor C,7.138
7901,Subsystem B,Sensor G,13.727
7902,Subsystem A,Sensor A,8.152
7903,Subsystem B,Sensor H,3.277
7904,Subsystem C,Sensor J,1.390
7905,Subsystem D,Sensor O,-2.902
7906,Subsystem B,Sensor E,9.725
7907,Subsystem C,Sensor K,7.658
7908,Subsystem C,Sensor K,5.049
7909,Subsystem C,Sensor J,1.398
7910,Subsystem A,Sensor D,3.203
7911,Subsystem B,Sensor H,2.801
7912,Subsystem B,Sensor F,12.281
7913,Subsystem B,Sensor F,13.224
7914,Subsystem B,Sensor F,11.310
7915,Subsystem C,Sensor L,8.079
7916,Subsystem D,Sensor M,-2.826
7917,Subsystem D,Sensor M,-3.000
7918,Subsystem B,Sensor E,9.983
7919,Subsystem C,Sensor I,11.550
7920,Subsystem D,Sensor N,-0.755
7921,Subsystem D,Sensor O,-1.727
7922,Subsystem A,Sensor D,2.964
7923,Subsystem A,Sensor D,3.145
7924,Subsystem B,Sensor F,14.819
7925,Subsystem D,Sensor O,-2.775
7926,Subsystem B,Sensor F,11.198
7927,Subsystem D,Sensor N,-0.148
7928,Subsystem B,Sensor H,3.232
7929,Subsystem B,Sensor E,12.538
7930,Subsystem A,Sensor A,7.551
7931,Subsystem C,Sensor K,8.219
7932,Subsystem C,Sensor K,6.197
7933,Subsystem C,Sensor L,7.512
7934,Subsystem C,Sensor L,7.723
7935,Subsystem D,Sensor O,-2.623
7936,Subsystem B,Sensor H,5.929
7937,Subsystem A,Sensor B,1.049
7938,Subsystem A,Sensor A,8.099
7939,Subsystem C,Sensor I,8.163
7940,Subsystem C,Sensor J,2.634
7941,Subsystem B,Sensor G,13.557
7942,Subsystem C,Sensor J,1.529
7943,Subsystem C,Sensor L,7.843
7944,Subsystem C,Sensor J,1.177
7945,Subsystem D,Sensor M,-2.448
7946,Subsystem C,Sensor K,7.408
7947,Subsystem C,Sensor I,9.304
7948,Subsystem C,Sensor J,1.270
7949,Subsystem A,Sensor C,4.135
7950,Subsystem C,Sensor I,8.599
7951,Subsystem A,Sensor A,5.017
7952,Subsystem B,Sensor E,12.593
7953,Subsystem B,Sensor H,5.856
7954,Subsystem C,Sensor L,8.699
7955,Subsystem D,Sensor M,-2.676
7956,Subsystem C,Sensor L,9.080
7957,Subsystem A,Sensor A,7.828
7958,Subsystem D,Sensor M,-1.748
7959,Subsystem B,Sensor F,12.037
7960,Subsystem C,Sensor L,10.165
7961,Subsystem A,Sensor B,1.473
7962,Subsystem A,Sensor C,8.027
7963,Subsystem D,Sensor M,-3.000
7964,Subsystem A,Sensor B,1.980
7965,Subsystem C,Sensor L,8.773
7966,Subsystem B,Sensor F,11.061
7967,Subsystem D,Sensor M,-1.282
7968,Subsystem D,Sensor O,-1.880
7969,Subsystem D,Sensor M,-2.034
7970,Subsystem D,Sensor P,-1.007
7971,Subsystem B,Sensor H,6.604
7972,Subsystem D,Sensor O,-2.018
7973,Subsystem B,Sensor H,5.554
7974,Subsystem C,Sensor K,5.807
7975,Subsystem B,Sensor E,9.966
7976,Subsystem D,Sensor P,0.000
7977,Subsystem C,Sensor I,11.038
7978,Subsystem D,Sensor O,-2.271
7979,Subsystem C,Sensor J,1.199
7980,Subsystem B,Sensor H,5.539
7981,Subsystem C,Sensor I,11.744
7982,Subsystem C,Sensor K,5.778
7983,Subsystem C,Sensor K,5.421
7984,Subsystem A,Sensor C,5.524
7985,Subsystem D,Sensor P,-0.144
7986,Subsystem B,Sensor F,12.127
7987,Subsystem B,Sensor G,12.768
7988,Subsystem D,Sensor M,-2.948
7989,Subsystem C,Sensor I,9.638
7990,Subsystem D,Sensor P,0.000
7991,Subsystem C,Sensor J,1.514
7992,Subsystem D,Sensor P,-0.777
7993,Subsystem D,Sensor P,-0.822
7994,Subsystem D,Sensor N,-2.252
7995,Subsystem A,Sensor D,3.457
7996,Subsystem C,Sensor I,12.089
7997,Subsystem B,Sensor F,13.392
7998,Subsystem A,Sensor D,3.395
7999,Subsystem A,Sensor A,7.910
8000,Subsystem A,Sensor A,9.109
8001,Subsystem B,Sensor E,12.645
8002,Subsystem C,Sensor I,7.740
8003,Subsystem B,Sensor F,13.570
8004,Subsystem D,Sensor O,-2.062
8005,Subsystem C,Sensor K,5.605
8006,Subsystem C,Sensor L,10.155
8007,Subsystem A,Sensor B,1.169
8008,Subsystem C,Sensor J,1.595
8009,Subsystem B,Sensor E,10.289
8010,Subsystem A,Sensor A,8.769
8011,Subsystem C,Sensor L,8.858
8012,Subsystem D,Sensor P,-0.534
8013,Subsystem B,Sensor E,11.057
8014,Subsystem D,Sensor O,-0.814
8015,Subsystem A,Sensor D,2.280
8016,Subsystem A,Sensor A,9.920
8017,Subsystem D,Sensor M,-2.374
8018,Subsystem C,Sensor K,8.078
8019,Subsystem D,Sensor N,-2.149
8020,Subsystem B,Sensor E,11.107
8021,Subsystem C,Sensor K,7.878
8022,Subsystem B,Sensor E,11.952
8023,Subsystem A,Sensor B,1.315
8024,Subsystem B,Sensor E,9.165
8025,Subsystem A,Sensor C,4.199
8026,Subsystem A,Sensor C,6.620
8027,Subsystem B,Sensor E,10.846
8028,Subsystem B,Sensor G,12.490
8029,Subsystem B,Sensor E,12.425
8030,Subsystem B,Sensor E,9.915
8031,Subsystem B,Sensor F,13.148
8032,Subsystem A,Sensor A,8.862
8033,Subsystem D,Sensor P,-0.920
8034,Subsystem D,Sensor O,-2.323
8035,Subsystem C,Sensor J,1.686
8036,Subsystem B,Sensor F,14.773
8037,Subsystem C,Sensor J,1.456
8038,Subsystem D,Sensor N,-0.849
8039,Subsystem D,Sensor O,-2.157
8040,Subsystem C,Sensor K,7.540
8041,Subsystem D,Sensor M,-2.130
8042,Subsystem C,Sensor J,1.132
8043,Subsystem A,Sensor B,2.461
8044,Subsystem A,Sensor A,7.556
8045,Subsystem B,Sensor H,6.063
8046,Subsystem A,Sensor B,1.232
8047,Subsystem D,Sensor P,-0.079
8048,Subsystem D,Sensor N,-0.568
8049,Subsystem A,Sensor A,7.619
8050,Subsystem D,Sensor M,-2.092
8051,Subsystem D,Sensor N,-2.182
8052,Subsystem A,Sensor D,2.012
8053,Subsystem A,Sensor D,2.656
8054,Subsystem B,Sensor E,11.460
8055,Subsystem D,Sensor N,-1.116
8056,Subsystem C,Sensor K,4.567
8057,Subsystem D,Sensor P,-0.038
8058,Subsystem C,Sensor I,8.150
8059,Subsystem A,Sensor B,1.000
8060,Subsystem C,Sensor K,6.004
8061,Subsystem A,Sensor A,4.876
8062,Subsystem B,Sensor G,12.386
8063,Subsystem B,Sensor E,10.459
8064,Subsystem D,Sensor M,-2.048
8065,Subsystem B,Sensor E,9.500
8066,Subsystem A,Sensor B,1.262
8067,Subsystem D,Sensor M,-2.850
8068,Subsystem A,Sensor C,5.324
8069,Subsystem C,Sensor L,10.092
8070,Subsystem D,Sensor N,-2.306
8071,Subsystem A,Sensor C,5.487
8072,Subsystem D,Sensor O,-1.828
8073,Subsystem C,Sensor K,7.627
8074,Subsystem A,Sensor A,6.107
8075,Subsystem D,Sensor O,-2.655
8076,Subsystem C,Sensor L,10.101
8077,Subsystem B,Sensor G,14.035
8078,Subsystem B,Sensor G,14.697
8079,Subsystem B,Sensor G,13.245
8080,Subsystem D,Sensor O,-1.976
8081,Subsystem B,Sensor H,3.837
8082,Subsystem B,Sensor H,3.996
8083,Subsystem A,Sensor D,1.755
8084,Subsystem C,Sensor J,1.818
8085,Subsystem D,Sensor O,-2.181
8086,Subsystem C,Sensor K,3.826
8087,Subsystem D,Sensor O,-1.277
8088,Subsystem D,Sensor N,-1.920
8089,Subsystem A,Sensor C,6.983
8090,Subsystem B,Sensor E,11.279
8091,Subsystem D,Sensor O,-2.193
8092,Subsystem C,Sensor K,5.761
8093,Subsystem C,Sensor K,6.963
8094,Subsystem B,Sensor F,13.571
8095,Subsystem B,Sensor G,14.852
8096,Subsystem B,Sensor F,11.900
8097,Subsystem A,Sensor C,4.516
8098,Subsystem C,Sensor K,4.581
8099,Subsystem B,Sensor E,10.058
8100,Subsystem C,Sensor J,1.043
8101,Subsystem C,Sensor I,11.585
8102,Subsystem B,Sensor H,7.002
8103,Subsystem C,Sensor J,2.118
8104,Subsystem B,Sensor H,6.933
8105,Subsystem B,Sensor E,9.538
8106,Subsystem C,Sensor J,1.624
8107,Subsystem D,Sensor M,-2.829
8108,Subsystem B,Sensor E,9.154
8109,Subsystem C,Sensor K,5.480
8110,Subsystem B,Sensor G,14.081
8111,Subsystem B,Sensor G,15.000
8112,Subsystem C,Sensor I,9.836
8113,Subsystem D,Sensor O,-2.526
8114,Subsystem A,Sensor B,1.072
8115,Subsystem D,Sensor P,0.000
8116,Subsystem B,Sensor E,9.974
8117,Subsystem B,Sensor F,10.490
8118,Subsystem A,Sensor D,2.866
8119,Subsystem D,Sensor O,-1.155
8120,Subsystem A,Sensor B,1.379
8121,Subsystem C,Sensor L,8.882
8122,Subsystem B,Sensor H,4.819
8123,Subsystem A,Sensor C,3.467
8124,Subsystem D,Sensor P,-1.875
8125,Subsystem D,Sensor N,-1.791
8126,Subsystem B,Sensor F,10.990
8127,Subsystem A,Sensor A,9.068
8128,Subsystem B,Sensor F,10.380
8129,Subsystem A,Sensor C,5.395
8130,Subsystem B,Sensor G,13.690
8131,Subsystem A,Sensor C,4.484
8132,Subsystem C,Sensor I,11.210
8133,Subsystem B,Sensor F,11.198
8134,Subsystem D,Sensor P,-1.740
8135,Subsystem C,Sensor J,1.069
8136,Subsystem B,Sensor H,4.584
8137,Subsystem A,Sensor B,1.935
8138,Subsystem A,Sensor C,7.757
8139,Subsystem B,Sensor G,14.825
8140,Subsystem A,Sensor B,1.503
8141,Subsystem A,Sensor B,1.281
8142,Subsystem D,Sensor M,-2.336
8143,Subsystem D,Sensor P,-0.568
8144,Subsystem A,Sensor A,9.928
8145,Subsystem C,Sensor L,7.887
8146,Subsystem A,Sensor A,9.643
8147,Subsystem D,Sensor P,-0.154
8148,Subsystem B,Sensor H,6.240
8149,Subsystem C,Sensor I,12.397
8150,Subsystem B,Sensor F,11.950
8151,Subsystem C,Sensor I,7.618
8152,Subsystem D,Sensor O,-1.113
8153,Subsystem A,Sensor C,7.692
8154,Subsystem D,Sensor M,-1.605
8155,Subsystem C,Sensor I,8.143
8156,Subsystem C,Sensor J,1.380
8157,Subsystem C,Sensor J,2.685
8158,Subsystem C,Sensor J,1.987
8159,Subsystem A,Sensor D,3.712
8160,Subsystem C,Sensor I,7.495
8161,Subsystem C,Sensor J,1.000
8162,Subsystem D,Sensor P,-1.152
8163,Subsystem D,Sensor O,-0.908
8164,Subsystem C,Sensor K,7.592
8165,Subsystem C,Sensor I,9.784
8166,Subsystem C,Sensor J,1.346
8167,Subsystem A,Sensor C,8.233
8168,Subsystem B,Sensor G,13.726
8169,Subsystem A,Sensor C,7.685
8170,Subsystem A,Sensor D,2.480
8171,Subsystem C,Sensor J,1.262
8172,Subsystem A,Sensor B,2.735
8173,Subsystem B,Sensor E,9.502
8174,Subsystem C,Sensor L,9.589
8175,Subsystem B,Sensor G,14.270
8176,Subsystem B,Sensor F,11.563
8177,Subsystem A,Sensor A,6.342
8178,Subsystem A,Sensor A,8.436
8179,Subsystem B,Sensor G,14.688
8180,Subsystem C,Sensor J,1.168
8181,Subsystem D,Sensor M,-2.994
8182,Subsystem A,Sensor D,2.789
8183,Subsystem A,Sensor B,1.439
8184,Subsystem B,Sensor H,4.741
8185,Subsystem D,Sensor M,-1.840
8186,Subsystem A,Sensor A,7.646
8187,Subsystem B,Sensor E,12.278
8188,Subsystem D,Sensor O,-1.537
8189,Subsystem C,Sensor K,4.428
8190,Subsystem A,Sensor D,2.128
8191,Subsystem A,Sensor B,1.181
8192,Subsystem C,Sensor I,7.615
8193,Subsystem B,Sensor F,11.451
8194,Subsystem A,Sensor C,6.259
8195,Subsystem A,Sensor D,1.278
8196,Subsystem D,Sensor P,0.000
8197,Subsystem D,Sensor M,-2.338
8198,Subsystem C,Sensor J,1.201
8199,Subsystem A,Sensor B,2.137
8200,Subsystem C,Sensor K,4.733
8201,Subsystem D,Sensor M,-2.285
8202,Subsystem C,Sensor K,7.539
8203,Subsystem D,Sensor P,-0.883
8204,Subsystem A,Sensor A,4.882
8205,Subsystem B,Sensor E,11.679
8206,Subsystem A,Sensor A,8.360
8207,Subsystem D,Sensor N,-1.426
8208,Subsystem D,Sensor N,-2.248
8209,Subsystem A,Sensor C,5.494
8210,Subsystem B,Sensor F,13.478
8211,Subsystem C,Sensor J,1.811
8212,Subsystem C,Sensor I,8.165
8213,Subsystem D,Sensor N,-1.793
8214,Subsystem B,Sensor H,4.936
8215,Subsystem C,Sensor I,9.672
8216,Subsystem D,Sensor P,0.000
8217,Subsystem B,Sensor E,10.757
8218,Subsystem C,Sensor L,8.685
8219,Subsystem D,Sensor P,-1.128
8220,Subsystem D,Sensor O,-0.601
8221,Subsystem B,Sensor G,12.786
8222,Subsystem B,Sensor H,4.588
8223,Subsystem D,Sensor P,-2.186
8224,Subsystem B,Sensor G,14.902
8225,Subsystem A,Sensor A,7.362
8226,Subsystem B,Sensor H,6.657
8227,Subsystem A,Sensor A,9.953
8228,Subsystem D,Sensor N,-2.654
8229,Subsystem B,Sensor G,13.785
8230,Subsystem A,Sensor C,8.005
8231,Subsystem C,Sensor J,1.607
8232,Subsystem C,Sensor K,5.067
8233,Subsystem D,Sensor N,-2.420
8234,Subsystem B,Sensor F,11.051
8235,Subsystem C,Sensor I,12.416
8236,Subsystem A,Sensor A,7.913
8237,Subsystem C,Sensor L,8.975
8238,Subsystem A,Sensor C,7.848
8239,Subsystem D,Sensor O,-2.420
8240,Subsystem A,Sensor A,4.789
8241,Subsystem C,Sensor K,8.885
8242,Subsystem D,Sensor O,-1.925
8243,Subsystem C,Sensor J,1.281
8244,Subsystem D,Sensor O,-2.972
8245,Subsystem A,Sensor B,1.530
8246,Subsystem D,Sensor O,-1.340
8247,Subsystem A,Sensor B,1.172
8248,Subsystem C,Sensor I,9.192
8249,Subsystem D,Sensor N,-2.178
8250,Subsystem D,Sensor P,-0.433
8251,Subsystem A,Sensor C,3.636
8252,Subsystem B,Sensor F,10.836
8253,Subsystem C,Sensor L,9.764
8254,Subsystem C,Sensor J,1.652
8255,Subsystem C,Sensor J,1.882
8256,Subsystem B,Sensor F,13.220
8257,Subsystem C,Sensor J,2.087
8258,Subsystem C,Sensor J,1.360
8259,Subsystem B,Sensor F,13.812
8260,Subsystem B,Sensor F,11.190
8261,Subsystem D,Sensor N,-0.146
8262,Subsystem A,Sensor A,7.511
8263,Subsystem D,Sensor O,-2.005
8264,Subsystem C,Sensor J,2.099
8265,Subsystem C,Sensor K,7.646
8266,Subsystem C,Sensor J,1.000
8267,Subsystem A,Sensor D,1.874
8268,Subsystem A,Sensor A,5.143
8269,Subsystem D,Sensor N,-1.952
8270,Subsystem D,Sensor M,-2.935
8271,Subsystem A,Sensor D,2.353
8272,Subsystem D,Sensor P,-0.181
8273,Subsystem B,Sensor F,14.561
8274,Subsystem B,Sensor G,12.317
8275,Subsystem C,Sensor J,2.154
8276,Subsystem B,Sensor F,12.205
8277,Subsystem B,Sensor H,2.876
8278,Subsystem A,Sensor D,2.093
8279,Subsystem D,Sensor O,-0.811
8280,Subsystem D,Sensor P,0.000
8281,Subsystem A,Sensor C,3.452
8282,Subsystem A,Sensor A,7.934
8283,Subsystem A,Sensor B,1.499
8284,Subsystem C,Sensor L,8.986
8285,Subsystem B,Sensor G,13.827
8286,Subsystem A,Sensor D,2.663
8287,Subsystem A,Sensor D,3.354
8288,Subsystem B,Sensor F,11.338
8289,Subsystem D,Sensor P,-2.159
8290,Subsystem D,Sensor N,-2.170
8291,Subsystem C,Sensor J,1.761
8292,Subsystem C,Sensor J,1.155
8293,Subsystem C,Sensor L,10.235
8294,Subsystem B,Sensor F,11.359
8295,Subsystem D,Sensor O,-2.102
8296,Subsystem D,Sensor N,-0.137
8297,Subsystem C,Sensor I,8.162
8298,Subsystem C,Sensor K,3.983
8299,Subsystem D,Sensor M,-2.697
8300,Subsystem A,Sensor B,2.493
8301,Subsystem D,Sensor N,-2.059
8302,Subsystem D,Sensor M,-2.302
8303,Subsystem C,Sensor I,9.374
8304,Subsystem B,Sensor H,5.689
8305,Subsystem D,Sensor M,-2.196
8306,Subsystem A,Sensor D,2.867
8307,Subsystem C,Sensor L,9.158
8308,Subsystem C,Sensor L,9.067
8309,Subsystem D,Sensor N,-1.319
8310,Subsystem C,Sensor J,1.613
8311,Subsystem D,Sensor P,0.000
8312,Subsystem D,Sensor O,-0.632
8313,Subsystem C,Sensor L,8.948
8314,Subsystem A,Sensor C,7.514
8315,Subsystem B,Sensor F,13.567
8316,Subsystem B,Sensor E,12.379
8317,Subsystem A,Sensor D,2.599
8318,Subsystem A,Sensor A,8.938
8319,Subsystem B,Sensor G,13.983
8320,Subsystem B,Sensor H,5.282
8321,Subsystem A,Sensor B,1.048
8322,Subsystem B,Sensor F,11.156
8323,Subsystem D,Sensor P,-2.012
8324,Subsystem D,Sensor N,-2.375
8325,Subsystem C,Sensor I,8.080
8326,Subsystem C,Sensor J,2.171
8327,Subsystem B,Sensor H,4.852
8328,Subsystem D,Sensor N,-0.053
8329,Subsystem C,Sensor K,5.728
8330,Subsystem D,Sensor O,-2.805
8331,Subsystem A,Sensor D,2.497
8332,Subsystem B,Sensor G,14.198
8333,Subsystem B,Sensor G,15.000
8334,Subsystem D,Sensor N,-1.107
8335,Subsystem C,Sensor K,5.660
8336,Subsystem D,Sensor O,-2.007
8337,Subsystem C,Sensor L,8.977
8338,Subsystem B,Sensor E,9.279
8339,Subsystem A,Sensor D,2.837
8340,Subsystem C,Sensor J,2.047
8341,Subsystem B,Sensor H,5.830
8342,Subsystem B,Sensor H,5.822
8343,Subsystem A,Sensor B,1.485
8344,Subsystem C,Sensor L,8.020
8345,Subsystem C,Sensor L,8.812
8346,Subsystem A,Sensor A,7.376
8347,Subsystem C,Sensor L,9.949
8348,Subsystem A,Sensor D,2.680
8349,Subsystem C,Sensor J,2.547
8350,Subsystem D,Sensor M,-2.652
8351,Subsystem C,Sensor L,9.662
8352,Subsystem C,Sensor K,8.680
8353,Subsystem B,Sensor E,12.076
8354,Subsystem A,Sensor D,3.466
8355,Subsystem C,Sensor L,9.177
8356,Subsystem A,Sensor B,1.304
8357,Subsystem D,Sensor O,-0.710
8358,Subsystem A,Sensor C,7.705
8359,Subsystem D,Sensor N,-1.522
8360,Subsystem A,Sensor A,9.955
8361,Subsystem B,Sensor H,5.636
8362,Subsystem D,Sensor P,-0.078
8363,Subsystem B,Sensor E,10.796
8364,Subsystem D,Sensor P,-1.160
8365,Subsystem C,Sensor I,9.316
8366,Subsystem D,Sensor N,-0.869
8367,Subsystem B,Sensor H,4.000
8368,Subsystem D,Sensor P,-0.672
8369,Subsystem B,Sensor E,10.247
8370,Subsystem C,Sensor L,9.514
8371,Subsystem D,Sensor N,-0.981
8372,Subsystem B,Sensor E,11.055
8373,Subsystem B,Sensor F,14.743
8374,Subsystem D,Sensor P,-0.038
8375,Subsystem C,Sensor L,8.116
8376,Subsystem A,Sensor D,2.437
8377,Subsystem B,Sensor G,14.418
8378,Subsystem B,Sensor F,14.537
8379,Subsystem C,Sensor J,2.040
8380,Subsystem D,Sensor M,-2.868
8381,Subsystem D,Sensor M,-2.367
8382,Subsystem A,Sensor A,8.347
8383,Subsystem D,Sensor O,-1.981
8384,Subsystem B,Sensor E,11.136
8385,Subsystem A,Sensor B,1.043
8386,Subsystem A,Sensor A,9.731
8387,Subsystem C,Sensor K,5.267
8388,Subsystem A,Sensor B,1.000
8389,Subsystem B,Sensor F,14.056
8390,Subsystem D,Sensor M,-2.321
8391,Subsystem B,Sensor F,13.153
8392,Subsystem A,Sensor A,10.296
8393,Subsystem A,Sensor B,1.224
8394,Subsystem D,Sensor M,-2.258
8395,Subsystem D,Sensor P,-1.100
8396,Subsystem B,Sensor G,13.833
8397,Subsystem C,Sensor J,2.647
8398,Subsystem D,Sensor M,-2.148
8399,Subsystem C,Sensor I,8.052
8400,Subsystem C,Sensor I,11.257
8401,Subsystem A,Sensor D,1.181
8402,Subsystem B,Sensor F,13.750
8403,Subsystem C,Sensor L,7.580
8404,Subsystem B,Sensor G,14.775
8405,Subsystem C,Sensor J,1.204
8406,Subsystem A,Sensor A,9.066
8407,Subsystem B,Sensor E,12.479
8408,Subsystem B,Sensor G,14.418
8409,Subsystem C,Sensor J,1.613
8410,Subsystem A,Sensor A,7.081
8411,Subsystem B,Sensor E,12.729
8412,Subsystem A,Sensor D,1.785
8413,Subsystem C,Sensor K,7.920
8414,Subsystem D,Sensor M,-2.655
8415,Subsystem C,Sensor K,6.955
8416,Subsystem B,Sensor E,11.266
8417,Subsystem B,Sensor H,3.975
8418,Subsystem A,Sensor B,1.040
8419,Subsystem B,Sensor H,2.888
8420,Subsystem D,Sensor M,-2.874
8421,Subsystem D,Sensor P,-0.102
8422,Subsystem C,Sensor J,1.267
8423,Subsystem B,Sensor F,14.814
8424,Subsystem A,Sensor D,1.801
8425,Subsystem B,Sensor E,10.960
8426,Subsystem D,Sensor O,-1.186
8427,Subsystem D,Sensor N,-1.865
8428,Subsystem A,Sensor B,1.402
8429,Subsystem D,Sensor N,-0.301
8430,Subsystem D,Sensor M,-2.186
8431,Subsystem C,Sensor J,2.543
8432,Subsystem A,Sensor D,2.226
8433,Subsystem D,Sensor O,-0.876
8434,Subsystem A,Sensor A,8.861
8435,Subsystem D,Sensor N,-1.475
8436,Subsystem A,Sensor B,1.687
8437,Subsystem D,Sensor O,-1.256
8438,Subsystem A,Sensor A,5.512
8439,Subsystem D,Sensor N,-1.639
8440,Subsystem C,Sensor I,7.765
8441,Subsystem D,Sensor O,-2.230
8442,Subsystem D,Sensor N,-2.966
8443,Subsystem A,Sensor C,5.404
8444,Subsystem B,Sensor F,11.273
8445,Subsystem C,Sensor J,1.733
8446,Subsystem D,Sensor O,-2.801
8447,Subsystem C,Sensor L,10.052
8448,Subsystem D,Sensor O,-1.546
8449,Subsystem B,Sensor G,14.141
8450,Subsystem D,Sensor M,-2.513
8451,Subsystem D,Sensor O,-2.178
8452,Subsystem B,Sensor G,15.000
8453,Subsystem C,Sensor I,11.410
8454,Subsystem C,Sensor K,7.581
8455,Subsystem D,Sensor N,0.000
8456,Subsystem A,Sensor D,2.772
8457,Subsystem D,Sensor M,-1.813
8458,Subsystem B,Sensor F,13.046
8459,Subsystem C,Sensor K,4.698
8460,Subsystem A,Sensor A,6.504
8461,Subsystem C,Sensor J,1.673
8462,Subsystem C,Sensor L,10.018
8463,Subsystem D,Sensor N,-1.238
8464,Subsystem B,Sensor H,3.542
8465,Subsystem D,Sensor N,-2.406
8466,Subsystem D,Sensor N,-0.037
8467,Subsystem A,Sensor C,8.283
8468,Subsystem D,Sensor M,-3.000
8469,Subsystem B,Sensor G,14.088
8470,Subsystem D,Sensor O,-1.115
8471,Subsystem C,Sensor K,7.437
8472,Subsystem B,Sensor F,14.884
8473,Subsystem C,Sensor L,9.012
8474,Subsystem C,Sensor J,2.398
8475,Subsystem D,Sensor N,-2.201
8476,Subsystem D,Sensor O,-2.512
8477,Subsystem D,Sensor N,-1.232
8478,Subsystem C,Sensor J,1.404
8479,Subsystem B,Sensor E,11.252
8480,Subsystem D,Sensor N,-1.208
8481,Subsystem B,Sensor F,11.527
8482,Subsystem B,Sensor F,13.099
8483,Subsystem B,Sensor E,9.578
8484,Subsystem A,Sensor A,9.101
8485,Subsystem B,Sensor E,9.546
8486,Subsystem A,Sensor A,9.942
8487,Subsystem D,Sensor O,-1.216
8488,Subsystem D,Sensor M,-2.067
8489,Subsystem D,Sensor P,-1.524
8490,Subsystem C,Sensor L,9.976
8491,Subsystem A,Sensor A,7.062
8492,Subsystem A,Sensor D,3.544
8493,Subsystem D,Sensor M,-2.659
8494,Subsystem D,Sensor P,-1.511
8495,Subsystem B,Sensor H,2.558
8496,Subsystem B,Sensor H,3.173
8497,Subsystem B,Sensor F,11.508
8498,Subsystem D,Sensor P,0.000
8499,Subsystem B,Sensor E,9.560
8500,Subsystem D,Sensor N,-2.411
8501,Subsystem D,Sensor O,-1.846
8502,Subsystem C,Sensor L,8.583
8503,Subsystem D,Sensor N,-1.790
8504,Subsystem C,Sensor K,5.518
8505,Subsystem A,Sensor D,2.714
8506,Subsystem C,Sensor K,7.395
8507,Subsystem D,Sensor O,-2.855
8508,Subsystem A,Sensor B,1.185
8509,Subsystem C,Sensor I,9.636
8510,Subsystem A,Sensor A,7.497
8511,Subsystem C,Sensor I,7.742
8512,Subsystem C,Sensor I,10.668
8513,Subsystem D,Sensor N,-2.726
8514,Subsystem D,Sensor P,-0.098
8515,Subsystem C,Sensor L,8.387
8516,Subsystem A,Sensor D,2.383
8517,Subsystem C,Sensor K,8.016
8518,Subsystem D,Sensor N,-0.751
8519,Subsystem A,Sensor B,1.971
8520,Subsystem A,Sensor B,2.171
8521,Subsystem C,Sensor I,8.549
8522,Subsystem B,Sensor E,10.184
8523,Subsystem B,Sensor E,11.200
8524,Subsystem D,Sensor M,-1.971
8525,Subsystem A,Sensor B,1.169
8526,Subsystem D,Sensor N,-0.939
8527,Subsystem A,Sensor B,1.000
8528,Subsystem B,Sensor E,10.501
8529,Subsystem B,Sensor E,12.338
8530,Subsystem C,Sensor I,7.554
8531,Subsystem D,Sensor N,-2.371
8532,Subsystem A,Sensor A,9.849
8533,Subsystem B,Sensor E,12.389
8534,Subsystem D,Sensor P,-1.432
8535,Subsystem B,Sensor H,3.040
8536,Subsystem A,Sensor B,2.337
8537,Subsystem B,Sensor E,10.803
8538,Subsystem C,Sensor K,7.954
8539,Subsystem D,Sensor M,-1.638
8540,Subsystem C,Sensor K,7.690
8541,Subsystem A,Sensor A,9.698
8542,Subsystem C,Sensor L,8.230
8543,Subsystem B,Sensor E,11.727
8544,Subsystem C,Sensor J,2.157
8545,Subsystem D,Sensor P,-1.159
8546,Subsystem B,Sensor E,10.943
8547,Subsystem A,Sensor A,8.599
8548,Subsystem D,Sensor M,-1.596
8549,Subsystem A,Sensor C,8.753
8550,Subsystem D,Sensor P,-2.027
8551,Subsystem B,Sensor G,13.136
8552,Subsystem C,Sensor L,8.251
8553,Subsystem B,Sensor E,9.157
8554,Subsystem A,Sensor D,2.360
8555,Subsystem C,Sensor K,4.585
8556,Subsystem B,Sensor G,14.706
8557,Subsystem A,Sensor A,7.326
8558,Subsystem A,Sensor D,3.070
8559,Subsystem B,Sensor G,12.252
8560,Subsystem B,Sensor H,5.671
8561,Subsystem D,Sensor M,-2.570
8562,Subsystem D,Sensor M,-2.875
8563,Subsystem C,Sensor I,7.483
8564,Subsystem D,Sensor M,-2.884
8565,Subsystem C,Sensor K,6.701
8566,Subsystem A,Sensor B,1.524
8567,Subsystem C,Sensor J,1.530
8568,Subsystem D,Sensor N,-1.745
8569,Subsystem B,Sensor F,13.425
8570,Subsystem B,Sensor H,3.732
8571,Subsystem C,Sensor J,1.217
8572,Subsystem C,Sensor L,8.682
8573,Subsystem C,Sensor I,7.994
8574,Subsystem B,Sensor G,14.238
8575,Subsystem D,Sensor O,-2.260
8576,Subsystem D,Sensor M,-2.822
8577,Subsystem B,Sensor E,12.134
8578,Subsystem D,Sensor N,-1.903
8579,Subsystem C,Sensor K,5.459
8580,Subsystem D,Sensor P,-0.098
8581,Subsystem A,Sensor C,3.970
8582,Subsystem B,Sensor E,11.775
8583,Subsystem D,Sensor P,-2.075
8584,Subsystem C,Sensor K,3.401
8585,Subsystem C,Sensor I,7.856
8586,Subsystem D,Sensor P,-0.438
8587,Subsystem A,Sensor D,1.897
8588,Subsystem C,Sensor K,4.860
8589,Subsystem B,Sensor F,13.646
8590,Subsystem A,Sensor D,1.949
8591,Subsystem B,Sensor F,11.216
8592,Subsystem B,Sensor E,9.851
8593,Subsystem C,Sensor K,6.567
8594,Subsystem D,Sensor M,-2.824
8595,Subsystem C,Sensor J,2.190
8596,Subsystem D,Sensor O,-2.639
8597,Subsystem B,Sensor F,12.305
8598,Subsystem D,Sensor M,-1.869
8599,Subsystem A,Sensor C,5.537
8600,Subsystem D,Sensor O,-2.852
8601,Subsystem A,Sensor B,1.143
8602,Subsystem D,Sensor O,-2.716
8603,Subsystem A,Sensor A,7.976
8604,Subsystem B,Sensor E,11.978
8605,Subsystem D,Sensor N,-0.149
8606,Subsystem A,Sensor D,2.802
8607,Subsystem D,Sensor N,-1.910
8608,Subsystem A,Sensor A,10.287
8609,Subsystem C,Sensor J,1.179
8610,Subsystem D,Sensor O,-2.567
8611,Subsystem A,Sensor B,1.000
8612,Subsystem B,Sensor H,5.501
8613,Subsystem C,Sensor L,8.321
8614,Subsystem B,Sensor E,9.948
8615,Subsystem C,Sensor L,7.886
8616,Subsystem D,Sensor O,-1.443
8617,Subsystem B,Sensor H,3.500
8618,Subsystem A,Sensor B,1.194
8619,Subsystem B,Sensor E,9.643
8620,Subsystem A,Sensor A,6.940
8621,Subsystem D,Sensor O,-2.509
8622,Subsystem D,Sensor O,-2.274
8623,Subsystem A,Sensor C,4.102
8624,Subsystem C,Sensor K,6.635
8625,Subsystem C,Sensor K,5.941
8626,Subsystem B,Sensor E,12.631
8627,Subsystem A,Sensor A,8.729
8628,Subsystem A,Sensor D,2.496
8629,Subsystem B,Sensor H,6.106
8630,Subsystem B,Sensor G,14.861
8631,Subsystem B,Sensor F,14.099
8632,Subsystem D,Sensor O,-1.396
8633,Subsystem A,Sensor B,2.827
8634,Subsystem C,Sensor K,5.118
8635,Subsystem D,Sensor M,-2.864
8636,Subsystem A,Sensor B,1.601
8637,Subsystem D,Sensor P,0.000
8638,Subsystem C,Sensor K,5.131
8639,Subsystem B,Sensor G,12.524
8640,Subsystem A,Sensor C,3.553
8641,Subsystem A,Sensor B,1.946
8642,Subsystem A,Sensor A,10.014
8643,Subsystem A,Sensor C,8.378
8644,Subsystem D,Sensor O,-1.373
8645,Subsystem A,Sensor A,8.494
8646,Subsystem B,Sensor H,5.456
8647,Subsystem C,Sensor J,2.341
8648,Subsystem B,Sensor F,12.041
8649,Subsystem D,Sensor M,-2.576
8650,Subsystem D,Sensor P,-0.114
8651,Subsystem D,Sensor P,-0.547
8652,Subsystem A,Sensor A,9.820
8653,Subsystem D,Sensor M,-1.786
8654,Subsystem D,Sensor M,-2.272
8655,Subsystem A,Sensor A,8.187
8656,Subsystem B,Sensor F,14.981
8657,Subsystem B,Sensor G,13.356
8658,Subsystem A,Sensor B,1.924
8659,Subsystem A,Sensor C,7.401
8660,Subsystem A,Sensor A,8.011
8661,Subsystem B,Sensor G,14.297
8662,Subsystem B,Sensor E,11.638
8663,Subsystem C,Sensor L,8.488
8664,Subsystem B,Sensor H,3.989
8665,Subsystem C,Sensor K,7.483
8666,Subsystem D,Sensor M,-2.752
8667,Subsystem C,Sensor I,10.101
8668,Subsystem A,Sensor C,7.751
8669,Subsystem D,Sensor M,-2.614
8670,Subsystem C,Sensor K,5.774
8671,Subsystem C,Sensor L,10.725
8672,Subsystem B,Sensor G,12.359
8673,Subsystem A,Sensor B,1.460
8674,Subsystem D,Sensor P,-2.194
8675,Subsystem C,Sensor L,8.869
8676,Subsystem C,Sensor K,7.544
8677,Subsystem A,Sensor B,1.588
8678,Subsystem B,Sensor F,11.584
8679,Subsystem B,Sensor G,12.809
8680,Subsystem C,Sensor K,3.684
8681,Subsystem C,Sensor J,1.250
8682,Subsystem C,Sensor J,1.521
8683,Subsystem C,Sensor I,8.250
8684,Subsystem C,Sensor K,5.251
8685,Subsystem D,Sensor N,-0.969
8686,Subsystem B,Sensor H,6.425
8687,Subsystem C,Sensor J,1.579
8688,Subsystem C,Sensor K,4.596
8689,Subsystem B,Sensor F,14.080
8690,Subsystem D,Sensor M,-2.130
8691,Subsystem D,Sensor M,-2.250
8692,Subsystem B,Sensor H,4.086
8693,Subsystem C,Sensor J,2.068
8694,Subsystem C,Sensor K,4.952
8695,Subsystem B,Sensor H,6.401
8696,Subsystem B,Sensor F,11.129
8697,Subsystem C,Sensor K,7.564
8698,Subsystem B,Sensor H,3.177
8699,Subsystem B,Sensor F,14.864
8700,Subsystem B,Sensor E,10.575
8701,Subsystem C,Sensor L,9.446
8702,Subsystem C,Sensor J,2.030
8703,Subsystem D,Sensor N,-1.709
8704,Subsystem B,Sensor F,12.989
8705,Subsystem B,Sensor H,3.299
8706,Subsystem D,Sensor O,-2.718
8707,Subsystem C,Sensor J,2.021
8708,Subsystem C,Sensor L,10.117
8709,Subsystem A,Sensor D,1.359
8710,Subsystem A,Sensor D,2.128
8711,Subsystem C,Sensor J,2.059
8712,Subsystem D,Sensor M,-2.089
8713,Subsystem C,Sensor K,5.599
8714,Subsystem C,Sensor I,11.333
8715,Subsystem D,Sensor O,-1.180
8716,Subsystem D,Sensor M,-2.279
8717,Subsystem B,Sensor G,14.551
8718,Subsystem C,Sensor K,4.970
8719,Subsystem A,Sensor D,1.158
8720,Subsystem C,Sensor I,8.172
8721,Subsystem D,Sensor N,-0.059
8722,Subsystem C,Sensor L,8.314
8723,Subsystem C,Sensor J,1.884
8724,Subsystem D,Sensor P,-1.142
8725,Subsystem B,Sensor H,2.711
8726,Subsystem D,Sensor O,-1.839
8727,Subsystem D,Sensor N,-1.079
8728,Subsystem A,Sensor C,7.542
8729,Subsystem A,Sensor B,1.000
8730,Subsystem B,Sensor F,14.676
8731,Subsystem B,Sensor G,12.090
8732,Subsystem D,Sensor P,-0.296
8733,Subsystem A,Sensor A,8.760
8734,Subsystem B,Sensor F,14.993
8735,Subsystem D,Sensor N,-2.356
8736,Subsystem A,Sensor B,1.657
8737,Subsystem A,Sensor D,3.627
8738,Subsystem B,Sensor F,14.109
8739,Subsystem A,Sensor D,2.753
8740,Subsystem B,Sensor G,13.169
8741,Subsystem B,Sensor E,11.137
8742,Subsystem A,Sensor B,1.043
8743,Subsystem C,Sensor J,2.298
8744,Subsystem A,Sensor B,1.000
8745,Subsystem A,Sensor D,3.520
8746,Subsystem A,Sensor A,7.131
8747,Subsystem B,Sensor E,8.882
8748,Subsystem B,Sensor G,14.157
8749,Subsystem B,Sensor E,11.882
8750,Subsystem C,Sensor I,9.386
8751,Subsystem C,Sensor J,1.703
8752,Subsystem D,Sensor M,-2.540
8753,Subsystem B,Sensor H,4.081
8754,Subsystem A,Sensor C,7.607
8755,Subsystem C,Sensor I,9.481
8756,Subsystem B,Sensor H,5.223
8757,Subsystem C,Sensor I,9.468
8758,Subsystem D,Sensor N,-2.090
8759,Subsystem C,Sensor K,8.496
8760,Subsystem B,Sensor G,13.826
8761,Subsystem A,Sensor A,7.396
8762,Subsystem B,Sensor F,12.086
8763,Subsystem D,Sensor N,-0.633
8764,Subsystem B,Sensor F,12.673
8765,Subsystem D,Sensor P,-1.751
8766,Subsystem B,Sensor G,14.594
8767,Subsystem D,Sensor N,-1.927
8768,Subsystem D,Sensor N,-1.302
8769,Subsystem A,Sensor C,3.917
8770,Subsystem D,Sensor M,-1.734
8771,Subsystem A,Sensor B,1.274
8772,Subsystem B,Sensor G,14.548
8773,Subsystem C,Sensor L,8.426
8774,Subsystem A,Sensor B,1.253
8775,Subsystem A,Sensor A,8.572
8776,Subsystem D,Sensor P,-1.015
8777,Subsystem C,Sensor J,1.506
8778,Subsystem A,Sensor C,8.610
8779,Subsystem B,Sensor H,5.913
8780,Subsystem C,Sensor J,2.247
8781,Subsystem C,Sensor L,8.786
8782,Subsystem D,Sensor N,-1.310
8783,Subsystem C,Sensor K,5.462
8784,Subsystem A,Sensor C,6.421
8785,Subsystem A,Sensor C,8.624
8786,Subsystem D,Sensor M,-3.000
8787,Subsystem A,Sensor D,3.093
8788,Subsystem C,Sensor K,7.302
8789,Subsystem C,Sensor K,4.893
8790,Subsystem C,Sensor I,9.407
8791,Subsystem D,Sensor O,-2.620
8792,Subsystem D,Sensor M,-1.953
8793,Subsystem B,Sensor E,10.990
8794,Subsystem D,Sensor P,-0.213
8795,Subsystem A,Sensor D,1.921
8796,Subsystem B,Sensor F,14.720
8797,Subsystem B,Sensor H,6.272
8798,Subsystem B,Sensor G,14.408
8799,Subsystem D,Sensor M,-2.186
8800,Subsystem B,Sensor F,11.524
8801,Subsystem D,Sensor O,-2.434
8802,Subsystem B,Sensor E,11.828
8803,Subsystem A,Sensor B,1.259
8804,Subsystem D,Sensor N,-1.114
8805,Subsystem D,Sensor O,-1.829
8806,Subsystem A,Sensor C,5.885
8807,Subsystem C,Sensor K,7.737
8808,Subsystem C,Sensor I,9.033
8809,Subsystem D,Sensor M,-2.791
8810,Subsystem C,Sensor K,4.620
8811,Subsystem C,Sensor K,5.276
8812,Subsystem D,Sensor O,-2.625
8813,Subsystem C,Sensor L,10.042
8814,Subsystem A,Sensor C,3.823
8815,Subsystem A,Sensor C,5.794
8816,Subsystem B,Sensor G,14.964
8817,Subsystem C,Sensor J,2.119
8818,Subsystem D,Sensor N,-2.380
8819,Subsystem A,Sensor D,1.559
8820,Subsystem D,Sensor N,-2.443
8821,Subsystem B,Sensor H,3.754
8822,Subsystem C,Sensor I,11.743
8823,Subsystem B,Sensor F,11.264
8824,Subsystem D,Sensor N,-1.117
8825,Subsystem A,Sensor B,1.424
8826,Subsystem B,Sensor F,13.176
8827,Subsystem B,Sensor G,13.063
8828,Subsystem B,Sensor G,13.964
8829,Subsystem C,Sensor L,8.183
8830,Subsystem A,Sensor C,7.232
8831,Subsystem C,Sensor L,9.818
8832,Subsystem A,Sensor D,2.574
8833,Subsystem C,Sensor J,2.901
8834,Subsystem D,Sensor P,-0.222
8835,Subsystem C,Sensor I,7.819
8836,Subsystem D,Sensor P,-0.392
8837,Subsystem A,Sensor B,2.055
8838,Subsystem A,Sensor C,3.987
8839,Subsystem A,Sensor B,1.011
8840,Subsystem C,Sensor L,8.450
8841,Subsystem D,Sensor M,-3.000
8842,Subsystem B,Sensor E,10.932
8843,Subsystem D,Sensor O,-2.372
8844,Subsystem A,Sensor A,4.757
8845,Subsystem D,Sensor N,-1.130
8846,Subsystem B,Sensor G,14.430
8847,Subsystem A,Sensor A,6.907
8848,Subsystem D,Sensor M,-1.528
8849,Subsystem A,Sensor D,3.412
8850,Subsystem A,Sensor D,1.876
8851,Subsystem C,Sensor K,5.490
8852,Subsystem A,Sensor C,7.130
8853,Subsystem D,Sensor M,-1.764
8854,Subsystem C,Sensor L,10.251
8855,Subsystem D,Sensor M,-1.910
8856,Subsystem D,Sensor O,-1.226
8857,Subsystem C,Sensor L,9.672
8858,Subsystem D,Sensor N,-1.649
8859,Subsystem D,Sensor M,-2.813
8860,Subsystem B,Sensor H,5.046
8861,Subsystem C,Sensor J,1.413
8862,Subsystem D,Sensor P,-1.180
8863,Subsystem D,Sensor M,-3.000
8864,Subsystem A,Sensor A,8.262
8865,Subsystem A,Sensor B,1.215
8866,Subsystem C,Sensor J,1.311
8867,Subsystem D,Sensor O,-0.405
8868,Subsystem B,Sensor H,2.964
8869,Subsystem B,Sensor F,10.845
8870,Subsystem D,Sensor O,-1.663
8871,Subsystem C,Sensor L,8.116
8872,Subsystem D,Sensor N,-1.173
8873,Subsystem B,Sensor G,13.896
8874,Subsystem C,Sensor I,9.093
8875,Subsystem B,Sensor H,5.798
8876,Subsystem C,Sensor K,7.203
8877,Subsystem B,Sensor E,9.708
8878,Subsystem D,Sensor N,-2.268
8879,Subsystem B,Sensor G,12.480
8880,Subsystem A,Sensor B,1.138
8881,Subsystem D,Sensor O,-1.464
8882,Subsystem B,Sensor F,12.769
8883,Subsystem B,Sensor H,3.833
8884,Subsystem D,Sensor N,-0.776
8885,Subsystem D,Sensor P,-1.677
8886,Subsystem D,Sensor M,-2.369
8887,Subsystem A,Sensor B,1.586
8888,Subsystem A,Sensor C,7.405
8889,Subsystem D,Sensor O,-2.680
8890,Subsystem B,Sensor G,12.488
8891,Subsystem C,Sensor K,4.672
8892,Subsystem A,Sensor B,1.151
8893,Subsystem C,Sensor L,9.914
8894,Subsystem C,Sensor J,1.387
8895,Subsystem D,Sensor N,-2.482
8896,Subsystem C,Sensor J,1.108
8897,Subsystem C,Sensor I,7.575
8898,Subsystem C,Sensor L,7.998
8899,Subsystem C,Sensor I,7.854
8900,Subsystem C,Sensor J,1.648
8901,Subsystem C,Sensor I,9.620
8902,Subsystem C,Sensor I,9.008
8903,Subsystem B,Sensor G,15.000
8904,Subsystem C,Sensor J,1.571
8905,Subsystem A,Sensor D,3.732
8906,Subsystem D,Sensor N,-1.655
8907,Subsystem D,Sensor M,-2.717
8908,Subsystem D,Sensor M,-1.970
8909,Subsystem A,Sensor B,1.437
8910,Subsystem C,Sensor K,7.796
8911,Subsystem D,Sensor O,-3.000
8912,Subsystem D,Sensor M,-2.640
8913,Subsystem A,Sensor A,9.708
8914,Subsystem A,Sensor D,1.945
8915,Subsystem D,Sensor O,-1.506
8916,Subsystem C,Sensor J,1.093
8917,Subsystem D,Sensor O,-1.410
8918,Subsystem A,Sensor C,3.714
8919,Subsystem C,Sensor L,8.638
8920,Subsystem C,Sensor K,7.582
8921,Subsystem A,Sensor D,1.801
8922,Subsystem C,Sensor K,8.097
8923,Subsystem A,Sensor C,5.930
8924,Subsystem A,Sensor B,1.141
8925,Subsystem D,Sensor N,-1.841
8926,Subsystem C,Sensor J,1.448
8927,Subsystem D,Sensor N,-1.029
8928,Subsystem B,Sensor H,4.964
8929,Subsystem C,Sensor K,5.803
8930,Subsystem A,Sensor A,8.906
8931,Subsystem A,Sensor C,4.795
8932,Subsystem A,Sensor C,3.105
8933,Subsystem D,Sensor M,-1.635
8934,Subsystem D,Sensor M,-1.981
8935,Subsystem B,Sensor H,6.187
8936,Subsystem D,Sensor M,-2.007
8937,Subsystem C,Sensor I,7.865
8938,Subsystem A,Sensor A,8.721
8939,Subsystem D,Sensor O,-2.527
8940,Subsystem B,Sensor E,11.773
8941,Subsystem D,Sensor N,-1.804
8942,Subsystem A,Sensor C,5.665
8943,Subsystem A,Sensor D,2.859
8944,Subsystem C,Sensor I,10.484
8945,Subsystem D,Sensor M,-2.841
8946,Subsystem D,Sensor M,-2.366
8947,Subsystem A,Sensor C,7.457
8948,Subsystem A,Sensor B,1.681
8949,Subsystem B,Sensor F,14.206
8950,Subsystem B,Sensor E,10.817
8951,Subsystem C,Sensor K,7.591
8952,Subsystem B,Sensor F,13.918
8953,Subsystem C,Sensor K,5.701
8954,Subsystem D,Sensor N,-1.561
8955,Subsystem B,Sensor E,9.921
8956,Subsystem C,Sensor K,4.997
8957,Subsystem D,Sensor M,-2.065
8958,Subsystem A,Sensor B,1.429
8959,Subsystem B,Sensor F,13.128
8960,Subsystem B,Sensor H,6.011
8961,Subsystem C,Sensor L,10.134
8962,Subsystem A,Sensor A,8.475
8963,Subsystem D,Sensor P,-0.467
8964,Subsystem C,Sensor L,10.288
8965,Subsystem B,Sensor H,5.908
8966,Subsystem A,Sensor D,2.759
8967,Subsystem D,Sensor O,-1.965
8968,Subsystem D,Sensor M,-1.988
8969,Subsystem A,Sensor D,3.762
8970,Subsystem D,Sensor M,-2.146
8971,Subsystem D,Sensor N,-2.517
8972,Subsystem D,Sensor O,-0.908
8973,Subsystem C,Sensor J,2.280
8974,Subsystem D,Sensor N,-1.166
8975,Subsystem C,Sensor I,8.002
8976,Subsystem D,Sensor M,-2.967
8977,Subsystem A,Sensor A,7.251
8978,Subsystem D,Sensor N,-1.585
8979,Subsystem D,Sensor P,-1.272
8980,Subsystem C,Sensor L,8.572
8981,Subsystem B,Sensor E,10.738
8982,Subsystem B,Sensor F,13.628
8983,Subsystem D,Sensor O,-2.069
8984,Subsystem C,Sensor K,7.773
8985,Subsystem B,Sensor G,14.740
8986,Subsystem C,Sensor J,1.751
8987,Subsystem D,Sensor P,-0.196
8988,Subsystem C,Sensor K,4.999
8989,Subsystem B,Sensor H,6.999
8990,Subsystem B,Sensor H,3.069
8991,Subsystem B,Sensor H,5.984
8992,Subsystem D,Sensor M,-1.924
8993,Subsystem D,Sensor O,-0.938
8994,Subsystem B,Sensor E,10.269
8995,Subsystem A,Sensor A,7.518
8996,Subsystem C,Sensor I,8.573
8997,Subsystem A,Sensor C,7.172
8998,Subsystem C,Sensor J,1.538
8999,Subsystem A,Sensor B,2.198
9000,Subsystem B,Sensor G,14.212
9001,Subsystem B,Sensor H,6.677
9002,Subsystem D,Sensor N,-1.607
9003,Subsystem C,Sensor L,8.591
9004,Subsystem D,Sensor P,-0.109
9005,Subsystem B,Sensor E,9.639
9006,Subsystem B,Sensor G,14.557
9007,Subsystem D,Sensor P,-0.161
9008,Subsystem A,Sensor B,1.098
9009,Subsystem A,Sensor C,7.950
9010,Subsystem A,Sensor A,4.632
9011,Subsystem D,Sensor M,-2.642
9012,Subsystem C,Sensor K,6.008
9013,Subsystem C,Sensor J,2.624
9014,Subsystem B,Sensor G,13.194
9015,Subsystem C,Sensor L,10.070
9016,Subsystem B,Sensor H,6.470
9017,Subsystem D,Sensor O,-1.549
9018,Subsystem A,Sensor C,7.899
9019,Subsystem B,Sensor H,5.560
9020,Subsystem D,Sensor N,-2.154
9021,Subsystem A,Sensor C,7.294
9022,Subsystem C,Sensor I,8.320
9023,Subsystem B,Sensor E,11.826
9024,Subsystem A,Sensor C,4.560
9025,Subsystem C,Sensor J,1.902
9026,Subsystem C,Sensor I,8.139
9027,Subsystem B,Sensor E,10.601
9028,Subsystem B,Sensor H,5.668
9029,Subsystem D,Sensor O,-2.372
9030,Subsystem B,Sensor G,14.893
9031,Subsystem B,Sensor E,9.582
9032,Subsystem C,Sensor I,7.333
9033,Subsystem B,Sensor H,5.100
9034,Subsystem C,Sensor K,4.798
9035,Subsystem C,Sensor L,8.042
9036,Subsystem D,Sensor O,-1.495
9037,Subsystem A,Sensor D,2.323
9038,Subsystem B,Sensor H,6.671
9039,Subsystem A,Sensor B,1.835
9040,Subsystem D,Sensor O,-0.785
9041,Subsystem A,Sensor C,5.512
9042,Subsystem C,Sensor I,11.405
9043,Subsystem C,Sensor J,1.184
9044,Subsystem C,Sensor L,9.266
9045,Subsystem D,Sensor P,-1.132
9046,Subsystem D,Sensor M,-2.043
9047,Subsystem B,Sensor F,14.083
9048,Subsystem D,Sensor M,-2.532
9049,Subsystem A,Sensor B,2.733
9050,Subsystem C,Sensor K,7.456
9051,Subsystem C,Sensor K,5.670
9052,Subsystem C,Sensor I,8.235
9053,Subsystem A,Sensor B,1.278
9054,Subsystem C,Sensor K,6.725
9055,Subsystem C,Sensor I,8.215
9056,Subsystem B,Sensor G,14.064
9057,Subsystem C,Sensor I,7.835
9058,Subsystem C,Sensor J,2.635
9059,Subsystem C,Sensor J,2.311
9060,Subsystem C,Sensor L,7.515
9061,Subsystem D,Sensor M,-2.916
9062,Subsystem C,Sensor J,2.402
9063,Subsystem D,Sensor M,-2.212
9064,Subsystem C,Sensor K,6.389
9065,Subsystem D,Sensor P,-0.959
9066,Subsystem A,Sensor D,1.454
9067,Subsystem D,Sensor P,-0.305
9068,Subsystem B,Sensor G,14.270
9069,Subsystem D,Sensor O,-3.000
9070,Subsystem B,Sensor G,14.653
9071,Subsystem A,Sensor C,4.113
9072,Subsystem C,Sensor L,9.996
9073,Subsystem B,Sensor G,14.971
9074,Subsystem D,Sensor P,-0.390
9075,Subsystem A,Sensor B,1.281
9076,Subsystem C,Sensor L,7.592
9077,Subsystem A,Sensor C,5.504
9078,Subsystem D,Sensor N,-0.673
9079,Subsystem C,Sensor J,2.303
9080,Subsystem B,Sensor G,14.055
9081,Subsystem D,Sensor P,-2.067
9082,Subsystem B,Sensor G,11.878
9083,Subsystem A,Sensor D,3.588
9084,Subsystem B,Sensor H,5.579
9085,Subsystem C,Sensor L,7.911
9086,Subsystem B,Sensor E,12.071
9087,Subsystem D,Sensor N,-1.690
9088,Subsystem A,Sensor A,8.667
9089,Subsystem A,Sensor A,7.682
9090,Subsystem D,Sensor O,-2.643
9091,Subsystem B,Sensor G,13.808
9092,Subsystem B,Sensor G,12.596
9093,Subsystem C,Sensor L,10.148
9094,Subsystem B,Sensor G,14.118
9095,Subsystem B,Sensor G,14.422
9096,Subsystem C,Sensor K,4.363
9097,Subsystem B,Sensor H,5.038
9098,Subsystem A,Sensor B,1.628
9099,Subsystem C,Sensor K,7.568
9100,Subsystem B,Sensor G,12.902
9101,Subsystem D,Sensor N,-1.169
9102,Subsystem D,Sensor M,-2.736
9103,Subsystem B,Sensor H,5.894
9104,Subsystem C,Sensor I,7.703
9105,Subsystem D,Sensor O,-0.809
9106,Subsystem D,Sensor N,-2.891
9107,Subsystem C,Sensor J,1.748
9108,Subsystem A,Sensor D,2.901
9109,Subsystem B,Sensor G,14.724
9110,Subsystem D,Sensor N,-0.674
9111,Subsystem B,Sensor F,11.107
9112,Subsystem C,Sensor J,1.517
9113,Subsystem A,Sensor C,5.317
9114,Subsystem D,Sensor M,-2.145
9115,Subsystem B,Sensor H,2.599
9116,Subsystem B,Sensor G,13.767
9117,Subsystem A,Sensor A,8.059
9118,Subsystem B,Sensor E,10.045
9119,Subsystem A,Sensor A,8.961
9120,Subsystem A,Sensor D,2.688
9121,Subsystem B,Sensor F,11.539
9122,Subsystem C,Sensor K,4.227
9123,Subsystem D,Sensor O,-1.096
9124,Subsystem A,Sensor D,2.404
9125,Subsystem D,Sensor O,-2.827
9126,Subsystem D,Sensor N,-0.968
9127,Subsystem A,Sensor D,1.313
9128,Subsystem D,Sensor P,-1.189
9129,Subsystem B,Sensor G,13.813
9130,Subsystem D,Sensor P,-1.701
9131,Subsystem A,Sensor D,1.902
9132,Subsystem A,Sensor A,7.390
9133,Subsystem C,Sensor K,5.571
9134,Subsystem D,Sensor P,-0.312
9135,Subsystem D,Sensor N,-1.049
9136,Subsystem A,Sensor C,5.525
9137,Subsystem A,Sensor B,1.057
9138,Subsystem B,Sensor F,14.739
9139,Subsystem D,Sensor O,-1.121
9140,Subsystem D,Sensor O,-2.561
9141,Subsystem A,Sensor B,1.117
9142,Subsystem B,Sensor H,3.844
9143,Subsystem A,Sensor D,2.924
9144,Subsystem D,Sensor O,-1.989
9145,Subsystem C,Sensor I,7.404
9146,Subsystem B,Sensor F,11.559
9147,Subsystem A,Sensor D,3.382
9148,Subsystem D,Sensor O,-2.125
9149,Subsystem C,Sensor K,7.849
9150,Subsystem D,Sensor P,-1.061
9151,Subsystem A,Sensor C,5.417
9152,Subsystem B,Sensor F,11.072
9153,Subsystem D,Sensor O,-2.166
9154,Subsystem B,Sensor F,11.370
9155,Subsystem B,Sensor E,9.567
9156,Subsystem C,Sensor J,1.725
9157,Subsystem B,Sensor F,13.929
9158,Subsystem C,Sensor J,1.980
9159,Subsystem B,Sensor E,11.030
9160,Subsystem B,Sensor G,12.417
9161,Subsystem A,Sensor D,3.650
9162,Subsystem D,Sensor P,-0.903
9163,Subsystem A,Sensor C,3.502
9164,Subsystem A,Sensor D,1.566
9165,Subsystem D,Sensor N,-2.004
9166,Subsystem B,Sensor F,11.043
9167,Subsystem D,Sensor O,-1.339
9168,Subsystem A,Sensor A,7.707
9169,Subsystem A,Sensor A,7.650
9170,Subsystem B,Sensor H,5.702
9171,Subsystem A,Sensor B,1.000
9172,Subsystem D,Sensor O,-2.451
9173,Subsystem D,Sensor M,-2.251
9174,Subsystem B,Sensor F,10.904
9175,Subsystem C,Sensor I,7.567
9176,Subsystem B,Sensor E,11.538
9177,Subsystem A,Sensor C,4.438
9178,Subsystem A,Sensor A,7.372
9179,Subsystem A,Sensor C,8.197
9180,Subsystem C,Sensor K,5.572
9181,Subsystem A,Sensor B,1.289
9182,Subsystem B,Sensor E,10.573
9183,Subsystem B,Sensor F,13.718
9184,Subsystem B,Sensor E,10.010
9185,Subsystem A,Sensor D,2.592
9186,Subsystem A,Sensor B,1.340
9187,Subsystem C,Sensor K,6.901
9188,Subsystem B,Sensor F,14.822
9189,Subsystem C,Sensor K,7.473
9190,Subsystem A,Sensor B,1.174
9191,Subsystem A,Sensor D,2.570
9192,Subsystem B,Sensor F,10.981
9193,Subsystem B,Sensor F,12.609
9194,Subsystem A,Sensor B,1.365
9195,Subsystem A,Sensor D,2.425
9196,Subsystem C,Sensor L,9.310
9197,Subsystem C,Sensor L,8.062
9198,Subsystem C,Sensor I,8.036
9199,Subsystem C,Sensor I,8.082
9200,Subsystem D,Sensor O,-1.910
9201,Subsystem B,Sensor G,13.195
9202,Subsystem D,Sensor P,-2.018
9203,Subsystem B,Sensor F,11.050
9204,Subsystem D,Sensor M,-1.805
9205,Subsystem C,Sensor J,2.281
9206,Subsystem A,Sensor C,7.580
9207,Subsystem D,Sensor P,-0.525
9208,Subsystem C,Sensor L,8.167
9209,Subsystem D,Sensor M,-1.838
9210,Subsystem C,Sensor K,5.382
9211,Subsystem D,Sensor M,-2.841
9212,Subsystem B,Sensor H,3.018
9213,Subsystem C,Sensor L,7.560
9214,Subsystem A,Sensor A,7.278
9215,Subsystem D,Sensor O,-1.244
9216,Subsystem D,Sensor P,-0.209
9217,Subsystem A,Sensor A,8.934
9218,Subsystem D,Sensor P,-0.720
9219,Subsystem A,Sensor C,7.323
9220,Subsystem A,Sensor A,7.994
9221,Subsystem C,Sensor L,9.462
9222,Subsystem C,Sensor L,9.157
9223,Subsystem A,Sensor D,4.315
9224,Subsystem D,Sensor P,-1.158
9225,Subsystem D,Sensor O,-2.415
9226,Subsystem B,Sensor E,10.050
9227,Subsystem B,Sensor F,10.943
9228,Subsystem B,Sensor E,10.800
9229,Subsystem B,Sensor H,3.424
9230,Subsystem B,Sensor G,14.805
9231,Subsystem C,Sensor L,8.433
9232,Subsystem D,Sensor N,-0.660
9233,Subsystem B,Sensor F,11.300
9234,Subsystem A,Sensor A,7.479
9235,Subsystem B,Sensor G,14.127
9236,Subsystem D,Sensor M,-2.043
9237,Subsystem A,Sensor B,2.723
9238,Subsystem A,Sensor B,1.646
9239,Subsystem A,Sensor C,6.181
9240,Subsystem D,Sensor M,-1.921
9241,Subsystem C,Sensor I,7.234
9242,Subsystem B,Sensor G,14.773
9243,Subsystem D,Sensor N,-1.439
9244,Subsystem D,Sensor M,-2.948
9245,Subsystem C,Sensor J,1.722
9246,Subsystem B,Sensor G,13.822
9247,Subsystem D,Sensor O,-0.963
9248,Subsystem D,Sensor O,-2.596
9249,Subsystem A,Sensor D,2.302
9250,Subsystem D,Sensor N,-1.110
9251,Subsystem A,Sensor A,7.317
9252,Subsystem D,Sensor M,-2.887
9253,Subsystem D,Sensor N,-0.096
9254,Subsystem D,Sensor M,-2.242
9255,Subsystem C,Sensor I,9.037
9256,Subsystem B,Sensor E,10.972
9257,Subsystem C,Sensor K,4.648
9258,Subsystem A,Sensor B,1.931
9259,Subsystem B,Sensor H,5.535
9260,Subsystem D,Sensor M,-2.598
9261,Subsystem C,Sensor J,2.287
9262,Subsystem B,Sensor G,14.658
9263,Subsystem C,Sensor K,7.993
9264,Subsystem B,Sensor G,14.932
9265,Subsystem B,Sensor H,3.681
9266,Subsystem D,Sensor O,-1.962
9267,Subsystem D,Sensor P,-0.009
9268,Subsystem C,Sensor J,1.575
9269,Subsystem B,Sensor F,13.179
9270,Subsystem D,Sensor P,-1.559
9271,Subsystem B,Sensor E,10.781
9272,Subsystem A,Sensor D,1.640
9273,Subsystem A,Sensor C,4.155
9274,Subsystem B,Sensor H,4.914
9275,Subsystem A,Sensor B,1.505
9276,Subsystem B,Sensor G,13.578
9277,Subsystem C,Sensor I,7.594
9278,Subsystem B,Sensor H,6.494
9279,Subsystem A,Sensor B,1.067
9280,Subsystem D,Sensor P,-1.040
9281,Subsystem A,Sensor D,2.389
9282,Subsystem D,Sensor P,-0.308
9283,Subsystem C,Sensor L,8.767
9284,Subsystem C,Sensor L,9.884
9285,Subsystem D,Sensor O,-0.765
9286,Subsystem B,Sensor F,11.771
9287,Subsystem A,Sensor B,1.285
9288,Subsystem A,Sensor C,5.363
9289,Subsystem B,Sensor E,9.858
9290,Subsystem A,Sensor C,8.176
9291,Subsystem C,Sensor K,5.478
9292,Subsystem C,Sensor J,1.446
9293,Subsystem A,Sensor D,3.326
9294,Subsystem B,Sensor H,6.996
9295,Subsystem C,Sensor K,5.056
9296,Subsystem B,Sensor E,9.953
9297,Subsystem D,Sensor P,-1.870
9298,Subsystem C,Sensor L,8.973
9299,Subsystem C,Sensor L,8.846
9300,Subsystem A,Sensor C,5.577
9301,Subsystem A,Sensor C,7.431
9302,Subsystem C,Sensor K,4.616
9303,Subsystem A,Sensor C,8.165
9304,Subsystem A,Sensor D,1.399
9305,Subsystem C,Sensor K,7.488
9306,Subsystem D,Sensor O,-2.376
9307,Subsystem B,Sensor H,6.417
9308,Subsystem C,Sensor J,1.334
9309,Subsystem A,Sensor A,10.492
9310,Subsystem D,Sensor P,-0.136
9311,Subsystem C,Sensor K,6.095
9312,Subsystem A,Sensor B,2.280
9313,Subsystem C,Sensor I,12.126
9314,Subsystem A,Sensor B,1.814
9315,Subsystem A,Sensor C,5.566
9316,Subsystem B,Sensor H,3.005
9317,Subsystem D,Sensor N,-0.838
9318,Subsystem A,Sensor C,8.137
9319,Subsystem D,Sensor O,-1.538
9320,Subsystem C,Sensor L,8.041
9321,Subsystem C,Sensor J,1.353
9322,Subsystem B,Sensor H,5.852
9323,Subsystem C,Sensor J,2.476
9324,Subsystem B,Sensor H,5.109
9325,Subsystem D,Sensor O,-1.393
9326,Subsystem D,Sensor O,-2.658
9327,Subsystem A,Sensor C,6.766
9328,Subsystem A,Sensor B,1.796
9329,Subsystem B,Sensor H,6.908
9330,Subsystem A,Sensor D,4.236
9331,Subsystem C,Sensor L,9.741
9332,Subsystem C,Sensor J,1.357
9333,Subsystem A,Sensor A,8.106
9334,Subsystem A,Sensor D,3.539
9335,Subsystem A,Sensor D,2.038
9336,Subsystem B,Sensor H,5.408
9337,Subsystem B,Sensor H,5.808
9338,Subsystem C,Sensor I,8.281
9339,Subsystem D,Sensor O,-0.721
9340,Subsystem A,Sensor C,7.377
9341,Subsystem A,Sensor B,1.000
9342,Subsystem B,Sensor E,12.174
9343,Subsystem C,Sensor K,7.143
9344,Subsystem A,Sensor D,2.883
9345,Subsystem A,Sensor B,2.004
9346,Subsystem C,Sensor L,9.962
9347,Subsystem C,Sensor L,8.791
9348,Subsystem C,Sensor K,3.955
9349,Subsystem C,Sensor I,7.673
9350,Subsystem A,Sensor C,8.165
9351,Subsystem D,Sensor O,-2.595
9352,Subsystem D,Sensor N,-1.311
9353,Subsystem C,Sensor K,4.603
9354,Subsystem D,Sensor M,-2.722
9355,Subsystem B,Sensor H,5.318
9356,Subsystem A,Sensor D,3.470
9357,Subsystem B,Sensor G,14.211
9358,Subsystem A,Sensor C,8.485
9359,Subsystem A,Sensor A,8.863
9360,Subsystem C,Sensor J,1.005
9361,Subsystem D,Sensor O,-0.936
9362,Subsystem C,Sensor L,8.260
9363,Subsystem D,Sensor N,-1.662
9364,Subsystem B,Sensor G,13.933
9365,Subsystem C,Sensor L,9.284
9366,Subsystem C,Sensor L,9.475
9367,Subsystem C,Sensor J,1.159
9368,Subsystem B,Sensor H,4.163
9369,Subsystem D,Sensor P,-2.391
9370,Subsystem B,Sensor G,14.640
9371,Subsystem A,Sensor B,1.000
9372,Subsystem A,Sensor C,4.453
9373,Subsystem A,Sensor A,10.229
9374,Subsystem A,Sensor C,5.354
9375,Subsystem D,Sensor N,-0.663
9376,Subsystem B,Sensor E,10.635
9377,Subsystem D,Sensor P,-2.450
9378,Subsystem B,Sensor G,14.242
9379,Subsystem A,Sensor C,7.507
9380,Subsystem A,Sensor B,1.000
9381,Subsystem D,Sensor M,-2.332
9382,Subsystem D,Sensor M,-1.791
9383,Subsystem B,Sensor E,11.745
9384,Subsystem D,Sensor N,-1.282
9385,Subsystem C,Sensor I,11.862
9386,Subsystem C,Sensor I,8.074
9387,Subsystem D,Sensor M,-2.883
9388,Subsystem C,Sensor J,1.193
9389,Subsystem D,Sensor N,-2.389
9390,Subsystem B,Sensor H,4.860
9391,Subsystem C,Sensor L,8.679
9392,Subsystem B,Sensor F,13.175
9393,Subsystem B,Sensor G,12.307
9394,Subsystem A,Sensor C,8.168
9395,Subsystem B,Sensor E,8.956
9396,Subsystem A,Sensor C,5.220
9397,Subsystem B,Sensor E,11.743
9398,Subsystem A,Sensor D,3.410
9399,Subsystem D,Sensor O,-1.080
9400,Subsystem B,Sensor G,14.334
9401,Subsystem B,Sensor E,11.138
9402,Subsystem D,Sensor M,-1.963
9403,Subsystem B,Sensor H,3.203
9404,Subsystem B,Sensor F,10.905
9405,Subsystem C,Sensor I,7.786
9406,Subsystem C,Sensor I,7.962
9407,Subsystem A,Sensor C,7.324
9408,Subsystem D,Sensor N,-1.370
9409,Subsystem A,Sensor C,5.558
9410,Subsystem D,Sensor N,0.000
9411,Subsystem C,Sensor I,11.866
9412,Subsystem C,Sensor L,8.729
9413,Subsystem D,Sensor O,-1.964
9414,Subsystem B,Sensor F,11.020
9415,Subsystem A,Sensor C,7.758
9416,Subsystem B,Sensor E,9.471
9417,Subsystem C,Sensor I,7.958
9418,Subsystem A,Sensor D,2.380
9419,Subsystem B,Sensor E,10.532
9420,Subsystem A,Sensor D,1.676
9421,Subsystem D,Sensor N,-2.956
9422,Subsystem D,Sensor N,-2.270
9423,Subsystem D,Sensor O,-2.203
9424,Subsystem A,Sensor C,7.411
9425,Subsystem C,Sensor K,4.637
9426,Subsystem A,Sensor A,8.955
9427,Subsystem A,Sensor C,7.352
9428,Subsystem C,Sensor I,7.516
9429,Subsystem B,Sensor G,14.163
9430,Subsystem A,Sensor C,5.726
9431,Subsystem A,Sensor C,6.975
9432,Subsystem C,Sensor J,2.071
9433,Subsystem D,Sensor P,-2.347
9434,Subsystem A,Sensor A,6.934
9435,Subsystem D,Sensor O,-1.340
9436,Subsystem D,Sensor M,-2.662
9437,Subsystem C,Sensor I,9.392
9438,Subsystem B,Sensor F,15.000
9439,Subsystem B,Sensor H,5.606
9440,Subsystem D,Sensor N,-0.750
9441,Subsystem B,Sensor H,5.704
9442,Subsystem B,Sensor G,14.290
9443,Subsystem C,Sensor K,5.234
9444,Subsystem B,Sensor E,10.147
9445,Subsystem B,Sensor H,6.495
9446,Subsystem D,Sensor N,-1.324
9447,Subsystem B,Sensor F,12.962
9448,Subsystem C,Sensor K,8.811
9449,Subsystem B,Sensor H,3.104
9450,Subsystem B,Sensor E,9.877
9451,Subsystem D,Sensor P,-1.218
9452,Subsystem B,Sensor H,7.084
9453,Subsystem D,Sensor P,0.000
9454,Subsystem D,Sensor N,-1.498
9455,Subsystem A,Sensor B,1.014
9456,Subsystem A,Sensor D,3.221
9457,Subsystem A,Sensor B,1.973
9458,Subsystem B,Sensor H,5.478
9459,Subsystem D,Sensor N,-1.454
9460,Subsystem C,Sensor L,8.883
9461,Subsystem B,Sensor G,14.950
9462,Subsystem D,Sensor O,-2.696
9463,Subsystem B,Sensor F,13.990
9464,Subsystem C,Sensor J,2.800
9465,Subsystem D,Sensor P,-0.838
9466,Subsystem D,Sensor O,-2.039
9467,Subsystem A,Sensor A,7.656
9468,Subsystem C,Sensor L,8.281
9469,Subsystem D,Sensor N,-0.155
9470,Subsystem D,Sensor P,-1.363
9471,Subsystem D,Sensor P,-0.604
9472,Subsystem D,Sensor N,-1.377
9473,Subsystem B,Sensor F,13.675
9474,Subsystem C,Sensor J,1.314
9475,Subsystem D,Sensor M,-2.711
9476,Subsystem D,Sensor M,-2.750
9477,Subsystem C,Sensor K,5.957
9478,Subsystem A,Sensor B,1.100
9479,Subsystem D,Sensor O,-0.582
9480,Subsystem C,Sensor L,8.791
9481,Subsystem D,Sensor P,-1.682
9482,Subsystem B,Sensor E,9.994
9483,Subsystem C,Sensor J,2.533
9484,Subsystem C,Sensor L,9.861
9485,Subsystem C,Sensor L,8.224
9486,Subsystem A,Sensor B,1.218
9487,Subsystem D,Sensor O,-1.589
9488,Subsystem A,Sensor B,2.129
9489,Subsystem B,Sensor E,9.424
9490,Subsystem A,Sensor A,4.989
9491,Subsystem A,Sensor A,8.549
9492,Subsystem D,Sensor M,-2.840
9493,Subsystem D,Sensor O,-0.655
9494,Subsystem A,Sensor C,8.539
9495,Subsystem B,Sensor F,14.056
9496,Subsystem C,Sensor I,7.474
9497,Subsystem A,Sensor C,7.693
9498,Subsystem A,Sensor B,1.491
9499,Subsystem D,Sensor O,-2.210
9500,Subsystem A,Sensor C,4.214
9501,Subsystem D,Sensor M,-2.208
9502,Subsystem B,Sensor G,12.787
9503,Subsystem B,Sensor H,6.673
9504,Subsystem D,Sensor O,-1.517
9505,Subsystem C,Sensor J,1.691
9506,Subsystem A,Sensor C,3.941
9507,Subsystem A,Sensor B,1.232
9508,Subsystem A,Sensor A,9.788
9509,Subsystem A,Sensor B,1.000
9510,Subsystem D,Sensor N,-1.722
9511,Subsystem B,Sensor G,11.961
9512,Subsystem A,Sensor A,7.802
9513,Subsystem B,Sensor G,14.639
9514,Subsystem D,Sensor N,-1.886
9515,Subsystem A,Sensor C,6.027
9516,Subsystem B,Sensor F,10.902
9517,Subsystem B,Sensor H,5.307
9518,Subsystem C,Sensor I,7.499
9519,Subsystem B,Sensor G,13.669
9520,Subsystem C,Sensor L,9.820
9521,Subsystem C,Sensor L,8.415
9522,Subsystem C,Sensor L,8.188
9523,Subsystem B,Sensor H,4.166
9524,Subsystem D,Sensor O,-2.216
9525,Subsystem A,Sensor B,1.392
9526,Subsystem A,Sensor D,1.421
9527,Subsystem B,Sensor G,13.502
9528,Subsystem D,Sensor N,-0.999
9529,Subsystem D,Sensor P,0.000
9530,Subsystem D,Sensor O,-0.893
9531,Subsystem D,Sensor O,-2.531
9532,Subsystem B,Sensor G,14.336
9533,Subsystem B,Sensor E,11.078
9534,Subsystem A,Sensor B,1.110
9535,Subsystem B,Sensor F,11.015
9536,Subsystem C,Sensor L,7.647
9537,Subsystem B,Sensor H,5.054
9538,Subsystem A,Sensor C,7.341
9539,Subsystem C,Sensor K,7.573
9540,Subsystem C,Sensor I,11.843
9541,Subsystem D,Sensor M,-2.914
9542,Subsystem D,Sensor P,-0.128
9543,Subsystem D,Sensor N,-2.844
9544,Subsystem D,Sensor N,-2.103
9545,Subsystem C,Sensor K,4.816
9546,Subsystem C,Sensor J,1.000
9547,Subsystem A,Sensor A,9.771
9548,Subsystem B,Sensor F,12.841
9549,Subsystem C,Sensor L,8.768
9550,Subsystem A,Sensor D,2.018
9551,Subsystem B,Sensor E,9.624
9552,Subsystem C,Sensor J,1.133
9553,Subsystem A,Sensor C,8.069
9554,Subsystem B,Sensor E,12.031
9555,Subsystem D,Sensor O,-0.614
9556,Subsystem D,Sensor M,-1.874
9557,Subsystem B,Sensor F,10.584
9558,Subsystem A,Sensor D,2.218
9559,Subsystem D,Sensor P,-0.813
9560,Subsystem C,Sensor J,1.669
9561,Subsystem D,Sensor O,-1.743
9562,Subsystem B,Sensor F,11.230
9563,Subsystem A,Sensor C,6.884
9564,Subsystem D,Sensor O,-2.720
9565,Subsystem B,Sensor G,14.429
9566,Subsystem D,Sensor M,-1.884
9567,Subsystem D,Sensor M,-2.691
9568,Subsystem D,Sensor O,-0.828
9569,Subsystem A,Sensor C,5.730
9570,Subsystem A,Sensor A,6.897
9571,Subsystem D,Sensor P,-0.890
9572,Subsystem B,Sensor F,11.513
9573,Subsystem D,Sensor P,-1.538
9574,Subsystem B,Sensor H,7.189
9575,Subsystem D,Sensor P,-0.293
9576,Subsystem A,Sensor B,1.771
9577,Subsystem A,Sensor D,3.415
9578,Subsystem C,Sensor K,7.987
9579,Subsystem A,Sensor B,1.336
9580,Subsystem D,Sensor M,-2.896
9581,Subsystem A,Sensor B,1.847
9582,Subsystem A,Sensor C,3.479
9583,Subsystem B,Sensor H,6.444
9584,Subsystem D,Sensor M,-1.694
9585,Subsystem C,Sensor I,11.013
9586,Subsystem C,Sensor J,1.727
9587,Subsystem A,Sensor D,1.949
9588,Subsystem A,Sensor B,1.268
9589,Subsystem A,Sensor A,9.197
9590,Subsystem C,Sensor I,10.515
9591,Subsystem D,Sensor M,-2.688
9592,Subsystem A,Sensor D,1.973
9593,Subsystem B,Sensor H,5.278
9594,Subsystem D,Sensor N,-2.411
9595,Subsystem A,Sensor A,9.200
9596,Subsystem A,Sensor A,6.710
9597,Subsystem C,Sensor L,8.899
9598,Subsystem C,Sensor I,7.712
9599,Subsystem D,Sensor N,-2.198
9600,Subsystem A,Sensor B,1.000
9601,Subsystem B,Sensor E,11.143
9602,Subsystem D,Sensor P,-0.408
9603,Subsystem C,Sensor I,8.292
9604,Subsystem B,Sensor H,6.384
9605,Subsystem A,Sensor D,2.851
9606,Subsystem C,Sensor J,1.049
9607,Subsystem A,Sensor D,1.786
9608,Subsystem C,Sensor I,10.277
9609,Subsystem D,Sensor M,-2.097
9610,Subsystem B,Sensor H,3.979
9611,Subsystem B,Sensor E,8.710
9612,Subsystem A,Sensor D,2.268
9613,Subsystem B,Sensor E,10.001
9614,Subsystem D,Sensor M,-1.921
9615,Subsystem C,Sensor J,1.513
9616,Subsystem C,Sensor K,5.187
9617,Subsystem C,Sensor L,9.473
9618,Subsystem A,Sensor C,8.152
9619,Subsystem A,Sensor C,3.827
9620,Subsystem A,Sensor A,10.398
9621,Subsystem D,Sensor P,-0.148
9622,Subsystem C,Sensor I,9.858
9623,Subsystem B,Sensor F,14.391
9624,Subsystem B,Sensor G,14.101
9625,Subsystem C,Sensor L,10.198
9626,Subsystem D,Sensor O,-2.141
9627,Subsystem A,Sensor B,1.164
9628,Subsystem B,Sensor F,10.601
9629,Subsystem D,Sensor P,-0.404
9630,Subsystem D,Sensor P,-1.537
9631,Subsystem C,Sensor L,8.828
9632,Subsystem D,Sensor M,-2.903
9633,Subsystem A,Sensor B,2.098
9634,Subsystem A,Sensor B,1.131
9635,Subsystem D,Sensor M,-1.700
9636,Subsystem B,Sensor F,13.716
9637,Subsystem A,Sensor A,8.918
9638,Subsystem C,Sensor J,1.036
9639,Subsystem C,Sensor J,1.158
9640,Subsystem C,Sensor J,2.276
9641,Subsystem D,Sensor M,-1.902
9642,Subsystem A,Sensor D,1.700
9643,Subsystem A,Sensor C,6.670
9644,Subsystem A,Sensor D,2.909
9645,Subsystem A,Sensor C,5.373
9646,Subsystem D,Sensor O,-0.819
9647,Subsystem A,Sensor B,1.517
9648,Subsystem D,Sensor P,-0.358
9649,Subsystem D,Sensor P,-0.996
9650,Subsystem A,Sensor B,1.099
9651,Subsystem B,Sensor H,5.415
9652,Subsystem D,Sensor P,-1.467
9653,Subsystem B,Sensor H,7.017
9654,Subsystem C,Sensor L,8.954
9655,Subsystem B,Sensor H,6.306
9656,Subsystem A,Sensor C,5.706
9657,Subsystem C,Sensor L,9.346
9658,Subsystem B,Sensor E,10.618
9659,Subsystem D,Sensor N,0.000
9660,Subsystem B,Sensor H,7.034
9661,Subsystem C,Sensor K,5.997
9662,Subsystem A,Sensor B,1.825
9663,Subsystem B,Sensor E,9.908
9664,Subsystem A,Sensor B,1.007
9665,Subsystem B,Sensor E,12.125
9666,Subsystem D,Sensor M,-2.481
9667,Subsystem A,Sensor B,1.250
9668,Subsystem A,Sensor B,1.719
9669,Subsystem B,Sensor E,12.644
9670,Subsystem A,Sensor D,2.898
9671,Subsystem C,Sensor K,5.336
9672,Subsystem A,Sensor B,1.344
9673,Subsystem C,Sensor K,6.261
9674,Subsystem B,Sensor H,3.389
9675,Subsystem B,Sensor H,6.902
9676,Subsystem A,Sensor A,7.204
9677,Subsystem C,Sensor I,11.819
9678,Subsystem C,Sensor J,2.405
9679,Subsystem B,Sensor F,13.106
9680,Subsystem A,Sensor B,1.226
9681,Subsystem D,Sensor P,-0.471
9682,Subsystem D,Sensor N,-1.807
9683,Subsystem C,Sensor I,8.194
9684,Subsystem C,Sensor L,8.703
9685,Subsystem D,Sensor N,-1.993
9686,Subsystem B,Sensor H,5.572
9687,Subsystem D,Sensor O,-2.699
9688,Subsystem D,Sensor P,-0.174
9689,Subsystem D,Sensor P,-0.191
9690,Subsystem A,Sensor C,3.748
9691,Subsystem D,Sensor O,-2.681
9692,Subsystem A,Sensor B,1.000
9693,Subsystem C,Sensor J,1.000
9694,Subsystem B,Sensor G,13.640
9695,Subsystem A,Sensor B,1.196
9696,Subsystem D,Sensor M,-1.968
9697,Subsystem D,Sensor N,-2.225
9698,Subsystem B,Sensor E,9.819
9699,Subsystem C,Sensor K,6.598
9700,Subsystem A,Sensor C,5.838
9701,Subsystem D,Sensor M,-1.374
9702,Subsystem D,Sensor M,-2.672
9703,Subsystem C,Sensor L,8.475
9704,Subsystem D,Sensor M,-2.027
9705,Subsystem B,Sensor G,15.000
9706,Subsystem B,Sensor F,15.000
9707,Subsystem A,Sensor D,1.207
9708,Subsystem B,Sensor F,14.296
9709,Subsystem D,Sensor M,-2.696
9710,Subsystem B,Sensor F,14.209
9711,Subsystem D,Sensor O,-0.864
9712,Subsystem B,Sensor E,9.713
9713,Subsystem D,Sensor M,-3.000
9714,Subsystem B,Sensor G,12.284
9715,Subsystem B,Sensor E,11.453
9716,Subsystem A,Sensor B,1.858
9717,Subsystem A,Sensor A,8.109
9718,Subsystem C,Sensor J,1.626
9719,Subsystem D,Sensor M,-2.201
9720,Subsystem B,Sensor E,11.472
9721,Subsystem C,Sensor L,9.121
9722,Subsystem C,Sensor J,2.158
9723,Subsystem A,Sensor C,7.660
9724,Subsystem A,Sensor D,2.227
9725,Subsystem C,Sensor L,7.656
9726,Subsystem C,Sensor K,5.406
9727,Subsystem D,Sensor O,-2.232
9728,Subsystem B,Sensor F,12.373
9729,Subsystem B,Sensor E,9.764
9730,Subsystem A,Sensor A,10.047
9731,Subsystem B,Sensor E,11.824
9732,Subsystem D,Sensor M,-2.801
9733,Subsystem C,Sensor I,7.592
9734,Subsystem D,Sensor O,-2.149
9735,Subsystem A,Sensor B,1.351
9736,Subsystem D,Sensor P,-0.055
9737,Subsystem D,Sensor P,-2.511
9738,Subsystem B,Sensor E,9.867
9739,Subsystem A,Sensor B,1.308
9740,Subsystem B,Sensor F,10.469
9741,Subsystem C,Sensor J,1.723
9742,Subsystem D,Sensor P,-1.220
9743,Subsystem A,Sensor D,1.873
9744,Subsystem B,Sensor H,3.930
9745,Subsystem B,Sensor G,14.198
9746,Subsystem C,Sensor L,7.476
9747,Subsystem C,Sensor I,11.057
9748,Subsystem C,Sensor I,7.702
9749,Subsystem B,Sensor G,11.748
9750,Subsystem D,Sensor M,-2.935
9751,Subsystem C,Sensor L,9.586
9752,Subsystem A,Sensor C,3.830
9753,Subsystem D,Sensor O,-2.886
9754,Subsystem C,Sensor J,1.263
9755,Subsystem D,Sensor N,-2.218
9756,Subsystem D,Sensor O,-1.547
9757,Subsystem B,Sensor H,5.727
9758,Subsystem D,Sensor M,-1.879
9759,Subsystem D,Sensor O,-0.941
9760,Subsystem A,Sensor D,3.884
9761,Subsystem B,Sensor G,13.512
9762,Subsystem A,Sensor B,1.050
9763,Subsystem D,Sensor N,-1.193
9764,Subsystem D,Sensor M,-2.457
9765,Subsystem A,Sensor D,2.144
9766,Subsystem C,Sensor I,8.835
9767,Subsystem A,Sensor D,1.889
9768,Subsystem C,Sensor J,1.572
9769,Subsystem A,Sensor D,1.877
9770,Subsystem B,Sensor E,11.729
9771,Subsystem D,Sensor P,-1.338
9772,Subsystem B,Sensor F,14.684
9773,Subsystem B,Sensor F,14.257
9774,Subsystem D,Sensor P,-2.239
9775,Subsystem A,Sensor B,1.112
9776,Subsystem A,Sensor D,1.927
9777,Subsystem B,Sensor F,11.939
9778,Subsystem C,Sensor I,8.042
9779,Subsystem C,Sensor I,7.890
9780,Subsystem A,Sensor D,1.834
9781,Subsystem C,Sensor I,8.160
9782,Subsystem A,Sensor D,2.869
9783,Subsystem D,Sensor N,-1.183
9784,Subsystem C,Sensor I,12.363
9785,Subsystem C,Sensor I,8.250
9786,Subsystem D,Sensor P,-0.589
9787,Subsystem B,Sensor H,4.191
9788,Subsystem D,Sensor M,-2.531
9789,Subsystem C,Sensor J,1.346
9790,Subsystem A,Sensor A,7.476
9791,Subsystem D,Sensor N,-1.878
9792,Subsystem D,Sensor O,-1.641
9793,Subsystem C,Sensor L,8.578
9794,Subsystem A,Sensor B,1.486
9795,Subsystem B,Sensor E,11.177
9796,Subsystem B,Sensor H,5.903
9797,Subsystem B,Sensor F,10.937
9798,Subsystem D,Sensor P,-1.400
9799,Subsystem C,Sensor L,8.149
9800,Subsystem C,Sensor K,6.144
9801,Subsystem B,Sensor H,3.863
9802,Subsystem C,Sensor J,1.133
9803,Subsystem D,Sensor M,-3.000
9804,Subsystem D,Sensor N,-1.679
9805,Subsystem C,Sensor J,2.126
9806,Subsystem C,Sensor L,8.345
9807,Subsystem D,Sensor O,-2.011
9808,Subsystem D,Sensor N,-0.616
9809,Subsystem C,Sensor I,7.743
9810,Subsystem C,Sensor K,7.091
9811,Subsystem B,Sensor E,12.110
9812,Subsystem A,Sensor A,8.752
9813,Subsystem C,Sensor K,4.462
9814,Subsystem D,Sensor O,-0.583
9815,Subsystem D,Sensor N,-0.915
9816,Subsystem B,Sensor H,5.458
9817,Subsystem D,Sensor O,-2.285
9818,Subsystem D,Sensor N,-2.622
9819,Subsystem A,Sensor D,2.106
9820,Subsystem D,Sensor P,-1.091
9821,Subsystem B,Sensor H,7.016
9822,Subsystem B,Sensor G,12.102
9823,Subsystem B,Sensor F,11.287
9824,Subsystem C,Sensor I,8.288
9825,Subsystem D,Sensor N,-2.115
9826,Subsystem A,Sensor B,1.352
9827,Subsystem B,Sensor E,8.998
9828,Subsystem A,Sensor C,4.181
9829,Subsystem B,Sensor E,11.262
9830,Subsystem A,Sensor D,1.690
9831,Subsystem D,Sensor O,-1.329
9832,Subsystem C,Sensor I,7.700
9833,Subsystem D,Sensor O,-2.076
9834,Subsystem A,Sensor B,2.007
9835,Subsystem D,Sensor M,-2.166
9836,Subsystem A,Sensor C,6.860
9837,Subsystem C,Sensor I,7.296
9838,Subsystem D,Sensor O,-2.757
9839,Subsystem D,Sensor M,-2.823
9840,Subsystem C,Sensor J,2.433
9841,Subsystem C,Sensor L,9.698
9842,Subsystem A,Sensor C,6.335
9843,Subsystem D,Sensor N,-0.119
9844,Subsystem A,Sensor C,7.395
9845,Subsystem D,Sensor M,-2.000
9846,Subsystem B,Sensor E,11.364
9847,Subsystem C,Sensor J,1.256
9848,Subsystem B,Sensor F,10.975
9849,Subsystem A,Sensor A,8.765
9850,Subsystem B,Sensor G,14.942
9851,Subsystem A,Sensor B,1.062
9852,Subsystem D,Sensor P,-1.394
9853,Subsystem C,Sensor I,7.557
9854,Subsystem A,Sensor A,9.805
9855,Subsystem D,Sensor O,-1.040
9856,Subsystem C,Sensor K,7.574
9857,Subsystem D,Sensor M,-2.055
9858,Subsystem C,Sensor I,9.954
9859,Subsystem B,Sensor F,14.034
9860,Subsystem B,Sensor H,6.347
9861,Subsystem B,Sensor G,12.616
9862,Subsystem C,Sensor J,1.395
9863,Subsystem C,Sensor L,9.954
9864,Subsystem B,Sensor F,14.826
9865,Subsystem B,Sensor E,11.507
9866,Subsystem D,Sensor N,-1.377
9867,Subsystem C,Sensor L,10.242
9868,Subsystem B,Sensor E,9.241
9869,Subsystem C,Sensor J,1.277
9870,Subsystem D,Sensor M,-2.205
9871,Subsystem C,Sensor L,8.544
9872,Subsystem A,Sensor D,1.310
9873,Subsystem A,Sensor D,2.441
9874,Subsystem A,Sensor A,8.351
9875,Subsystem A,Sensor B,1.165
9876,Subsystem B,Sensor G,12.461
9877,Subsystem D,Sensor O,-0.876
9878,Subsystem B,Sensor F,13.795
9879,Subsystem A,Sensor D,2.429
9880,Subsystem D,Sensor O,-0.561
9881,Subsystem A,Sensor D,2.548
9882,Subsystem D,Sensor P,-0.775
9883,Subsystem A,Sensor A,4.629
9884,Subsystem C,Sensor K,6.056
9885,Subsystem C,Sensor K,5.826
9886,Subsystem B,Sensor H,6.393
9887,Subsystem C,Sensor K,6.026
9888,Subsystem B,Sensor G,14.493
9889,Subsystem B,Sensor E,10.330
9890,Subsystem D,Sensor N,-1.423
9891,Subsystem C,Sensor J,2.139
9892,Subsystem B,Sensor F,12.050
9893,Subsystem A,Sensor A,9.056
9894,Subsystem C,Sensor L,9.200
9895,Subsystem B,Sensor G,15.000
9896,Subsystem B,Sensor H,5.589
9897,Subsystem C,Sensor I,7.959
9898,Subsystem B,Sensor G,12.809
9899,Subsystem A,Sensor A,8.831
9900,Subsystem B,Sensor F,11.831
9901,Subsystem C,Sensor L,9.742
9902,Subsystem B,Sensor G,14.275
9903,Subsystem D,Sensor N,-1.986
9904,Subsystem B,Sensor F,14.077
9905,Subsystem C,Sensor I,7.889
9906,Subsystem D,Sensor M,-2.886
9907,Subsystem B,Sensor G,14.048
9908,Subsystem A,Sensor D,2.903
9909,Subsystem B,Sensor F,13.637
9910,Subsystem D,Sensor M,-2.382
9911,Subsystem A,Sensor A,7.629
9912,Subsystem C,Sensor K,5.196
9913,Subsystem D,Sensor O,-1.358
9914,Subsystem D,Sensor N,-0.653
9915,Subsystem C,Sensor I,8.079
9916,Subsystem D,Sensor P,-1.934
9917,Subsystem A,Sensor C,8.064
9918,Subsystem D,Sensor N,-1.515
9919,Subsystem D,Sensor M,-2.241
9920,Subsystem A,Sensor D,2.656
9921,Subsystem C,Sensor K,7.111
9922,Subsystem D,Sensor O,-2.341
9923,Subsystem D,Sensor M,-2.347
9924,Subsystem B,Sensor E,11.656
9925,Subsystem C,Sensor J,1.387
9926,Subsystem C,Sensor L,8.836
9927,Subsystem A,Sensor A,7.807
9928,Subsystem D,Sensor O,-1.154
9929,Subsystem A,Sensor B,1.777
9930,Subsystem D,Sensor M,-2.465
9931,Subsystem A,Sensor D,2.333
9932,Subsystem D,Sensor O,-1.703
9933,Subsystem B,Sensor E,9.048
9934,Subsystem C,Sensor K,5.928
9935,Subsystem B,Sensor H,3.419
9936,Subsystem B,Sensor H,6.813
9937,Subsystem A,Sensor D,3.641
9938,Subsystem C,Sensor L,8.284
9939,Subsystem B,Sensor H,4.749
9940,Subsystem A,Sensor C,7.488
9941,Subsystem B,Sensor E,11.699
9942,Subsystem B,Sensor F,10.699
9943,Subsystem A,Sensor C,8.473
9944,Subsystem A,Sensor A,9.874
9945,Subsystem A,Sensor B,1.922
9946,Subsystem B,Sensor F,11.013
9947,Subsystem C,Sensor L,9.974
9948,Subsystem D,Sensor M,-2.879
9949,Subsystem A,Sensor C,3.931
9950,Subsystem A,Sensor B,1.159
9951,Subsystem A,Sensor C,8.204
9952,Subsystem B,Sensor H,4.646
9953,Subsystem D,Sensor N,0.000
9954,Subsystem C,Sensor K,6.737
9955,Subsystem B,Sensor G,14.269
9956,Subsystem B,Sensor E,10.045
9957,Subsystem D,Sensor O,-2.123
9958,Subsystem B,Sensor G,12.184
9959,Subsystem D,Sensor M,-2.814
9960,Subsystem C,Sensor I,7.769
9961,Subsystem B,Sensor E,10.083
9962,Subsystem B,Sensor G,13.453
9963,Subsystem C,Sensor L,9.034
9964,Subsystem A,Sensor D,1.876
9965,Subsystem C,Sensor I,9.847
9966,Subsystem C,Sensor J,1.631
9967,Subsystem D,Sensor M,-2.002
9968,Subsystem C,Sensor I,11.660
9969,Subsystem C,Sensor J,1.192
9970,Subsystem B,Sensor E,10.828
9971,Subsystem D,Sensor N,-1.560
9972,Subsystem D,Sensor M,-2.288
9973,Subsystem C,Sensor L,8.011
9974,Subsystem D,Sensor P,0.000
9975,Subsystem A,Sensor C,8.597
9976,Subsystem C,Sensor K,4.876
9977,Subsystem A,Sensor B,1.821
9978,Subsystem A,Sensor D,3.199
9979,Subsystem D,Sensor N,-1.877
9980,Subsystem A,Sensor A,9.077
9981,Subsystem A,Sensor B,1.368
9982,Subsystem B,Sensor H,3.048
9983,Subsystem B,Sensor E,9.024
9984,Subsystem D,Sensor O,-0.768
9985,Subsystem D,Sensor O,-2.354
9986,Subsystem D,Sensor P,-0.692
9987,Subsystem B,Sensor H,2.826
9988,Subsystem D,Sensor P,-0.196
9989,Subsystem D,Sensor O,-0.778
9990,Subsystem C,Sensor L,9.269
9991,Subsystem C,Sensor L,8.704
9992,Subsystem C,Sensor I,8.161
9993,Subsystem D,Sensor O,-1.699
9994,Subsystem A,Sensor D,3.688
9995,Subsystem D,Sensor N,-1.228
9996,Subsystem B,Sensor E,9.772
9997,Subsystem D,Sensor M,-1.459
9998,Subsystem B,Sensor E,11.850
9999,Subsystem D,Sensor N,-1.922
10000,Subsystem A,Sensor A,7.597
10001,Subsystem B,Sensor G,14.867
10002,Subsystem A,Sensor C,3.566
10003,Subsystem A,Sensor A,7.715
10004,Subsystem A,Sensor C,3.454
10005,Subsystem D,Sensor O,-1.012
10006,Subsystem D,Sensor P,-1.140
10007,Subsystem A,Sensor C,8.182
10008,Subsystem D,Sensor M,-2.947
10009,Subsystem D,Sensor P,-0.437
10010,Subsystem A,Sensor D,3.490
10011,Subsystem A,Sensor A,9.108
10012,Subsystem C,Sensor K,7.395
10013,Subsystem C,Sensor L,9.715
10014,Subsystem C,Sensor I,7.748
10015,Subsystem B,Sensor F,13.010
10016,Subsystem D,Sensor N,-1.799
10017,Subsystem A,Sensor D,2.901
10018,Subsystem B,Sensor G,14.949
10019,Subsystem A,Sensor B,1.813
10020,Subsystem A,Sensor A,8.075
10021,Subsystem C,Sensor K,6.222
10022,Subsystem A,Sensor B,2.155
10023,Subsystem C,Sensor K,8.507
10024,Subsystem B,Sensor F,14.056
10025,Subsystem D,Sensor O,-2.616
10026,Subsystem A,Sensor A,7.376
10027,Subsystem B,Sensor F,10.848
10028,Subsystem A,Sensor B,1.553
10029,Subsystem A,Sensor C,5.278
10030,Subsystem D,Sensor N,-2.300
10031,Subsystem B,Sensor F,13.676
10032,Subsystem C,Sensor J,1.953
10033,Subsystem D,Sensor P,-0.228
10034,Subsystem D,Sensor M,-2.279
10035,Subsystem A,Sensor D,1.312
10036,Subsystem A,Sensor D,3.793
10037,Subsystem D,Sensor O,-2.292
10038,Subsystem A,Sensor B,1.931
10039,Subsystem B,Sensor F,12.305
10040,Subsystem C,Sensor I,10.513
10041,Subsystem A,Sensor A,9.069
10042,Subsystem D,Sensor M,-3.000
10043,Subsystem A,Sensor B,2.362
10044,Subsystem C,Sensor J,1.930
10045,Subsystem B,Sensor F,13.004
10046,Subsystem A,Sensor D,2.027
10047,Subsystem A,Sensor B,1.482
10048,Subsystem D,Sensor P,-1.248
10049,Subsystem A,Sensor C,4.961
10050,Subsystem A,Sensor A,7.721
10051,Subsystem A,Sensor D,3.311
10052,Subsystem D,Sensor N,-1.599
10053,Subsystem C,Sensor K,7.243
10054,Subsystem D,Sensor N,-2.217
10055,Subsystem A,Sensor C,8.205
10056,Subsystem D,Sensor M,-2.645
10057,Subsystem A,Sensor A,5.480
10058,Subsystem B,Sensor E,11.822
10059,Subsystem D,Sensor N,-1.863
10060,Subsystem D,Sensor M,-3.000
10061,Subsystem C,Sensor L,7.482
10062,Subsystem D,Sensor M,-2.719
10063,Subsystem B,Sensor H,3.064
10064,Subsystem D,Sensor P,-0.806
10065,Subsystem D,Sensor M,-2.760
10066,Subsystem D,Sensor M,-2.942
10067,Subsystem A,Sensor A,7.535
10068,Subsystem A,Sensor B,1.180
10069,Subsystem A,Sensor C,5.400
10070,Subsystem D,Sensor P,-1.946
10071,Subsystem C,Sensor I,7.706
10072,Subsystem D,Sensor P,-0.742
10073,Subsystem C,Sensor J,1.105
10074,Subsystem A,Sensor C,7.218
10075,Subsystem B,Sensor E,9.959
10076,Subsystem A,Sensor A,10.164
10077,Subsystem D,Sensor P,-1.120
10078,Subsystem A,Sensor D,1.951
10079,Subsystem C,Sensor L,8.292
10080,Subsystem C,Sensor J,1.123
10081,Subsystem B,Sensor H,6.492
10082,Subsystem A,Sensor D,1.931
10083,Subsystem A,Sensor B,1.915
10084,Subsystem D,Sensor M,-2.882
10085,Subsystem C,Sensor J,2.602
10086,Subsystem A,Sensor A,5.538
10087,Subsystem C,Sensor L,10.233
10088,Subsystem A,Sensor A,8.422
10089,Subsystem A,Sensor C,8.073
10090,Subsystem B,Sensor F,11.697
10091,Subsystem C,Sensor L,8.498
10092,Subsystem C,Sensor L,7.925
10093,Subsystem B,Sensor G,14.175
10094,Subsystem D,Sensor M,-3.000
10095,Subsystem C,Sensor I,8.130
10096,Subsystem B,Sensor F,11.434
10097,Subsystem C,Sensor L,8.829
10098,Subsystem B,Sensor E,11.414
10099,Subsystem D,Sensor O,-2.442
10100,Subsystem A,Sensor C,5.407
10101,Subsystem B,Sensor E,12.731
10102,Subsystem D,Sensor N,-1.377
10103,Subsystem D,Sensor O,-2.121
10104,Subsystem B,Sensor H,4.810
10105,Subsystem A,Sensor D,2.444
10106,Subsystem B,Sensor E,11.955
10107,Subsystem C,Sensor K,6.715
10108,Subsystem B,Sensor G,15.000
10109,Subsystem B,Sensor G,12.315
10110,Subsystem C,Sensor L,10.748
10111,Subsystem D,Sensor O,-1.121
10112,Subsystem A,Sensor B,1.000
10113,Subsystem A,Sensor C,3.623
10114,Subsystem B,Sensor H,5.452
10115,Subsystem A,Sensor D,2.649
10116,Subsystem A,Sensor B,1.039
10117,Subsystem B,Sensor G,12.364
10118,Subsystem D,Sensor P,-0.037
10119,Subsystem C,Sensor K,7.951
10120,Subsystem C,Sensor L,8.334
10121,Subsystem C,Sensor L,8.951
10122,Subsystem A,Sensor C,7.355
10123,Subsystem C,Sensor I,9.423
10124,Subsystem D,Sensor O,-1.473
10125,Subsystem D,Sensor N,-0.852
10126,Subsystem A,Sensor B,1.305
10127,Subsystem B,Sensor E,10.388
10128,Subsystem C,Sensor L,8.956
10129,Subsystem C,Sensor L,9.312
10130,Subsystem D,Sensor M,-1.742
10131,Subsystem A,Sensor A,7.422
10132,Subsystem B,Sensor E,11.106
10133,Subsystem B,Sensor H,3.319
10134,Subsystem B,Sensor E,10.186
10135,Subsystem D,Sensor N,-2.000
10136,Subsystem A,Sensor A,6.238
10137,Subsystem A,Sensor B,1.802
10138,Subsystem D,Sensor P,-1.920
10139,Subsystem A,Sensor A,8.989
10140,Subsystem C,Sensor K,3.541
10141,Subsystem A,Sensor A,9.366
10142,Subsystem D,Sensor M,-2.772
10143,Subsystem C,Sensor J,1.449
10144,Subsystem C,Sensor J,1.160
10145,Subsystem C,Sensor J,2.217
10146,Subsystem D,Sensor M,-2.086
10147,Subsystem D,Sensor N,-1.413
10148,Subsystem D,Sensor O,-3.000
10149,Subsystem B,Sensor F,11.123
10150,Subsystem A,Sensor A,10.087
10151,Subsystem A,Sensor A,5.344
10152,Subsystem A,Sensor C,8.031
10153,Subsystem A,Sensor C,5.385
10154,Subsystem A,Sensor C,5.361
10155,Subsystem B,Sensor G,14.634
10156,Subsystem D,Sensor N,-1.865
10157,Subsystem A,Sensor C,5.688
10158,Subsystem D,Sensor M,-3.000
10159,Subsystem A,Sensor C,7.933
10160,Subsystem D,Sensor N,-2.123
10161,Subsystem D,Sensor P,-1.625
10162,Subsystem A,Sensor B,1.346
10163,Subsystem C,Sensor J,1.233
10164,Subsystem C,Sensor L,9.816
10165,Subsystem B,Sensor E,10.556
10166,Subsystem A,Sensor B,1.661
10167,Subsystem A,Sensor B,1.880
10168,Subsystem A,Sensor A,8.828
10169,Subsystem D,Sensor O,-1.065
10170,Subsystem D,Sensor O,-1.820
10171,Subsystem C,Sensor I,8.981
10172,Subsystem C,Sensor K,4.425
10173,Subsystem D,Sensor O,-2.895
10174,Subsystem C,Sensor K,5.572
10175,Subsystem B,Sensor F,11.361
10176,Subsystem B,Sensor G,14.258
10177,Subsystem B,Sensor F,10.455
10178,Subsystem C,Sensor K,8.044
10179,Subsystem B,Sensor F,11.041
10180,Subsystem A,Sensor B,2.210
10181,Subsystem C,Sensor K,6.362
10182,Subsystem C,Sensor L,8.425
10183,Subsystem C,Sensor I,12.345
10184,Subsystem A,Sensor D,1.647
10185,Subsystem B,Sensor G,13.880
10186,Subsystem B,Sensor E,11.219
10187,Subsystem D,Sensor P,-0.844
10188,Subsystem C,Sensor J,1.572
10189,Subsystem D,Sensor M,-1.613
10190,Subsystem B,Sensor E,10.879
10191,Subsystem A,Sensor C,7.614
10192,Subsystem C,Sensor K,7.654
10193,Subsystem A,Sensor A,7.685
10194,Subsystem C,Sensor L,10.455
10195,Subsystem D,Sensor P,-2.041
10196,Subsystem A,Sensor A,4.752
10197,Subsystem C,Sensor K,5.387
10198,Subsystem A,Sensor C,7.733
10199,Subsystem D,Sensor P,-0.047
10200,Subsystem C,Sensor I,7.798
10201,Subsystem A,Sensor D,3.254
10202,Subsystem D,Sensor M,-1.749
10203,Subsystem D,Sensor O,-0.568
10204,Subsystem D,Sensor N,-1.045
10205,Subsystem D,Sensor O,-1.006
10206,Subsystem A,Sensor B,1.000
10207,Subsystem D,Sensor N,-1.542
10208,Subsystem B,Sensor H,5.657
10209,Subsystem B,Sensor E,9.957
10210,Subsystem D,Sensor P,-0.455
10211,Subsystem A,Sensor A,8.908
10212,Subsystem A,Sensor C,3.483
10213,Subsystem A,Sensor C,8.330
10214,Subsystem C,Sensor J,1.997
10215,Subsystem C,Sensor I,9.096
10216,Subsystem C,Sensor K,5.729
10217,Subsystem A,Sensor B,1.608
10218,Subsystem C,Sensor L,8.079
10219,Subsystem C,Sensor K,4.947
10220,Subsystem B,Sensor H,5.935
10221,Subsystem C,Sensor L,7.674
10222,Subsystem A,Sensor A,7.087
10223,Subsystem D,Sensor P,-0.232
10224,Subsystem C,Sensor I,7.937
10225,Subsystem C,Sensor I,9.138
10226,Subsystem C,Sensor L,8.238
10227,Subsystem C,Sensor I,7.700
10228,Subsystem D,Sensor M,-1.843
10229,Subsystem D,Sensor O,-2.773
10230,Subsystem C,Sensor K,7.639
10231,Subsystem A,Sensor B,1.477
10232,Subsystem A,Sensor D,2.160
10233,Subsystem C,Sensor L,8.054
10234,Subsystem A,Sensor D,1.664
10235,Subsystem D,Sensor N,-0.784
10236,Subsystem B,Sensor G,14.169
10237,Subsystem D,Sensor N,-1.378
10238,Subsystem D,Sensor M,-1.941
10239,Subsystem D,Sensor O,-0.671
10240,Subsystem D,Sensor N,-1.992
10241,Subsystem D,Sensor M,-2.279
10242,Subsystem B,Sensor H,5.376
10243,Subsystem A,Sensor B,1.000
10244,Subsystem C,Sensor J,2.845
10245,Subsystem D,Sensor M,-2.667
10246,Subsystem C,Sensor K,4.645
10247,Subsystem A,Sensor D,3.249
10248,Subsystem D,Sensor O,-2.376
10249,Subsystem C,Sensor I,8.388
10250,Subsystem B,Sensor H,3.090
10251,Subsystem A,Sensor C,6.900
10252,Subsystem C,Sensor K,4.913
10253,Subsystem B,Sensor G,14.189
10254,Subsystem A,Sensor B,1.000
10255,Subsystem A,Sensor A,9.074
10256,Subsystem C,Sensor K,5.368
10257,Subsystem C,Sensor K,5.103
10258,Subsystem C,Sensor J,1.085
10259,Subsystem C,Sensor J,2.746
10260,Subsystem D,Sensor O,-1.560
10261,Subsystem D,Sensor N,-1.325
10262,Subsystem B,Sensor H,3.713
10263,Subsystem A,Sensor C,4.853
10264,Subsystem D,Sensor O,-1.180
10265,Subsystem A,Sensor A,8.230
10266,Subsystem C,Sensor J,2.043
10267,Subsystem B,Sensor F,12.060
10268,Subsystem A,Sensor D,3.418
10269,Subsystem A,Sensor D,2.314
10270,Subsystem D,Sensor M,-2.285
10271,Subsystem B,Sensor F,13.583
10272,Subsystem C,Sensor K,7.995
10273,Subsystem D,Sensor O,-2.529
10274,Subsystem D,Sensor N,-0.432
10275,Subsystem D,Sensor N,-0.770
10276,Subsystem B,Sensor G,14.916
10277,Subsystem C,Sensor I,10.396
10278,Subsystem D,Sensor M,-2.083
10279,Subsystem B,Sensor F,10.127
10280,Subsystem D,Sensor M,-2.628
10281,Subsystem B,Sensor H,3.227
10282,Subsystem A,Sensor D,2.644
10283,Subsystem A,Sensor C,6.470
10284,Subsystem B,Sensor E,9.907
10285,Subsystem B,Sensor E,9.370
10286,Subsystem D,Sensor N,-2.410
10287,Subsystem B,Sensor E,12.631
10288,Subsystem A,Sensor B,1.166
10289,Subsystem A,Sensor B,1.948
10290,Subsystem C,Sensor I,9.005
10291,Subsystem C,Sensor J,2.157
10292,Subsystem C,Sensor J,1.426
10293,Subsystem C,Sensor I,7.432
10294,Subsystem C,Sensor J,1.520
10295,Subsystem C,Sensor I,11.894
10296,Subsystem D,Sensor O,-1.146
10297,Subsystem C,Sensor K,6.794
10298,Subsystem D,Sensor M,-2.496
10299,Subsystem A,Sensor D,3.549
10300,Subsystem B,Sensor E,11.311
10301,Subsystem C,Sensor L,10.084
10302,Subsystem C,Sensor I,8.283
10303,Subsystem A,Sensor A,9.065
10304,Subsystem C,Sensor I,9.561
10305,Subsystem B,Sensor H,7.163
10306,Subsystem A,Sensor C,7.769
10307,Subsystem C,Sensor I,8.114
10308,Subsystem A,Sensor C,5.833
10309,Subsystem B,Sensor F,11.995
10310,Subsystem D,Sensor O,-1.649
10311,Subsystem B,Sensor E,12.419
10312,Subsystem B,Sensor E,12.000
10313,Subsystem D,Sensor M,-2.654
10314,Subsystem B,Sensor F,10.937
10315,Subsystem A,Sensor B,1.057
10316,Subsystem A,Sensor C,7.526
10317,Subsystem A,Sensor A,8.550
10318,Subsystem C,Sensor L,9.892
10319,Subsystem A,Sensor A,7.791
10320,Subsystem C,Sensor L,10.037
10321,Subsystem B,Sensor F,11.062
10322,Subsystem C,Sensor I,7.129
10323,Subsystem B,Sensor F,12.931
10324,Subsystem B,Sensor G,13.867
10325,Subsystem C,Sensor J,2.074
10326,Subsystem C,Sensor L,10.520
10327,Subsystem D,Sensor P,0.000
10328,Subsystem D,Sensor N,-0.173
10329,Subsystem C,Sensor L,8.930
10330,Subsystem D,Sensor N,-1.117
10331,Subsystem A,Sensor B,1.028
10332,Subsystem A,Sensor B,1.000
10333,Subsystem C,Sensor J,1.472
10334,Subsystem D,Sensor M,-2.850
10335,Subsystem A,Sensor D,1.520
10336,Subsystem A,Sensor A,7.209
10337,Subsystem C,Sensor L,7.994
10338,Subsystem B,Sensor G,13.856
10339,Subsystem A,Sensor D,1.788
10340,Subsystem A,Sensor B,1.032
10341,Subsystem A,Sensor A,7.063
10342,Subsystem D,Sensor M,-1.996
10343,Subsystem C,Sensor I,9.113
10344,Subsystem D,Sensor N,-1.877
10345,Subsystem B,Sensor G,13.953
10346,Subsystem C,Sensor L,9.640
10347,Subsystem C,Sensor I,11.269
10348,Subsystem A,Sensor D,3.328
10349,Subsystem A,Sensor D,2.692
10350,Subsystem C,Sensor I,7.812
10351,Subsystem A,Sensor B,1.427
10352,Subsystem B,Sensor E,11.931
10353,Subsystem C,Sensor L,7.859
10354,Subsystem D,Sensor O,-2.424
10355,Subsystem A,Sensor A,7.862
10356,Subsystem B,Sensor E,9.779
10357,Subsystem A,Sensor B,1.239
10358,Subsystem C,Sensor I,8.243
10359,Subsystem A,Sensor B,1.724
10360,Subsystem A,Sensor D,3.030
10361,Subsystem A,Sensor D,1.699
10362,Subsystem C,Sensor K,6.396
10363,Subsystem D,Sensor M,-2.314
10364,Subsystem B,Sensor E,10.024
10365,Subsystem A,Sensor A,8.762
10366,Subsystem B,Sensor H,7.346
10367,Subsystem B,Sensor F,11.243
10368,Subsystem A,Sensor B,1.123
10369,Subsystem C,Sensor K,4.649
10370,Subsystem D,Sensor M,-1.508
10371,Subsystem B,Sensor G,14.901
10372,Subsystem D,Sensor M,-2.022
10373,Subsystem B,Sensor G,13.309
10374,Subsystem D,Sensor M,-2.741
10375,Subsystem B,Sensor F,11.396
10376,Subsystem D,Sensor M,-2.813
10377,Subsystem A,Sensor A,9.103
10378,Subsystem A,Sensor D,3.373
10379,Subsystem C,Sensor K,7.676
10380,Subsystem C,Sensor I,7.548
10381,Subsystem D,Sensor M,-2.786
10382,Subsystem C,Sensor J,1.542
10383,Subsystem C,Sensor L,9.923
10384,Subsystem C,Sensor J,1.667
10385,Subsystem C,Sensor K,5.215
10386,Subsystem B,Sensor H,3.650
10387,Subsystem C,Sensor J,1.702
10388,Subsystem C,Sensor L,10.655
10389,Subsystem D,Sensor M,-2.267
10390,Subsystem B,Sensor F,14.187
10391,Subsystem D,Sensor P,-1.864
10392,Subsystem A,Sensor D,2.535
10393,Subsystem D,Sensor O,-0.812
10394,Subsystem C,Sensor I,8.297
10395,Subsystem C,Sensor I,7.738
10396,Subsystem B,Sensor E,11.492
10397,Subsystem B,Sensor F,11.358
10398,Subsystem B,Sensor F,14.040
10399,Subsystem B,Sensor E,10.795
10400,Subsystem C,Sensor I,7.249
10401,Subsystem D,Sensor P,-0.185
10402,Subsystem D,Sensor M,-2.468
10403,Subsystem A,Sensor C,7.000
10404,Subsystem C,Sensor I,7.538
10405,Subsystem C,Sensor J,1.891
10406,Subsystem A,Sensor B,1.033
10407,Subsystem A,Sensor D,2.988
10408,Subsystem D,Sensor M,-2.989
10409,Subsystem B,Sensor H,3.633
10410,Subsystem D,Sensor P,-1.089
10411,Subsystem A,Sensor B,2.042
10412,Subsystem B,Sensor H,4.284
10413,Subsystem D,Sensor P,-0.775
10414,Subsystem D,Sensor P,-0.167
10415,Subsystem D,Sensor N,-2.923
10416,Subsystem A,Sensor A,8.523
10417,Subsystem A,Sensor C,5.356
10418,Subsystem C,Sensor I,9.279
10419,Subsystem A,Sensor A,7.205
10420,Subsystem A,Sensor A,8.968
10421,Subsystem C,Sensor I,7.150
10422,Subsystem A,Sensor D,3.378
10423,Subsystem D,Sensor M,-2.833
10424,Subsystem D,Sensor O,-2.546
10425,Subsystem C,Sensor I,9.125
10426,Subsystem B,Sensor F,14.830
10427,Subsystem A,Sensor A,8.737
10428,Subsystem A,Sensor C,5.402
10429,Subsystem A,Sensor A,10.130
10430,Subsystem A,Sensor B,1.000
10431,Subsystem B,Sensor G,14.936
10432,Subsystem A,Sensor C,8.079
10433,Subsystem A,Sensor D,3.685
10434,Subsystem C,Sensor K,8.188
10435,Subsystem D,Sensor M,-3.000
10436,Subsystem B,Sensor F,11.759
10437,Subsystem C,Sensor I,7.955
10438,Subsystem A,Sensor A,7.711
10439,Subsystem B,Sensor G,14.536
10440,Subsystem A,Sensor B,1.073
10441,Subsystem C,Sensor L,9.920
10442,Subsystem A,Sensor A,7.918
10443,Subsystem A,Sensor C,8.620
10444,Subsystem A,Sensor D,1.312
10445,Subsystem D,Sensor O,-1.645
10446,Subsystem A,Sensor B,2.249
10447,Subsystem A,Sensor D,2.892
10448,Subsystem C,Sensor J,1.201
10449,Subsystem A,Sensor B,1.328
10450,Subsystem D,Sensor O,-2.769
10451,Subsystem C,Sensor J,1.276
10452,Subsystem D,Sensor P,-1.247
10453,Subsystem B,Sensor E,9.095
10454,Subsystem C,Sensor J,1.643
10455,Subsystem A,Sensor B,1.341
10456,Subsystem B,Sensor F,14.599
10457,Subsystem A,Sensor B,1.000
10458,Subsystem A,Sensor D,3.424
10459,Subsystem C,Sensor L,7.941
10460,Subsystem A,Sensor B,1.402
10461,Subsystem B,Sensor H,7.057
10462,Subsystem D,Sensor P,-0.626
10463,Subsystem B,Sensor G,13.957
10464,Subsystem B,Sensor F,11.860
10465,Subsystem B,Sensor G,12.505
10466,Subsystem D,Sensor N,-1.397
10467,Subsystem B,Sensor H,3.605
10468,Subsystem C,Sensor L,7.904
10469,Subsystem A,Sensor B,2.459
10470,Subsystem C,Sensor L,10.145
10471,Subsystem A,Sensor D,3.053
10472,Subsystem A,Sensor C,7.560
10473,Subsystem A,Sensor A,9.349
10474,Subsystem D,Sensor O,-1.173
10475,Subsystem B,Sensor F,11.100
10476,Subsystem A,Sensor A,9.236
10477,Subsystem D,Sensor M,-2.735
10478,Subsystem B,Sensor F,14.860
10479,Subsystem D,Sensor O,-1.398
10480,Subsystem A,Sensor D,1.763
10481,Subsystem D,Sensor P,-0.733
10482,Subsystem D,Sensor O,-2.869
10483,Subsystem B,Sensor F,12.024
10484,Subsystem C,Sensor K,4.073
10485,Subsystem A,Sensor A,10.119
10486,Subsystem D,Sensor N,-2.230
10487,Subsystem C,Sensor J,1.643
10488,Subsystem A,Sensor B,1.324
10489,Subsystem B,Sensor E,12.016
10490,Subsystem C,Sensor I,11.716
10491,Subsystem A,Sensor A,8.790
10492,Subsystem A,Sensor D,2.371
10493,Subsystem C,Sensor L,10.346
10494,Subsystem D,Sensor O,-2.735
10495,Subsystem B,Sensor H,7.132
10496,Subsystem D,Sensor N,-2.133
10497,Subsystem A,Sensor C,7.374
10498,Subsystem A,Sensor C,6.815
10499,Subsystem D,Sensor P,-2.020
10500,Subsystem D,Sensor P,-2.144
10501,Subsystem B,Sensor H,3.020
10502,Subsystem D,Sensor N,-2.046
10503,Subsystem B,Sensor E,10.381
10504,Subsystem C,Sensor K,7.384
10505,Subsystem A,Sensor A,7.512
10506,Subsystem A,Sensor D,1.971
10507,Subsystem B,Sensor G,13.930
10508,Subsystem D,Sensor M,-2.834
10509,Subsystem B,Sensor E,12.775
10510,Subsystem C,Sensor I,8.176
10511,Subsystem C,Sensor K,7.040
10512,Subsystem A,Sensor B,1.114
10513,Subsystem C,Sensor L,8.187
10514,Subsystem D,Sensor M,-2.711
10515,Subsystem A,Sensor B,1.171
10516,Subsystem D,Sensor N,-1.598
10517,Subsystem C,Sensor I,11.526
10518,Subsystem B,Sensor F,14.293
10519,Subsystem C,Sensor K,7.455
10520,Subsystem D,Sensor M,-2.167
10521,Subsystem D,Sensor N,-1.220
10522,Subsystem C,Sensor K,6.826
10523,Subsystem D,Sensor M,-2.136
10524,Subsystem D,Sensor M,-3.000
10525,Subsystem A,Sensor A,8.508
10526,Subsystem C,Sensor K,8.369
10527,Subsystem A,Sensor A,10.190
10528,Subsystem D,Sensor P,-1.064
10529,Subsystem C,Sensor K,7.822
10530,Subsystem A,Sensor A,10.069
10531,Subsystem A,Sensor A,7.803
10532,Subsystem C,Sensor J,1.825
10533,Subsystem C,Sensor K,7.560
10534,Subsystem C,Sensor K,7.864
10535,Subsystem A,Sensor D,1.987
10536,Subsystem B,Sensor F,12.140
10537,Subsystem C,Sensor K,6.200
10538,Subsystem B,Sensor G,12.987
10539,Subsystem A,Sensor C,4.699
10540,Subsystem D,Sensor M,-1.621
10541,Subsystem C,Sensor I,7.745
10542,Subsystem C,Sensor I,11.414
10543,Subsystem B,Sensor H,5.694
10544,Subsystem C,Sensor K,7.822
10545,Subsystem C,Sensor L,8.046
10546,Subsystem B,Sensor F,11.610
10547,Subsystem D,Sensor P,-0.049
10548,Subsystem B,Sensor G,13.011
10549,Subsystem A,Sensor A,7.618
10550,Subsystem D,Sensor N,-1.353
10551,Subsystem A,Sensor C,6.216
10552,Subsystem B,Sensor G,12.845
10553,Subsystem D,Sensor O,-0.613
10554,Subsystem C,Sensor L,8.317
10555,Subsystem A,Sensor D,1.000
10556,Subsystem A,Sensor C,7.317
10557,Subsystem C,Sensor K,7.259
10558,Subsystem D,Sensor O,-0.669
10559,Subsystem D,Sensor M,-2.118
10560,Subsystem D,Sensor M,-2.688
10561,Subsystem A,Sensor B,1.613
10562,Subsystem D,Sensor O,-2.241
10563,Subsystem C,Sensor I,7.964
10564,Subsystem C,Sensor I,8.135
10565,Subsystem C,Sensor I,9.772
10566,Subsystem C,Sensor J,2.594
10567,Subsystem B,Sensor E,12.056
10568,Subsystem A,Sensor C,7.791
10569,Subsystem D,Sensor M,-1.902
10570,Subsystem B,Sensor E,10.106
10571,Subsystem B,Sensor H,5.005
10572,Subsystem A,Sensor D,2.983
10573,Subsystem C,Sensor L,8.146
10574,Subsystem A,Sensor A,10.045
10575,Subsystem D,Sensor N,-1.356
10576,Subsystem C,Sensor K,7.624
10577,Subsystem B,Sensor H,6.743
10578,Subsystem C,Sensor K,4.774
10579,Subsystem D,Sensor P,-1.813
10580,Subsystem C,Sensor K,5.629
10581,Subsystem B,Sensor E,11.100
10582,Subsystem A,Sensor A,4.932
10583,Subsystem B,Sensor F,11.370
10584,Subsystem B,Sensor E,9.062
10585,Subsystem A,Sensor A,7.292
10586,Subsystem A,Sensor B,1.516
10587,Subsystem D,Sensor N,-2.882
10588,Subsystem D,Sensor O,-2.906
10589,Subsystem D,Sensor P,-0.088
10590,Subsystem A,Sensor B,1.155
10591,Subsystem C,Sensor J,1.624
10592,Subsystem A,Sensor B,1.749
10593,Subsystem A,Sensor D,3.314
10594,Subsystem A,Sensor D,2.495
10595,Subsystem A,Sensor C,3.830
10596,Subsystem B,Sensor F,14.114
10597,Subsystem B,Sensor F,13.238
10598,Subsystem D,Sensor N,-1.127
10599,Subsystem A,Sensor A,4.530
10600,Subsystem D,Sensor O,-2.381
10601,Subsystem D,Sensor O,-0.789
10602,Subsystem B,Sensor E,10.832
10603,Subsystem C,Sensor K,6.068
10604,Subsystem A,Sensor A,7.409
10605,Subsystem C,Sensor I,8.152
10606,Subsystem A,Sensor D,3.302
10607,Subsystem D,Sensor P,-1.923
10608,Subsystem B,Sensor F,14.849
10609,Subsystem B,Sensor H,5.927
10610,Subsystem C,Sensor I,9.549
10611,Subsystem A,Sensor A,7.166
10612,Subsystem D,Sensor N,0.000
10613,Subsystem A,Sensor D,2.307
10614,Subsystem C,Sensor J,1.978
10615,Subsystem B,Sensor G,12.707
10616,Subsystem A,Sensor D,3.013
10617,Subsystem C,Sensor I,11.539
10618,Subsystem A,Sensor B,1.337
10619,Subsystem D,Sensor N,-2.155
10620,Subsystem B,Sensor F,12.971
10621,Subsystem A,Sensor A,7.637
10622,Subsystem C,Sensor L,10.260
10623,Subsystem A,Sensor B,2.481
10624,Subsystem B,Sensor H,5.789
10625,Subsystem B,Sensor F,11.062
10626,Subsystem A,Sensor B,2.360
10627,Subsystem D,Sensor M,-2.165
10628,Subsystem A,Sensor B,1.527
10629,Subsystem A,Sensor C,8.719
10630,Subsystem C,Sensor I,8.235
10631,Subsystem A,Sensor C,3.434
10632,Subsystem D,Sensor O,-2.623
10633,Subsystem C,Sensor I,8.045
10634,Subsystem D,Sensor P,-0.691
10635,Subsystem C,Sensor J,1.468
10636,Subsystem D,Sensor N,0.000
10637,Subsystem B,Sensor E,10.727
10638,Subsystem D,Sensor N,-0.873
10639,Subsystem D,Sensor N,-1.405
10640,Subsystem A,Sensor C,7.610
10641,Subsystem B,Sensor E,11.157
10642,Subsystem B,Sensor G,13.709
10643,Subsystem B,Sensor H,3.955
10644,Subsystem A,Sensor B,1.469
10645,Subsystem A,Sensor A,7.243
10646,Subsystem B,Sensor E,12.004
10647,Subsystem D,Sensor P,-2.400
10648,Subsystem D,Sensor M,-2.629
10649,Subsystem B,Sensor E,10.014
10650,Subsystem B,Sensor F,13.851
10651,Subsystem A,Sensor C,4.776
10652,Subsystem B,Sensor G,13.917
10653,Subsystem B,Sensor E,10.541
10654,Subsystem A,Sensor C,7.950
10655,Subsystem B,Sensor F,11.966
10656,Subsystem B,Sensor H,6.071
10657,Subsystem C,Sensor I,8.171
10658,Subsystem A,Sensor C,7.864
10659,Subsystem D,Sensor N,-1.222
10660,Subsystem D,Sensor N,-0.712
10661,Subsystem A,Sensor B,1.375
10662,Subsystem C,Sensor L,9.077
10663,Subsystem C,Sensor J,1.000
10664,Subsystem A,Sensor D,2.508
10665,Subsystem D,Sensor O,-2.739
10666,Subsystem D,Sensor O,-3.000
10667,Subsystem B,Sensor G,13.941
10668,Subsystem A,Sensor C,7.038
10669,Subsystem D,Sensor O,-1.684
10670,Subsystem A,Sensor C,3.297
10671,Subsystem B,Sensor F,11.138
10672,Subsystem C,Sensor K,5.758
10673,Subsystem B,Sensor E,11.941
10674,Subsystem B,Sensor G,14.571
10675,Subsystem A,Sensor C,8.236
10676,Subsystem B,Sensor G,14.528
10677,Subsystem A,Sensor C,7.333
10678,Subsystem D,Sensor O,-1.521
10679,Subsystem D,Sensor N,-1.749
10680,Subsystem C,Sensor L,9.924
10681,Subsystem A,Sensor D,2.540
10682,Subsystem D,Sensor O,-2.162
10683,Subsystem B,Sensor H,7.068
10684,Subsystem D,Sensor O,-1.607
10685,Subsystem A,Sensor A,7.683
10686,Subsystem C,Sensor L,8.364
10687,Subsystem B,Sensor H,3.502
10688,Subsystem D,Sensor P,-0.443
10689,Subsystem C,Sensor K,5.018
10690,Subsystem C,Sensor K,4.650
10691,Subsystem D,Sensor O,-2.203
10692,Subsystem C,Sensor I,8.154
10693,Subsystem D,Sensor N,-1.264
10694,Subsystem A,Sensor B,1.146
10695,Subsystem C,Sensor I,7.902
10696,Subsystem C,Sensor J,1.105
10697,Subsystem C,Sensor I,8.359
10698,Subsystem D,Sensor M,-2.856
10699,Subsystem D,Sensor N,-1.197
10700,Subsystem D,Sensor M,-2.913
10701,Subsystem A,Sensor C,4.243
10702,Subsystem D,Sensor P,-1.442
10703,Subsystem A,Sensor B,1.170
10704,Subsystem D,Sensor P,-1.092
10705,Subsystem D,Sensor O,-0.975
10706,Subsystem D,Sensor N,-1.139
10707,Subsystem A,Sensor D,2.776
10708,Subsystem A,Sensor B,1.073
10709,Subsystem A,Sensor C,7.444
10710,Subsystem D,Sensor N,-0.019
10711,Subsystem C,Sensor J,1.418
10712,Subsystem C,Sensor J,1.411
10713,Subsystem B,Sensor E,12.080
10714,Subsystem B,Sensor H,5.039
10715,Subsystem A,Sensor C,7.291
10716,Subsystem A,Sensor D,3.634
10717,Subsystem C,Sensor I,9.080
10718,Subsystem C,Sensor I,11.290
10719,Subsystem D,Sensor N,-1.330
10720,Subsystem A,Sensor D,2.680
10721,Subsystem C,Sensor I,9.291
10722,Subsystem B,Sensor E,10.045
10723,Subsystem D,Sensor N,-1.407
10724,Subsystem D,Sensor M,-2.121
10725,Subsystem A,Sensor C,6.044
10726,Subsystem D,Sensor N,-1.468
10727,Subsystem A,Sensor B,1.053
10728,Subsystem A,Sensor B,1.000
10729,Subsystem A,Sensor A,8.452
10730,Subsystem A,Sensor C,8.362
10731,Subsystem C,Sensor J,1.194
10732,Subsystem D,Sensor M,-2.128
10733,Subsystem C,Sensor J,2.084
10734,Subsystem C,Sensor J,2.745
10735,Subsystem A,Sensor A,7.285
10736,Subsystem C,Sensor L,7.993
10737,Subsystem A,Sensor B,1.287
10738,Subsystem B,Sensor G,12.999
10739,Subsystem A,Sensor C,8.649
10740,Subsystem D,Sensor P,-0.437
10741,Subsystem B,Sensor F,14.898
10742,Subsystem C,Sensor J,2.258
10743,Subsystem B,Sensor G,13.847
10744,Subsystem C,Sensor K,7.418
10745,Subsystem A,Sensor D,2.451
10746,Subsystem C,Sensor J,1.047
10747,Subsystem A,Sensor D,2.878
10748,Subsystem B,Sensor G,14.090
10749,Subsystem A,Sensor A,7.364
10750,Subsystem B,Sensor E,10.885
10751,Subsystem A,Sensor D,3.427
10752,Subsystem B,Sensor H,6.475
10753,Subsystem B,Sensor F,14.260
10754,Subsystem B,Sensor G,12.522
10755,Subsystem B,Sensor H,4.373
10756,Subsystem C,Sensor J,1.499
10757,Subsystem A,Sensor A,8.388
10758,Subsystem A,Sensor D,3.257
10759,Subsystem D,Sensor P,-1.363
10760,Subsystem D,Sensor N,-2.545
10761,Subsystem A,Sensor D,3.473
10762,Subsystem D,Sensor O,-0.854
10763,Subsystem D,Sensor P,-1.808
10764,Subsystem D,Sensor N,0.000
10765,Subsystem B,Sensor H,5.274
10766,Subsystem D,Sensor M,-2.321
10767,Subsystem C,Sensor K,7.791
10768,Subsystem B,Sensor F,13.334
10769,Subsystem B,Sensor G,12.558
10770,Subsystem D,Sensor O,-1.172
10771,Subsystem B,Sensor H,6.362
10772,Subsystem D,Sensor O,-2.449
10773,Subsystem B,Sensor H,5.382
10774,Subsystem B,Sensor F,11.239
10775,Subsystem B,Sensor E,9.845
10776,Subsystem C,Sensor L,8.569
10777,Subsystem D,Sensor M,-3.000
10778,Subsystem D,Sensor O,-1.105
10779,Subsystem A,Sensor D,3.055
10780,Subsystem C,Sensor I,7.887
10781,Subsystem C,Sensor K,5.592
10782,Subsystem D,Sensor O,-1.987
10783,Subsystem A,Sensor B,1.769
10784,Subsystem C,Sensor I,8.088
10785,Subsystem A,Sensor A,8.436
10786,Subsystem B,Sensor F,11.082
10787,Subsystem B,Sensor E,9.680
10788,Subsystem B,Sensor G,13.680
10789,Subsystem A,Sensor A,4.972
10790,Subsystem A,Sensor C,3.999
10791,Subsystem C,Sensor K,4.504
10792,Subsystem B,Sensor E,12.416
10793,Subsystem A,Sensor C,5.810
10794,Subsystem A,Sensor B,2.592
10795,Subsystem B,Sensor E,11.106
10796,Subsystem C,Sensor K,4.920
10797,Subsystem A,Sensor C,8.048
10798,Subsystem B,Sensor E,8.977
10799,Subsystem B,Sensor G,14.522
10800,Subsystem D,Sensor N,-1.988
10801,Subsystem B,Sensor H,6.295
10802,Subsystem D,Sensor P,-0.934
10803,Subsystem B,Sensor H,2.583
10804,Subsystem A,Sensor D,2.935
10805,Subsystem A,Sensor B,1.067
10806,Subsystem A,Sensor B,1.772
10807,Subsystem D,Sensor M,-2.150
10808,Subsystem A,Sensor A,9.930
10809,Subsystem D,Sensor O,-0.987
10810,Subsystem D,Sensor P,-0.397
10811,Subsystem A,Sensor B,1.128
10812,Subsystem B,Sensor E,10.464
10813,Subsystem D,Sensor O,-0.823
10814,Subsystem D,Sensor P,-0.974
10815,Subsystem D,Sensor M,-2.379
10816,Subsystem D,Sensor P,-0.141
10817,Subsystem C,Sensor K,7.422
10818,Subsystem B,Sensor F,14.696
10819,Subsystem B,Sensor H,4.443
10820,Subsystem A,Sensor A,8.643
10821,Subsystem A,Sensor C,4.088
10822,Subsystem D,Sensor O,-2.046
10823,Subsystem D,Sensor M,-1.867
10824,Subsystem A,Sensor C,6.708
10825,Subsystem A,Sensor B,1.337
10826,Subsystem A,Sensor C,7.411
10827,Subsystem D,Sensor P,-1.377
10828,Subsystem C,Sensor I,7.753
10829,Subsystem D,Sensor O,-1.184
10830,Subsystem D,Sensor P,-0.586
10831,Subsystem B,Sensor F,15.000
10832,Subsystem C,Sensor L,8.032
10833,Subsystem A,Sensor A,8.462
10834,Subsystem D,Sensor O,-2.747
10835,Subsystem D,Sensor P,-1.055
10836,Subsystem D,Sensor O,-1.303
10837,Subsystem A,Sensor A,9.106
10838,Subsystem A,Sensor C,8.260
10839,Subsystem D,Sensor P,-1.146
10840,Subsystem A,Sensor A,7.425
10841,Subsystem A,Sensor D,3.101
10842,Subsystem B,Sensor G,14.107
10843,Subsystem A,Sensor A,9.215
10844,Subsystem B,Sensor G,13.685
10845,Subsystem B,Sensor E,9.850
10846,Subsystem A,Sensor C,7.322
10847,Subsystem C,Sensor L,8.697
10848,Subsystem B,Sensor G,14.041
10849,Subsystem C,Sensor J,2.009
10850,Subsystem C,Sensor K,7.654
10851,Subsystem B,Sensor G,13.113
10852,Subsystem D,Sensor O,-2.155
10853,Subsystem B,Sensor F,13.890
10854,Subsystem D,Sensor N,0.000
10855,Subsystem D,Sensor N,-1.674
10856,Subsystem D,Sensor P,-1.152
10857,Subsystem C,Sensor K,6.764
10858,Subsystem A,Sensor B,1.825
10859,Subsystem A,Sensor D,2.961
10860,Subsystem A,Sensor C,7.798
10861,Subsystem B,Sensor E,10.767
10862,Subsystem C,Sensor J,1.967
10863,Subsystem B,Sensor E,9.590
10864,Subsystem C,Sensor I,12.154
10865,Subsystem A,Sensor A,7.387
10866,Subsystem D,Sensor N,-2.125
10867,Subsystem C,Sensor J,1.102
10868,Subsystem D,Sensor P,-1.315
10869,Subsystem C,Sensor J,1.967
10870,Subsystem A,Sensor B,1.000
10871,Subsystem B,Sensor F,11.203
10872,Subsystem B,Sensor G,12.280
10873,Subsystem D,Sensor P,-0.330
10874,Subsystem C,Sensor I,11.011
10875,Subsystem A,Sensor A,7.613
10876,Subsystem A,Sensor D,1.557
10877,Subsystem B,Sensor E,10.851
10878,Subsystem C,Sensor J,1.681
10879,Subsystem D,Sensor O,-0.578
10880,Subsystem D,Sensor O,-1.964
10881,Subsystem B,Sensor H,6.600
10882,Subsystem B,Sensor H,4.225
10883,Subsystem A,Sensor B,1.230
10884,Subsystem D,Sensor O,-1.652
10885,Subsystem D,Sensor P,-1.074
10886,Subsystem C,Sensor J,1.295
10887,Subsystem C,Sensor I,10.505
10888,Subsystem B,Sensor F,14.463
10889,Subsystem B,Sensor F,13.619
10890,Subsystem B,Sensor G,13.548
10891,Subsystem D,Sensor O,-1.529
10892,Subsystem C,Sensor L,8.418
10893,Subsystem A,Sensor B,1.282
10894,Subsystem B,Sensor F,12.207
10895,Subsystem C,Sensor I,10.009
10896,Subsystem C,Sensor L,8.337
10897,Subsystem B,Sensor H,2.410
10898,Subsystem B,Sensor F,11.079
10899,Subsystem D,Sensor M,-2.822
10900,Subsystem D,Sensor N,-1.107
10901,Subsystem C,Sensor J,1.590
10902,Subsystem A,Sensor A,6.474
10903,Subsystem A,Sensor B,1.173
10904,Subsystem B,Sensor H,2.668
10905,Subsystem A,Sensor B,1.000
10906,Subsystem B,Sensor H,2.984
10907,Subsystem D,Sensor P,-1.275
10908,Subsystem A,Sensor A,7.555
10909,Subsystem B,Sensor F,14.133
10910,Subsystem C,Sensor L,8.848
10911,Subsystem B,Sensor H,5.329
10912,Subsystem C,Sensor J,1.156
10913,Subsystem A,Sensor A,9.780
10914,Subsystem B,Sensor G,13.776
10915,Subsystem C,Sensor J,1.324
10916,Subsystem C,Sensor L,8.990
10917,Subsystem C,Sensor J,1.767
10918,Subsystem B,Sensor G,14.838
10919,Subsystem D,Sensor P,-0.770
10920,Subsystem B,Sensor E,10.897
10921,Subsystem A,Sensor A,6.717
10922,Subsystem C,Sensor I,7.489
10923,Subsystem A,Sensor C,6.040
10924,Subsystem D,Sensor P,0.000
10925,Subsystem D,Sensor M,-2.048
10926,Subsystem B,Sensor G,13.220
10927,Subsystem D,Sensor M,-2.836
10928,Subsystem A,Sensor C,7.617
10929,Subsystem B,Sensor H,4.923
10930,Subsystem B,Sensor G,13.927
10931,Subsystem C,Sensor K,7.609
10932,Subsystem C,Sensor J,1.963
10933,Subsystem A,Sensor A,5.877
10934,Subsystem D,Sensor M,-2.260
10935,Subsystem D,Sensor N,-1.237
10936,Subsystem B,Sensor H,4.024
10937,Subsystem D,Sensor M,-1.568
10938,Subsystem C,Sensor I,8.808
10939,Subsystem B,Sensor G,12.731
10940,Subsystem B,Sensor E,8.986
10941,Subsystem B,Sensor H,3.376
10942,Subsystem D,Sensor P,-0.480
10943,Subsystem B,Sensor F,11.901
10944,Subsystem A,Sensor A,10.103
10945,Subsystem C,Sensor K,5.034
10946,Subsystem C,Sensor K,7.442
10947,Subsystem A,Sensor A,9.936
10948,Subsystem A,Sensor D,3.084
10949,Subsystem A,Sensor D,2.626
10950,Subsystem C,Sensor K,6.112
10951,Subsystem D,Sensor P,-0.157
10952,Subsystem D,Sensor M,-2.670
10953,Subsystem D,Sensor M,-2.456
10954,Subsystem A,Sensor B,2.310
10955,Subsystem D,Sensor N,-1.312
10956,Subsystem C,Sensor L,10.155
10957,Subsystem D,Sensor M,-2.413
10958,Subsystem B,Sensor F,11.160
10959,Subsystem B,Sensor E,11.030
10960,Subsystem C,Sensor K,5.051
10961,Subsystem B,Sensor H,5.561
10962,Subsystem A,Sensor B,1.832
10963,Subsystem B,Sensor G,13.984
10964,Subsystem B,Sensor H,5.649
10965,Subsystem D,Sensor O,-2.111
10966,Subsystem C,Sensor K,5.011
10967,Subsystem D,Sensor P,0.000
10968,Subsystem A,Sensor A,9.853
10969,Subsystem D,Sensor N,-1.156
10970,Subsystem C,Sensor L,9.471
10971,Subsystem A,Sensor C,6.858
10972,Subsystem C,Sensor J,1.454
10973,Subsystem B,Sensor H,5.301
10974,Subsystem C,Sensor J,1.882
10975,Subsystem B,Sensor H,5.256
10976,Subsystem C,Sensor I,11.671
10977,Subsystem A,Sensor C,4.823
10978,Subsystem C,Sensor L,7.999
10979,Subsystem A,Sensor C,6.508
10980,Subsystem B,Sensor E,9.982
10981,Subsystem A,Sensor B,1.416
10982,Subsystem A,Sensor C,7.150
10983,Subsystem A,Sensor C,8.712
10984,Subsystem D,Sensor O,-2.357
10985,Subsystem C,Sensor J,2.634
10986,Subsystem D,Sensor O,-2.510
10987,Subsystem A,Sensor D,1.580
10988,Subsystem A,Sensor A,8.697
10989,Subsystem D,Sensor O,-2.560
10990,Subsystem C,Sensor K,6.035
10991,Subsystem A,Sensor C,7.427
10992,Subsystem D,Sensor O,-1.169
10993,Subsystem A,Sensor A,10.076
10994,Subsystem C,Sensor J,2.186
10995,Subsystem D,Sensor O,-1.414
10996,Subsystem A,Sensor C,6.024
10997,Subsystem C,Sensor I,11.562
10998,Subsystem D,Sensor M,-2.029
10999,Subsystem B,Sensor E,11.393
11000,Subsystem B,Sensor F,11.407
11001,Subsystem A,Sensor A,8.731
11002,Subsystem C,Sensor J,2.524
11003,Subsystem C,Sensor I,8.151
11004,Subsystem B,Sensor E,11.228
11005,Subsystem B,Sensor G,13.424
11006,Subsystem D,Sensor O,-0.527
11007,Subsystem D,Sensor N,-0.020
11008,Subsystem D,Sensor M,-1.963
11009,Subsystem B,Sensor E,10.540
11010,Subsystem D,Sensor O,-2.168
11011,Subsystem D,Sensor M,-2.430
11012,Subsystem B,Sensor G,11.911
11013,Subsystem C,Sensor I,7.642
11014,Subsystem D,Sensor N,-0.693
11015,Subsystem A,Sensor C,3.392
11016,Subsystem C,Sensor K,7.297
11017,Subsystem A,Sensor C,7.384
11018,Subsystem C,Sensor I,11.858
11019,Subsystem C,Sensor L,8.916
11020,Subsystem D,Sensor O,-2.206
11021,Subsystem D,Sensor O,-2.142
11022,Subsystem C,Sensor I,9.350
11023,Subsystem B,Sensor G,12.914
11024,Subsystem A,Sensor B,1.091
11025,Subsystem D,Sensor P,-1.077
11026,Subsystem D,Sensor O,-1.650
11027,Subsystem D,Sensor P,-2.285
11028,Subsystem C,Sensor I,9.543
11029,Subsystem D,Sensor M,-2.984
11030,Subsystem B,Sensor F,14.939
11031,Subsystem D,Sensor N,-1.072
11032,Subsystem A,Sensor A,8.547
11033,Subsystem B,Sensor F,13.733
11034,Subsystem D,Sensor M,-2.796
11035,Subsystem B,Sensor F,14.795
11036,Subsystem D,Sensor O,-2.235
11037,Subsystem D,Sensor O,-2.257
11038,Subsystem A,Sensor B,1.163
11039,Subsystem B,Sensor H,4.920
11040,Subsystem B,Sensor F,11.280
11041,Subsystem A,Sensor A,10.201
11042,Subsystem A,Sensor D,1.804
11043,Subsystem C,Sensor L,8.254
11044,Subsystem A,Sensor C,4.830
11045,Subsystem C,Sensor I,8.987
11046,Subsystem B,Sensor E,12.475
11047,Subsystem A,Sensor A,7.638
11048,Subsystem C,Sensor I,8.135
11049,Subsystem A,Sensor D,2.866
11050,Subsystem A,Sensor C,8.521
11051,Subsystem D,Sensor N,-1.604
11052,Subsystem C,Sensor I,8.367
11053,Subsystem D,Sensor M,-2.405
11054,Subsystem D,Sensor M,-2.935
11055,Subsystem C,Sensor J,1.453
11056,Subsystem C,Sensor J,1.000
11057,Subsystem B,Sensor H,3.846
11058,Subsystem D,Sensor N,-1.814
11059,Subsystem C,Sensor L,8.318
11060,Subsystem A,Sensor A,8.942
11061,Subsystem D,Sensor N,-0.168
11062,Subsystem D,Sensor P,-1.786
11063,Subsystem C,Sensor J,2.859
11064,Subsystem C,Sensor L,10.469
11065,Subsystem D,Sensor O,-1.372
11066,Subsystem A,Sensor D,2.825
11067,Subsystem B,Sensor H,3.071
11068,Subsystem C,Sensor I,8.044
11069,Subsystem C,Sensor K,4.606
11070,Subsystem A,Sensor D,2.520
11071,Subsystem C,Sensor J,2.061
11072,Subsystem D,Sensor N,-0.753
11073,Subsystem D,Sensor N,-2.253
11074,Subsystem C,Sensor I,12.367
11075,Subsystem B,Sensor H,6.253
11076,Subsystem B,Sensor E,11.033
11077,Subsystem D,Sensor O,-2.832
11078,Subsystem B,Sensor G,12.932
11079,Subsystem D,Sensor N,-0.512
11080,Subsystem C,Sensor K,4.856
11081,Subsystem C,Sensor J,1.000
11082,Subsystem A,Sensor D,1.846
11083,Subsystem C,Sensor I,8.083
11084,Subsystem B,Sensor H,5.128
11085,Subsystem D,Sensor O,-2.572
11086,Subsystem D,Sensor N,-1.098
11087,Subsystem C,Sensor I,11.351
11088,Subsystem B,Sensor E,9.756
11089,Subsystem A,Sensor A,7.641
11090,Subsystem A,Sensor A,7.264
11091,Subsystem D,Sensor P,-0.187
11092,Subsystem D,Sensor N,-1.864
11093,Subsystem A,Sensor D,1.651
11094,Subsystem A,Sensor B,1.371
11095,Subsystem C,Sensor K,5.508
11096,Subsystem B,Sensor F,13.560
11097,Subsystem C,Sensor I,9.533
11098,Subsystem C,Sensor J,1.597
11099,Subsystem D,Sensor P,-1.567
11100,Subsystem C,Sensor J,1.440
11101,Subsystem D,Sensor P,-1.163
11102,Subsystem D,Sensor P,-0.217
11103,Subsystem D,Sensor N,-1.298
11104,Subsystem D,Sensor P,-1.226
11105,Subsystem C,Sensor I,12.248
11106,Subsystem C,Sensor K,4.645
11107,Subsystem B,Sensor G,13.987
11108,Subsystem D,Sensor N,-2.499
11109,Subsystem C,Sensor K,4.581
11110,Subsystem A,Sensor B,1.285
11111,Subsystem D,Sensor N,-0.419
11112,Subsystem A,Sensor C,7.488
11113,Subsystem D,Sensor P,-1.497
11114,Subsystem C,Sensor I,8.031
11115,Subsystem D,Sensor M,-2.991
11116,Subsystem C,Sensor I,12.381
11117,Subsystem B,Sensor E,10.598
11118,Subsystem B,Sensor G,14.698
11119,Subsystem D,Sensor P,-0.887
11120,Subsystem B,Sensor F,14.704
11121,Subsystem D,Sensor O,-2.715
11122,Subsystem D,Sensor P,-0.289
11123,Subsystem B,Sensor G,12.431
11124,Subsystem C,Sensor L,7.978
11125,Subsystem A,Sensor C,7.435
11126,Subsystem A,Sensor A,7.535
11127,Subsystem C,Sensor J,1.072
11128,Subsystem C,Sensor K,5.347
11129,Subsystem A,Sensor B,1.212
11130,Subsystem A,Sensor D,2.460
11131,Subsystem A,Sensor B,1.187
11132,Subsystem B,Sensor F,13.669
11133,Subsystem A,Sensor B,1.533
11134,Subsystem A,Sensor C,7.369
11135,Subsystem D,Sensor M,-3.000
11136,Subsystem B,Sensor G,12.311
11137,Subsystem D,Sensor N,-1.855
11138,Subsystem D,Sensor O,-2.416
11139,Subsystem D,Sensor P,-1.003
11140,Subsystem C,Sensor L,8.623
11141,Subsystem B,Sensor E,10.470
11142,Subsystem D,Sensor O,-1.073
11143,Subsystem A,Sensor A,7.277
11144,Subsystem D,Sensor O,-2.299
11145,Subsystem B,Sensor E,10.899
11146,Subsystem C,Sensor K,5.583
11147,Subsystem B,Sensor F,14.231
11148,Subsystem A,Sensor D,1.290
11149,Subsystem B,Sensor F,14.965
11150,Subsystem C,Sensor J,2.092
11151,Subsystem C,Sensor I,9.176
11152,Subsystem C,Sensor J,1.757
11153,Subsystem D,Sensor N,-1.423
11154,Subsystem D,Sensor M,-2.828
11155,Subsystem A,Sensor A,7.813
11156,Subsystem A,Sensor A,4.713
11157,Subsystem A,Sensor B,1.000
11158,Subsystem D,Sensor M,-2.093
11159,Subsystem B,Sensor H,5.482
11160,Subsystem B,Sensor H,5.978
11161,Subsystem D,Sensor P,-0.132
11162,Subsystem C,Sensor J,1.950
11163,Subsystem D,Sensor N,-1.131
11164,Subsystem A,Sensor A,8.571
11165,Subsystem C,Sensor I,8.704
11166,Subsystem C,Sensor I,11.030
11167,Subsystem B,Sensor G,15.000
11168,Subsystem B,Sensor G,13.767
11169,Subsystem A,Sensor B,1.770
11170,Subsystem D,Sensor M,-2.928
11171,Subsystem A,Sensor C,8.192
11172,Subsystem B,Sensor G,14.220
11173,Subsystem B,Sensor E,9.754
11174,Subsystem C,Sensor L,8.934
11175,Subsystem C,Sensor K,6.538
11176,Subsystem C,Sensor J,2.041
11177,Subsystem C,Sensor L,9.045
11178,Subsystem D,Sensor P,-2.319
11179,Subsystem B,Sensor F,11.110
11180,Subsystem C,Sensor K,4.473
11181,Subsystem D,Sensor P,-1.325
11182,Subsystem A,Sensor C,4.844
11183,Subsystem B,Sensor E,9.915
11184,Subsystem D,Sensor N,-1.346
11185,Subsystem A,Sensor C,7.422
11186,Subsystem D,Sensor N,-1.355
11187,Subsystem A,Sensor C,7.891
11188,Subsystem B,Sensor G,14.967
11189,Subsystem D,Sensor P,-0.980
11190,Subsystem B,Sensor G,14.300
11191,Subsystem A,Sensor C,3.898
11192,Subsystem A,Sensor C,3.242
11193,Subsystem A,Sensor D,2.650
11194,Subsystem B,Sensor H,6.106
11195,Subsystem C,Sensor L,8.987
11196,Subsystem D,Sensor O,-2.505
11197,Subsystem A,Sensor C,5.289
11198,Subsystem D,Sensor N,-1.435
11199,Subsystem A,Sensor C,8.107
11200,Subsystem C,Sensor L,8.518
11201,Subsystem D,Sensor P,-1.036
11202,Subsystem A,Sensor D,3.432
11203,Subsystem B,Sensor E,10.838
11204,Subsystem A,Sensor D,3.444
11205,Subsystem C,Sensor J,1.424
11206,Subsystem C,Sensor L,10.584
11207,Subsystem D,Sensor N,-2.107
11208,Subsystem C,Sensor K,5.935
11209,Subsystem D,Sensor N,-1.585
11210,Subsystem D,Sensor N,-2.170
11211,Subsystem A,Sensor D,2.129
11212,Subsystem C,Sensor J,2.003
11213,Subsystem C,Sensor L,8.417
11214,Subsystem A,Sensor D,2.415
11215,Subsystem B,Sensor E,8.921
11216,Subsystem C,Sensor L,8.057
11217,Subsystem A,Sensor C,4.117
11218,Subsystem C,Sensor J,1.588
11219,Subsystem B,Sensor E,11.499
11220,Subsystem B,Sensor H,5.954
11221,Subsystem A,Sensor C,8.146
11222,Subsystem D,Sensor M,-1.689
11223,Subsystem B,Sensor H,5.568
11224,Subsystem D,Sensor N,-1.265
11225,Subsystem D,Sensor P,-1.358
11226,Subsystem D,Sensor P,-1.359
11227,Subsystem D,Sensor N,-1.426
11228,Subsystem D,Sensor P,-0.195
11229,Subsystem D,Sensor P,-1.389
11230,Subsystem D,Sensor O,-2.717
11231,Subsystem B,Sensor G,13.261
11232,Subsystem B,Sensor E,10.777
11233,Subsystem A,Sensor A,8.821
11234,Subsystem D,Sensor M,-2.741
11235,Subsystem D,Sensor N,-2.418
11236,Subsystem B,Sensor G,13.295
11237,Subsystem A,Sensor A,9.078
11238,Subsystem B,Sensor H,5.304
11239,Subsystem C,Sensor I,7.700
11240,Subsystem A,Sensor C,7.514
11241,Subsystem D,Sensor M,-2.103
11242,Subsystem B,Sensor F,13.513
11243,Subsystem B,Sensor G,14.201
11244,Subsystem A,Sensor B,1.000
11245,Subsystem C,Sensor I,7.927
11246,Subsystem D,Sensor P,-0.370
11247,Subsystem A,Sensor A,10.121
11248,Subsystem B,Sensor E,12.444
11249,Subsystem B,Sensor F,10.640
11250,Subsystem B,Sensor E,9.209
11251,Subsystem D,Sensor N,-0.930
11252,Subsystem B,Sensor H,3.041
11253,Subsystem D,Sensor N,-1.420
11254,Subsystem D,Sensor M,-2.830
11255,Subsystem C,Sensor J,2.815
11256,Subsystem D,Sensor O,-1.066
11257,Subsystem D,Sensor N,-1.880
11258,Subsystem D,Sensor O,-2.429
11259,Subsystem A,Sensor C,5.829
11260,Subsystem A,Sensor A,10.280
11261,Subsystem D,Sensor M,-2.595
11262,Subsystem C,Sensor L,7.894
11263,Subsystem D,Sensor M,-2.745
11264,Subsystem A,Sensor A,7.684
11265,Subsystem D,Sensor O,-2.329
11266,Subsystem B,Sensor F,13.739
11267,Subsystem D,Sensor N,-2.236
11268,Subsystem B,Sensor G,12.415
11269,Subsystem C,Sensor I,9.478
11270,Subsystem C,Sensor I,7.679
11271,Subsystem A,Sensor D,1.969
11272,Subsystem B,Sensor G,14.526
11273,Subsystem A,Sensor D,2.934
11274,Subsystem B,Sensor H,3.629
11275,Subsystem A,Sensor A,6.065
11276,Subsystem A,Sensor D,2.785
11277,Subsystem C,Sensor L,9.822
11278,Subsystem B,Sensor G,14.768
11279,Subsystem D,Sensor O,-2.592
11280,Subsystem C,Sensor K,5.565
11281,Subsystem D,Sensor P,0.000
11282,Subsystem D,Sensor O,-0.724
11283,Subsystem B,Sensor E,9.796
11284,Subsystem B,Sensor G,14.282
11285,Subsystem A,Sensor C,6.732
11286,Subsystem A,Sensor A,8.985
11287,Subsystem C,Sensor K,5.069
11288,Subsystem D,Sensor P,-0.048
11289,Subsystem A,Sensor A,8.413
11290,Subsystem B,Sensor G,14.960
11291,Subsystem A,Sensor A,7.877
11292,Subsystem D,Sensor M,-2.792
11293,Subsystem A,Sensor B,1.355
11294,Subsystem C,Sensor J,1.962
11295,Subsystem A,Sensor C,3.533
11296,Subsystem B,Sensor F,11.879
11297,Subsystem A,Sensor B,1.332
11298,Subsystem D,Sensor M,-1.951
11299,Subsystem A,Sensor A,7.457
11300,Subsystem C,Sensor I,9.863
11301,Subsystem B,Sensor F,14.071
11302,Subsystem B,Sensor E,9.192
11303,Subsystem B,Sensor F,14.775
11304,Subsystem B,Sensor F,11.644
11305,Subsystem A,Sensor B,1.966
11306,Subsystem D,Sensor O,-0.809
11307,Subsystem C,Sensor K,7.593
11308,Subsystem D,Sensor M,-2.350
11309,Subsystem B,Sensor G,13.789
11310,Subsystem C,Sensor L,9.711
11311,Subsystem D,Sensor N,-2.362
11312,Subsystem D,Sensor M,-2.205
11313,Subsystem D,Sensor N,-2.532
11314,Subsystem A,Sensor B,1.303
11315,Subsystem A,Sensor A,8.047
11316,Subsystem C,Sensor K,5.091
11317,Subsystem B,Sensor H,5.851
11318,Subsystem B,Sensor G,15.000
11319,Subsystem B,Sensor H,4.652
11320,Subsystem C,Sensor K,8.350
11321,Subsystem A,Sensor B,1.725
11322,Subsystem D,Sensor O,-2.428
11323,Subsystem B,Sensor G,13.833
11324,Subsystem B,Sensor E,9.561
11325,Subsystem A,Sensor B,1.463
11326,Subsystem B,Sensor H,6.771
11327,Subsystem A,Sensor D,3.664
11328,Subsystem D,Sensor O,-2.056
11329,Subsystem A,Sensor C,8.398
11330,Subsystem D,Sensor P,-0.778
11331,Subsystem D,Sensor N,-1.611
11332,Subsystem A,Sensor A,8.962
11333,Subsystem D,Sensor N,-1.947
11334,Subsystem C,Sensor I,8.295
11335,Subsystem A,Sensor C,5.448
11336,Subsystem C,Sensor I,12.299
11337,Subsystem D,Sensor O,-2.101
11338,Subsystem A,Sensor D,1.181
11339,Subsystem A,Sensor C,8.354
11340,Subsystem C,Sensor L,9.304
11341,Subsystem D,Sensor O,-2.149
11342,Subsystem D,Sensor M,-2.467
11343,Subsystem A,Sensor C,8.000
11344,Subsystem C,Sensor J,2.255
11345,Subsystem B,Sensor G,14.071
11346,Subsystem B,Sensor H,6.046
11347,Subsystem C,Sensor I,11.125
11348,Subsystem D,Sensor P,-0.572
11349,Subsystem D,Sensor N,-1.169
11350,Subsystem D,Sensor M,-2.896
11351,Subsystem C,Sensor I,8.959
11352,Subsystem B,Sensor E,8.939
11353,Subsystem C,Sensor J,1.118
11354,Subsystem B,Sensor F,14.814
11355,Subsystem B,Sensor E,11.343
11356,Subsystem D,Sensor M,-2.649
11357,Subsystem B,Sensor H,6.002
11358,Subsystem A,Sensor D,3.006
11359,Subsystem C,Sensor L,10.126
11360,Subsystem B,Sensor G,13.163
11361,Subsystem C,Sensor K,4.466
11362,Subsystem C,Sensor L,10.144
11363,Subsystem C,Sensor K,4.587
11364,Subsystem A,Sensor A,8.884
11365,Subsystem C,Sensor I,9.826
11366,Subsystem A,Sensor C,3.746
11367,Subsystem A,Sensor B,1.196
11368,Subsystem B,Sensor G,14.155
11369,Subsystem D,Sensor M,-2.662
11370,Subsystem C,Sensor J,2.870
11371,Subsystem D,Sensor M,-1.953
11372,Subsystem A,Sensor D,1.861
11373,Subsystem D,Sensor M,-1.799
11374,Subsystem B,Sensor E,12.422
11375,Subsystem C,Sensor L,8.834
11376,Subsystem B,Sensor H,6.184
11377,Subsystem C,Sensor J,1.030
11378,Subsystem D,Sensor M,-3.000
11379,Subsystem D,Sensor P,-0.353
11380,Subsystem C,Sensor I,12.180
11381,Subsystem D,Sensor P,-1.597
11382,Subsystem B,Sensor H,6.998
11383,Subsystem A,Sensor A,7.865
11384,Subsystem D,Sensor P,-1.168
11385,Subsystem A,Sensor B,2.244
11386,Subsystem A,Sensor D,3.658
11387,Subsystem A,Sensor C,4.025
11388,Subsystem A,Sensor C,6.798
11389,Subsystem D,Sensor O,-2.698
11390,Subsystem B,Sensor H,3.338
11391,Subsystem C,Sensor I,8.149
11392,Subsystem A,Sensor D,2.559
11393,Subsystem C,Sensor K,6.679
11394,Subsystem D,Sensor N,-1.234
11395,Subsystem C,Sensor K,7.555
11396,Subsystem B,Sensor F,11.177
11397,Subsystem C,Sensor L,9.352
11398,Subsystem B,Sensor G,14.903
11399,Subsystem C,Sensor L,8.737
11400,Subsystem D,Sensor O,-2.680
11401,Subsystem C,Sensor L,7.877
11402,Subsystem C,Sensor K,7.576
11403,Subsystem D,Sensor P,-1.005
11404,Subsystem B,Sensor E,11.476
11405,Subsystem D,Sensor O,-2.178
11406,Subsystem A,Sensor D,2.268
11407,Subsystem B,Sensor E,10.116
11408,Subsystem C,Sensor L,9.119
11409,Subsystem C,Sensor J,2.261
11410,Subsystem B,Sensor F,13.925
11411,Subsystem D,Sensor P,-1.083
11412,Subsystem C,Sensor J,1.269
11413,Subsystem C,Sensor J,1.241
11414,Subsystem B,Sensor G,14.535
11415,Subsystem A,Sensor C,5.412
11416,Subsystem B,Sensor G,13.023
11417,Subsystem D,Sensor O,-2.546
11418,Subsystem A,Sensor D,1.146
11419,Subsystem D,Sensor N,-2.451
11420,Subsystem B,Sensor G,14.669
11421,Subsystem A,Sensor A,5.295
11422,Subsystem A,Sensor B,1.000
11423,Subsystem A,Sensor D,3.344
11424,Subsystem D,Sensor P,-0.515
11425,Subsystem B,Sensor E,9.096
11426,Subsystem C,Sensor J,1.179
11427,Subsystem C,Sensor J,1.179
11428,Subsystem A,Sensor C,7.256
11429,Subsystem C,Sensor J,2.667
11430,Subsystem A,Sensor D,2.170
11431,Subsystem A,Sensor A,8.927
11432,Subsystem C,Sensor K,4.742
11433,Subsystem C,Sensor J,2.204
11434,Subsystem D,Sensor M,-2.843
11435,Subsystem B,Sensor E,10.854
11436,Subsystem C,Sensor J,1.000
11437,Subsystem C,Sensor L,8.206
11438,Subsystem A,Sensor C,5.623
11439,Subsystem C,Sensor J,1.482
11440,Subsystem D,Sensor M,-3.000
11441,Subsystem D,Sensor N,-1.426
11442,Subsystem C,Sensor J,1.505
11443,Subsystem B,Sensor G,13.521
11444,Subsystem C,Sensor L,10.119
11445,Subsystem C,Sensor J,1.896
11446,Subsystem A,Sensor C,6.150
11447,Subsystem B,Sensor F,11.636
11448,Subsystem B,Sensor G,12.024
11449,Subsystem B,Sensor E,13.006
11450,Subsystem C,Sensor J,1.323
11451,Subsystem A,Sensor D,3.311
11452,Subsystem D,Sensor M,-2.966
11453,Subsystem A,Sensor D,2.116
11454,Subsystem D,Sensor O,-2.736
11455,Subsystem B,Sensor G,14.052
11456,Subsystem B,Sensor E,9.386
11457,Subsystem A,Sensor C,5.186
11458,Subsystem D,Sensor P,-0.410
11459,Subsystem A,Sensor D,2.966
11460,Subsystem A,Sensor A,7.645
11461,Subsystem A,Sensor C,6.954
11462,Subsystem A,Sensor A,7.621
11463,Subsystem B,Sensor H,6.240
11464,Subsystem D,Sensor M,-3.000
11465,Subsystem C,Sensor L,7.737
11466,Subsystem C,Sensor J,1.401
11467,Subsystem C,Sensor L,9.125
11468,Subsystem D,Sensor P,-0.578
11469,Subsystem C,Sensor L,9.950
11470,Subsystem B,Sensor F,10.518
11471,Subsystem D,Sensor M,-3.000
11472,Subsystem D,Sensor M,-2.932
11473,Subsystem C,Sensor K,7.796
11474,Subsystem C,Sensor I,9.657
11475,Subsystem C,Sensor L,9.828
11476,Subsystem B,Sensor F,13.971
11477,Subsystem C,Sensor I,9.358
11478,Subsystem B,Sensor G,12.749
11479,Subsystem C,Sensor L,10.450
11480,Subsystem D,Sensor O,-0.726
11481,Subsystem D,Sensor O,-1.991
11482,Subsystem C,Sensor K,7.748
11483,Subsystem D,Sensor M,-1.725
11484,Subsystem B,Sensor G,12.392
11485,Subsystem D,Sensor O,-1.251
11486,Subsystem C,Sensor I,11.952
11487,Subsystem D,Sensor O,-1.536
11488,Subsystem D,Sensor O,-2.427
11489,Subsystem C,Sensor L,8.454
11490,Subsystem D,Sensor M,-2.668
11491,Subsystem C,Sensor K,7.628
11492,Subsystem C,Sensor J,2.178
11493,Subsystem D,Sensor M,-2.458
11494,Subsystem D,Sensor O,-2.573
11495,Subsystem B,Sensor G,15.000
11496,Subsystem C,Sensor L,8.049
11497,Subsystem C,Sensor J,1.780
11498,Subsystem C,Sensor L,8.241
11499,Subsystem C,Sensor I,11.909
11500,Subsystem B,Sensor G,14.349
11501,Subsystem A,Sensor D,1.669
11502,Subsystem C,Sensor K,6.440
11503,Subsystem A,Sensor C,6.188
11504,Subsystem B,Sensor E,10.986
11505,Subsystem D,Sensor N,-2.405
11506,Subsystem B,Sensor E,10.576
11507,Subsystem D,Sensor M,-1.638
11508,Subsystem C,Sensor J,2.404
11509,Subsystem A,Sensor D,1.113
11510,Subsystem D,Sensor M,-1.402
11511,Subsystem A,Sensor B,1.074
11512,Subsystem B,Sensor H,6.607
11513,Subsystem A,Sensor D,2.012
11514,Subsystem B,Sensor G,14.626
11515,Subsystem B,Sensor H,5.509
11516,Subsystem B,Sensor H,4.515
11517,Subsystem A,Sensor B,1.114
11518,Subsystem B,Sensor E,9.379
11519,Subsystem B,Sensor H,4.021
11520,Subsystem D,Sensor O,-1.434
11521,Subsystem A,Sensor D,2.075
11522,Subsystem A,Sensor A,7.427
11523,Subsystem A,Sensor A,8.492
11524,Subsystem B,Sensor F,11.393
11525,Subsystem C,Sensor K,4.707
11526,Subsystem B,Sensor H,4.092
11527,Subsystem D,Sensor N,-2.234
11528,Subsystem B,Sensor H,5.856
11529,Subsystem B,Sensor G,14.801
11530,Subsystem A,Sensor D,2.945
11531,Subsystem A,Sensor A,9.097
11532,Subsystem A,Sensor B,1.221
11533,Subsystem D,Sensor P,-0.866
11534,Subsystem B,Sensor H,5.616
11535,Subsystem D,Sensor M,-2.014
11536,Subsystem C,Sensor J,1.159
11537,Subsystem D,Sensor M,-2.934
11538,Subsystem D,Sensor N,0.000
11539,Subsystem C,Sensor I,9.456
11540,Subsystem A,Sensor C,5.420
11541,Subsystem D,Sensor O,-0.982
11542,Subsystem C,Sensor J,2.326
11543,Subsystem C,Sensor K,5.356
11544,Subsystem D,Sensor O,-1.564
11545,Subsystem C,Sensor K,5.065
11546,Subsystem D,Sensor M,-2.757
11547,Subsystem B,Sensor E,9.268
11548,Subsystem A,Sensor B,1.353
11549,Subsystem A,Sensor A,6.606
11550,Subsystem B,Sensor H,5.421
11551,Subsystem C,Sensor K,6.593
11552,Subsystem B,Sensor E,9.111
11553,Subsystem B,Sensor F,13.745
11554,Subsystem D,Sensor M,-1.613
11555,Subsystem A,Sensor D,1.234
11556,Subsystem B,Sensor H,6.090
11557,Subsystem D,Sensor O,-1.632
11558,Subsystem C,Sensor K,7.522
11559,Subsystem A,Sensor A,7.670
11560,Subsystem D,Sensor N,-2.073
11561,Subsystem D,Sensor P,-0.243
11562,Subsystem B,Sensor H,5.550
11563,Subsystem D,Sensor P,0.000
11564,Subsystem B,Sensor G,13.291
11565,Subsystem B,Sensor G,14.131
11566,Subsystem B,Sensor F,11.290
11567,Subsystem B,Sensor E,12.246
11568,Subsystem B,Sensor E,10.674
11569,Subsystem C,Sensor I,9.632
11570,Subsystem C,Sensor L,8.590
11571,Subsystem B,Sensor E,12.724
11572,Subsystem D,Sensor N,-1.509
11573,Subsystem D,Sensor P,-2.483
11574,Subsystem A,Sensor D,1.527
11575,Subsystem C,Sensor L,10.227
11576,Subsystem B,Sensor E,9.806
11577,Subsystem C,Sensor I,10.455
11578,Subsystem B,Sensor G,13.854
11579,Subsystem D,Sensor N,-0.794
11580,Subsystem D,Sensor N,0.000
11581,Subsystem B,Sensor G,13.904
11582,Subsystem A,Sensor B,1.058
11583,Subsystem C,Sensor L,8.388
11584,Subsystem A,Sensor D,3.030
11585,Subsystem A,Sensor D,3.460
11586,Subsystem C,Sensor I,7.187
11587,Subsystem C,Sensor I,10.221
11588,Subsystem B,Sensor E,9.848
11589,Subsystem B,Sensor E,9.984
11590,Subsystem D,Sensor O,-2.208
11591,Subsystem A,Sensor A,7.847
11592,Subsystem D,Sensor P,-0.883
11593,Subsystem C,Sensor J,1.496
11594,Subsystem B,Sensor E,11.017
11595,Subsystem A,Sensor C,8.209
11596,Subsystem A,Sensor B,1.000
11597,Subsystem C,Sensor L,9.829
11598,Subsystem A,Sensor A,7.158
11599,Subsystem D,Sensor O,-2.330
11600,Subsystem D,Sensor N,-2.093
11601,Subsystem B,Sensor F,13.613
11602,Subsystem B,Sensor G,14.899
11603,Subsystem C,Sensor J,1.629
11604,Subsystem A,Sensor D,2.968
11605,Subsystem B,Sensor G,14.829
11606,Subsystem D,Sensor N,-2.234
11607,Subsystem C,Sensor J,1.076
11608,Subsystem D,Sensor O,-1.030
11609,Subsystem B,Sensor H,4.779
11610,Subsystem D,Sensor M,-2.047
11611,Subsystem D,Sensor M,-2.630
11612,Subsystem C,Sensor K,5.692
11613,Subsystem C,Sensor I,11.771
11614,Subsystem C,Sensor J,1.000
11615,Subsystem B,Sensor H,4.434
11616,Subsystem A,Sensor D,3.632
11617,Subsystem B,Sensor G,14.914
11618,Subsystem C,Sensor L,10.007
11619,Subsystem B,Sensor H,4.244
11620,Subsystem C,Sensor I,9.034
11621,Subsystem A,Sensor D,3.262
11622,Subsystem D,Sensor M,-2.854
11623,Subsystem D,Sensor P,-0.524
11624,Subsystem A,Sensor B,1.013
11625,Subsystem D,Sensor O,-2.348
11626,Subsystem A,Sensor C,7.604
11627,Subsystem B,Sensor F,11.512
11628,Subsystem D,Sensor O,-2.143
11629,Subsystem C,Sensor L,9.103
11630,Subsystem C,Sensor L,8.941
11631,Subsystem A,Sensor A,9.324
11632,Subsystem C,Sensor L,9.199
11633,Subsystem D,Sensor M,-2.662
11634,Subsystem A,Sensor A,10.190
11635,Subsystem B,Sensor H,5.411
11636,Subsystem A,Sensor D,1.789
11637,Subsystem A,Sensor A,7.152
11638,Subsystem C,Sensor L,7.589
11639,Subsystem D,Sensor M,-2.345
11640,Subsystem D,Sensor M,-1.809
11641,Subsystem C,Sensor L,8.502
11642,Subsystem A,Sensor A,9.212
11643,Subsystem A,Sensor C,6.980
11644,Subsystem A,Sensor A,8.759
11645,Subsystem B,Sensor H,6.511
11646,Subsystem C,Sensor J,1.000
11647,Subsystem A,Sensor C,8.307
11648,Subsystem B,Sensor F,14.189
11649,Subsystem B,Sensor F,11.068
11650,Subsystem D,Sensor M,-2.522
11651,Subsystem D,Sensor P,-2.153
11652,Subsystem C,Sensor J,2.357
11653,Subsystem C,Sensor K,5.621
11654,Subsystem B,Sensor F,11.049
11655,Subsystem A,Sensor D,1.939
11656,Subsystem B,Sensor G,14.219
11657,Subsystem A,Sensor D,1.636
11658,Subsystem D,Sensor P,-0.381
11659,Subsystem B,Sensor H,5.611
11660,Subsystem A,Sensor B,1.332
11661,Subsystem B,Sensor G,13.043
11662,Subsystem A,Sensor A,7.413
11663,Subsystem D,Sensor O,-1.715
11664,Subsystem A,Sensor D,2.399
11665,Subsystem C,Sensor I,8.741
11666,Subsystem D,Sensor M,-2.560
11667,Subsystem A,Sensor C,7.195
11668,Subsystem A,Sensor B,1.102
11669,Subsystem C,Sensor K,5.197
11670,Subsystem B,Sensor F,13.982
11671,Subsystem A,Sensor B,1.137
11672,Subsystem B,Sensor G,14.901
11673,Subsystem B,Sensor F,10.628
11674,Subsystem C,Sensor I,12.225
11675,Subsystem A,Sensor B,1.185
11676,Subsystem A,Sensor A,7.844
11677,Subsystem D,Sensor M,-2.283
11678,Subsystem B,Sensor G,14.561
11679,Subsystem C,Sensor I,9.452
11680,Subsystem A,Sensor C,7.508
11681,Subsystem B,Sensor F,14.698
11682,Subsystem B,Sensor F,10.724
11683,Subsystem C,Sensor L,10.207
11684,Subsystem C,Sensor L,8.871
11685,Subsystem B,Sensor H,3.977
11686,Subsystem A,Sensor A,7.098
11687,Subsystem C,Sensor I,11.361
11688,Subsystem A,Sensor B,1.310
11689,Subsystem D,Sensor O,-2.256
11690,Subsystem C,Sensor J,1.079
11691,Subsystem D,Sensor O,-1.045
11692,Subsystem B,Sensor E,10.730
11693,Subsystem A,Sensor A,7.780
11694,Subsystem B,Sensor E,11.159
11695,Subsystem C,Sensor L,9.058
11696,Subsystem B,Sensor H,3.936
11697,Subsystem A,Sensor D,3.573
11698,Subsystem A,Sensor D,1.609
11699,Subsystem C,Sensor L,9.838
11700,Subsystem B,Sensor F,13.899
11701,Subsystem C,Sensor K,7.180
11702,Subsystem C,Sensor L,8.889
11703,Subsystem C,Sensor K,5.651
11704,Subsystem D,Sensor N,-1.168
11705,Subsystem D,Sensor N,-1.648
11706,Subsystem C,Sensor L,8.837
11707,Subsystem A,Sensor C,4.139
11708,Subsystem A,Sensor B,1.000
11709,Subsystem B,Sensor E,12.660
11710,Subsystem B,Sensor H,6.665
11711,Subsystem B,Sensor F,13.120
11712,Subsystem D,Sensor M,-1.788
11713,Subsystem B,Sensor G,14.875
11714,Subsystem C,Sensor K,4.756
11715,Subsystem D,Sensor M,-2.512
11716,Subsystem C,Sensor I,10.877
11717,Subsystem B,Sensor F,13.674
11718,Subsystem D,Sensor M,-2.223
11719,Subsystem A,Sensor B,1.187
11720,Subsystem C,Sensor L,8.216
11721,Subsystem B,Sensor H,5.882
11722,Subsystem C,Sensor K,5.997
11723,Subsystem B,Sensor H,6.492
11724,Subsystem C,Sensor I,7.931
11725,Subsystem D,Sensor M,-2.054
11726,Subsystem B,Sensor E,12.284
11727,Subsystem D,Sensor N,-1.381
11728,Subsystem A,Sensor C,8.203
11729,Subsystem A,Sensor B,1.391
11730,Subsystem A,Sensor C,6.102
11731,Subsystem A,Sensor C,7.521
11732,Subsystem D,Sensor M,-2.842
11733,Subsystem B,Sensor E,9.734
11734,Subsystem B,Sensor H,6.775
11735,Subsystem D,Sensor M,-2.943
11736,Subsystem C,Sensor J,1.426
11737,Subsystem C,Sensor K,7.799
11738,Subsystem D,Sensor M,-2.894
11739,Subsystem D,Sensor O,-0.633
11740,Subsystem D,Sensor M,-1.831
11741,Subsystem D,Sensor M,-2.580
11742,Subsystem C,Sensor I,7.652
11743,Subsystem A,Sensor D,2.227
11744,Subsystem A,Sensor C,3.510
11745,Subsystem B,Sensor F,10.794
11746,Subsystem C,Sensor J,1.320
11747,Subsystem B,Sensor F,12.107
11748,Subsystem A,Sensor D,1.579
11749,Subsystem C,Sensor J,1.127
11750,Subsystem B,Sensor H,3.776
11751,Subsystem D,Sensor N,-1.189
11752,Subsystem A,Sensor D,2.776
11753,Subsystem D,Sensor O,-0.947
11754,Subsystem C,Sensor L,8.697
11755,Subsystem B,Sensor H,3.212
11756,Subsystem C,Sensor K,6.350
11757,Subsystem A,Sensor B,1.059
11758,Subsystem A,Sensor A,7.453
11759,Subsystem A,Sensor C,7.073
11760,Subsystem D,Sensor O,-2.218
11761,Subsystem A,Sensor D,1.562
11762,Subsystem B,Sensor E,10.694
11763,Subsystem C,Sensor L,8.283
11764,Subsystem C,Sensor I,9.277
11765,Subsystem D,Sensor P,-0.014
11766,Subsystem B,Sensor F,14.964
11767,Subsystem C,Sensor L,9.642
11768,Subsystem A,Sensor A,9.093
11769,Subsystem B,Sensor H,5.546
11770,Subsystem B,Sensor F,11.889
11771,Subsystem B,Sensor E,9.459
11772,Subsystem D,Sensor N,-0.376
11773,Subsystem A,Sensor C,8.058
11774,Subsystem D,Sensor O,-0.842
11775,Subsystem A,Sensor A,8.854
11776,Subsystem D,Sensor P,0.000
11777,Subsystem B,Sensor F,10.556
11778,Subsystem A,Sensor D,1.054
11779,Subsystem A,Sensor D,3.402
11780,Subsystem A,Sensor B,2.069
11781,Subsystem D,Sensor N,-1.969
11782,Subsystem D,Sensor N,-2.429
11783,Subsystem B,Sensor H,5.817
11784,Subsystem A,Sensor C,7.631
11785,Subsystem B,Sensor H,4.958
11786,Subsystem B,Sensor F,13.874
11787,Subsystem D,Sensor M,-2.310
11788,Subsystem C,Sensor K,7.777
11789,Subsystem B,Sensor F,14.663
11790,Subsystem A,Sensor D,3.008
11791,Subsystem B,Sensor G,13.050
11792,Subsystem B,Sensor G,14.728
11793,Subsystem D,Sensor N,-1.448
11794,Subsystem C,Sensor K,5.658
11795,Subsystem C,Sensor L,7.766
11796,Subsystem A,Sensor C,3.921
11797,Subsystem A,Sensor D,3.423
11798,Subsystem C,Sensor K,7.380
11799,Subsystem D,Sensor N,-0.592
11800,Subsystem D,Sensor O,-1.287
11801,Subsystem C,Sensor J,1.418
11802,Subsystem B,Sensor F,14.228
11803,Subsystem B,Sensor G,12.321
11804,Subsystem D,Sensor O,-1.652
11805,Subsystem B,Sensor F,12.998
11806,Subsystem C,Sensor K,3.630
11807,Subsystem C,Sensor I,8.277
11808,Subsystem B,Sensor E,9.280
11809,Subsystem A,Sensor C,4.041
11810,Subsystem D,Sensor P,-0.911
11811,Subsystem B,Sensor E,9.922
11812,Subsystem D,Sensor O,-1.597
11813,Subsystem A,Sensor D,3.039
11814,Subsystem A,Sensor C,6.755
11815,Subsystem D,Sensor O,-2.177
11816,Subsystem D,Sensor O,-2.754
11817,Subsystem D,Sensor M,-1.688
11818,Subsystem A,Sensor D,3.516
11819,Subsystem B,Sensor E,8.954
11820,Subsystem A,Sensor A,9.584
11821,Subsystem A,Sensor A,9.881
11822,Subsystem C,Sensor J,2.522
11823,Subsystem C,Sensor L,8.812
11824,Subsystem A,Sensor D,2.363
11825,Subsystem A,Sensor D,2.437
11826,Subsystem C,Sensor L,10.872
11827,Subsystem A,Sensor D,2.461
11828,Subsystem D,Sensor P,0.000
11829,Subsystem A,Sensor C,4.308
11830,Subsystem B,Sensor H,3.013
11831,Subsystem D,Sensor M,-1.984
11832,Subsystem C,Sensor J,1.404
11833,Subsystem B,Sensor F,10.605
11834,Subsystem D,Sensor N,-1.083
11835,Subsystem A,Sensor C,4.597
11836,Subsystem D,Sensor O,-0.733
11837,Subsystem A,Sensor C,3.695
11838,Subsystem D,Sensor P,-0.085
11839,Subsystem D,Sensor P,-1.427
11840,Subsystem B,Sensor E,10.067
11841,Subsystem C,Sensor I,7.760
11842,Subsystem C,Sensor I,11.526
11843,Subsystem A,Sensor A,7.281
11844,Subsystem B,Sensor F,14.549
11845,Subsystem C,Sensor K,5.442
11846,Subsystem D,Sensor N,-1.440
11847,Subsystem B,Sensor F,14.624
11848,Subsystem C,Sensor J,2.170
11849,Subsystem B,Sensor E,10.987
11850,Subsystem A,Sensor A,8.947
11851,Subsystem A,Sensor B,1.145
11852,Subsystem B,Sensor F,11.116
11853,Subsystem B,Sensor F,14.914
11854,Subsystem D,Sensor P,0.000
11855,Subsystem B,Sensor E,10.676
11856,Subsystem D,Sensor N,-1.343
11857,Subsystem D,Sensor M,-2.712
11858,Subsystem C,Sensor J,1.527
11859,Subsystem A,Sensor D,3.503
11860,Subsystem D,Sensor P,-0.412
11861,Subsystem B,Sensor H,5.587
11862,Subsystem A,Sensor B,2.660
11863,Subsystem C,Sensor I,12.024
11864,Subsystem A,Sensor D,3.273
11865,Subsystem B,Sensor F,11.631
11866,Subsystem D,Sensor M,-2.357
11867,Subsystem B,Sensor G,13.621
11868,Subsystem A,Sensor C,7.043
11869,Subsystem A,Sensor C,5.478
11870,Subsystem B,Sensor H,3.979
11871,Subsystem D,Sensor P,-0.072
11872,Subsystem C,Sensor L,8.935
11873,Subsystem C,Sensor J,1.077
11874,Subsystem B,Sensor F,11.406
11875,Subsystem B,Sensor E,10.587
11876,Subsystem D,Sensor M,-2.095
11877,Subsystem C,Sensor L,9.284
11878,Subsystem B,Sensor F,13.980
11879,Subsystem D,Sensor P,-2.309
11880,Subsystem D,Sensor M,-2.074
11881,Subsystem D,Sensor O,-2.036
11882,Subsystem C,Sensor J,1.165
11883,Subsystem C,Sensor I,7.601
11884,Subsystem A,Sensor B,2.269
11885,Subsystem D,Sensor P,-0.295
11886,Subsystem B,Sensor E,12.149
11887,Subsystem C,Sensor K,7.277
11888,Subsystem D,Sensor O,-0.985
11889,Subsystem D,Sensor P,-1.028
11890,Subsystem B,Sensor F,13.177
11891,Subsystem B,Sensor G,12.339
11892,Subsystem D,Sensor M,-2.378
11893,Subsystem A,Sensor A,7.615
11894,Subsystem C,Sensor L,9.712
11895,Subsystem C,Sensor L,9.459
11896,Subsystem C,Sensor K,7.648
11897,Subsystem C,Sensor J,1.493
11898,Subsystem C,Sensor J,1.684
11899,Subsystem A,Sensor D,3.454
11900,Subsystem A,Sensor A,5.901
11901,Subsystem A,Sensor D,1.473
11902,Subsystem A,Sensor D,2.968
11903,Subsystem A,Sensor A,7.206
11904,Subsystem C,Sensor L,7.596
11905,Subsystem C,Sensor I,12.404
11906,Subsystem C,Sensor K,5.449
11907,Subsystem D,Sensor O,-2.515
11908,Subsystem D,Sensor N,-2.578
11909,Subsystem C,Sensor K,6.017
11910,Subsystem C,Sensor K,7.566
11911,Subsystem B,Sensor G,13.694
11912,Subsystem A,Sensor C,5.851
11913,Subsystem C,Sensor K,4.573
11914,Subsystem D,Sensor M,-2.580
11915,Subsystem C,Sensor J,1.997
11916,Subsystem C,Sensor J,1.716
11917,Subsystem D,Sensor P,-0.283
11918,Subsystem C,Sensor K,4.581
11919,Subsystem A,Sensor D,1.697
11920,Subsystem D,Sensor M,-2.211
11921,Subsystem A,Sensor A,9.444
11922,Subsystem B,Sensor E,9.743
11923,Subsystem A,Sensor B,1.000
11924,Subsystem A,Sensor D,3.410
11925,Subsystem D,Sensor M,-1.829
11926,Subsystem A,Sensor D,1.056
11927,Subsystem A,Sensor A,7.382
11928,Subsystem A,Sensor B,1.284
11929,Subsystem D,Sensor N,-0.726
11930,Subsystem D,Sensor N,-1.797
11931,Subsystem B,Sensor F,14.241
11932,Subsystem A,Sensor C,6.865
11933,Subsystem D,Sensor M,-2.183
11934,Subsystem B,Sensor G,11.841
11935,Subsystem D,Sensor O,-0.938
11936,Subsystem A,Sensor D,1.301
11937,Subsystem B,Sensor G,13.933
11938,Subsystem C,Sensor K,7.792
11939,Subsystem B,Sensor H,3.231
11940,Subsystem C,Sensor J,1.000
11941,Subsystem A,Sensor A,9.034
11942,Subsystem A,Sensor B,1.128
11943,Subsystem D,Sensor P,0.000
11944,Subsystem D,Sensor O,-2.565
11945,Subsystem A,Sensor D,2.405
11946,Subsystem A,Sensor B,1.477
11947,Subsystem A,Sensor C,6.328
11948,Subsystem A,Sensor D,3.287
11949,Subsystem D,Sensor P,-0.754
11950,Subsystem A,Sensor D,1.910
11951,Subsystem B,Sensor G,13.439
11952,Subsystem B,Sensor G,14.188
11953,Subsystem C,Sensor I,8.113
11954,Subsystem B,Sensor E,9.750
11955,Subsystem B,Sensor H,6.369
11956,Subsystem D,Sensor N,-1.180
11957,Subsystem B,Sensor F,14.774
11958,Subsystem B,Sensor F,10.374
11959,Subsystem A,Sensor B,1.087
11960,Subsystem D,Sensor N,-1.174
11961,Subsystem B,Sensor G,14.844
11962,Subsystem D,Sensor P,-1.565
11963,Subsystem B,Sensor E,11.421
11964,Subsystem D,Sensor M,-2.124
11965,Subsystem B,Sensor H,5.823
11966,Subsystem C,Sensor J,1.966
11967,Subsystem B,Sensor G,13.983
11968,Subsystem B,Sensor H,4.988
11969,Subsystem D,Sensor M,-1.684
11970,Subsystem A,Sensor B,1.221
11971,Subsystem A,Sensor D,2.884
11972,Subsystem B,Sensor F,14.885
11973,Subsystem D,Sensor M,-2.268
11974,Subsystem A,Sensor B,1.048
11975,Subsystem A,Sensor D,2.981
11976,Subsystem A,Sensor A,8.217
11977,Subsystem C,Sensor J,1.208
11978,Subsystem D,Sensor O,-1.036
11979,Subsystem A,Sensor C,5.542
11980,Subsystem D,Sensor O,-2.507
11981,Subsystem D,Sensor O,-2.336
11982,Subsystem C,Sensor J,2.627
11983,Subsystem A,Sensor B,1.961
11984,Subsystem B,Sensor E,10.989
11985,Subsystem A,Sensor A,5.793
11986,Subsystem B,Sensor G,13.529
11987,Subsystem B,Sensor G,13.931
11988,Subsystem A,Sensor D,3.225
11989,Subsystem A,Sensor C,5.931
11990,Subsystem A,Sensor C,3.877
11991,Subsystem B,Sensor H,5.009
11992,Subsystem C,Sensor J,1.550
11993,Subsystem A,Sensor D,1.770
11994,Subsystem A,Sensor C,7.629
11995,Subsystem C,Sensor L,8.650
11996,Subsystem A,Sensor D,2.447
11997,Subsystem C,Sensor I,8.306
11998,Subsystem B,Sensor E,9.353
11999,Subsystem B,Sensor G,14.919
12000,Subsystem B,Sensor E,10.127
12001,Subsystem C,Sensor L,8.996
12002,Subsystem C,Sensor K,5.120
12003,Subsystem C,Sensor K,7.024
12004,Subsystem C,Sensor J,1.300
12005,Subsystem D,Sensor N,-1.039
12006,Subsystem C,Sensor I,8.180
12007,Subsystem D,Sensor N,-1.763
12008,Subsystem C,Sensor J,2.272
12009,Subsystem D,Sensor O,-2.632
12010,Subsystem A,Sensor C,4.667
12011,Subsystem C,Sensor K,7.604
12012,Subsystem C,Sensor K,7.265
12013,Subsystem C,Sensor K,5.261
12014,Subsystem C,Sensor K,7.763
12015,Subsystem B,Sensor E,9.651
12016,Subsystem D,Sensor O,-0.949
12017,Subsystem C,Sensor I,12.423
12018,Subsystem B,Sensor E,11.923
12019,Subsystem B,Sensor F,13.656
12020,Subsystem D,Sensor O,-2.000
12021,Subsystem B,Sensor F,11.580
12022,Subsystem C,Sensor K,4.724
12023,Subsystem C,Sensor L,10.288
12024,Subsystem B,Sensor F,14.638
12025,Subsystem B,Sensor F,13.688
12026,Subsystem C,Sensor I,10.161
12027,Subsystem C,Sensor K,6.593
12028,Subsystem C,Sensor J,1.268
12029,Subsystem D,Sensor M,-2.605
12030,Subsystem D,Sensor N,-1.171
12031,Subsystem C,Sensor I,11.317
12032,Subsystem B,Sensor E,10.848
12033,Subsystem A,Sensor C,7.597
12034,Subsystem D,Sensor O,-0.907
12035,Subsystem A,Sensor A,4.853
12036,Subsystem B,Sensor G,14.608
12037,Subsystem D,Sensor N,-1.728
12038,Subsystem D,Sensor P,-0.743
12039,Subsystem D,Sensor N,-1.033
12040,Subsystem D,Sensor N,-0.821
12041,Subsystem D,Sensor N,-0.792
12042,Subsystem D,Sensor M,-2.833
12043,Subsystem A,Sensor A,10.103
12044,Subsystem B,Sensor E,9.018
12045,Subsystem B,Sensor G,13.732
12046,Subsystem B,Sensor F,11.280
12047,Subsystem B,Sensor F,10.978
12048,Subsystem D,Sensor P,-0.324
12049,Subsystem A,Sensor C,7.204
12050,Subsystem B,Sensor H,3.851
12051,Subsystem A,Sensor D,1.070
12052,Subsystem B,Sensor E,11.264
12053,Subsystem C,Sensor J,1.520
12054,Subsystem D,Sensor M,-1.744
12055,Subsystem C,Sensor L,9.133
12056,Subsystem B,Sensor H,6.720
12057,Subsystem B,Sensor H,6.236
12058,Subsystem B,Sensor F,10.432
12059,Subsystem C,Sensor K,5.760
12060,Subsystem B,Sensor G,13.860
12061,Subsystem D,Sensor P,-1.112
12062,Subsystem B,Sensor E,12.541
12063,Subsystem B,Sensor E,9.702
12064,Subsystem C,Sensor J,1.679
12065,Subsystem D,Sensor N,-2.744
12066,Subsystem B,Sensor G,13.878
12067,Subsystem D,Sensor O,-0.862
12068,Subsystem B,Sensor F,14.526
12069,Subsystem D,Sensor O,-2.292
12070,Subsystem D,Sensor P,-1.919
12071,Subsystem D,Sensor O,-2.490
12072,Subsystem C,Sensor J,1.278
12073,Subsystem D,Sensor N,-1.574
12074,Subsystem B,Sensor G,12.436
12075,Subsystem C,Sensor I,7.981
12076,Subsystem D,Sensor P,-0.034
12077,Subsystem C,Sensor K,7.415
12078,Subsystem C,Sensor I,8.096
12079,Subsystem A,Sensor C,7.600
12080,Subsystem A,Sensor D,2.961
12081,Subsystem C,Sensor L,8.131
12082,Subsystem B,Sensor E,11.890
12083,Subsystem D,Sensor N,-0.975
12084,Subsystem D,Sensor P,-0.961
12085,Subsystem D,Sensor P,0.000
12086,Subsystem A,Sensor C,8.019
12087,Subsystem C,Sensor K,5.101
12088,Subsystem C,Sensor I,7.762
12089,Subsystem D,Sensor P,0.000
12090,Subsystem C,Sensor J,2.457
12091,Subsystem C,Sensor L,9.085
12092,Subsystem A,Sensor D,1.838
12093,Subsystem D,Sensor M,-2.793
12094,Subsystem B,Sensor G,13.611
12095,Subsystem C,Sensor J,2.093
12096,Subsystem D,Sensor P,-1.683
12097,Subsystem A,Sensor D,3.081
12098,Subsystem B,Sensor F,11.153
12099,Subsystem D,Sensor M,-3.000
12100,Subsystem A,Sensor C,7.681
12101,Subsystem B,Sensor H,3.013
12102,Subsystem C,Sensor L,9.069
12103,Subsystem C,Sensor L,9.741
12104,Subsystem C,Sensor J,2.041
12105,Subsystem D,Sensor O,-2.050
12106,Subsystem B,Sensor E,12.288
12107,Subsystem B,Sensor G,12.890
12108,Subsystem B,Sensor E,12.508
12109,Subsystem A,Sensor D,2.249
12110,Subsystem C,Sensor L,10.543
12111,Subsystem A,Sensor B,1.657
12112,Subsystem D,Sensor P,0.000
12113,Subsystem C,Sensor I,7.588
12114,Subsystem A,Sensor C,5.882
12115,Subsystem C,Sensor K,5.276
12116,Subsystem B,Sensor E,10.409
12117,Subsystem B,Sensor G,14.063
12118,Subsystem D,Sensor M,-1.995
12119,Subsystem B,Sensor H,3.973
12120,Subsystem A,Sensor A,9.821
12121,Subsystem B,Sensor F,14.624
12122,Subsystem A,Sensor D,2.993
12123,Subsystem C,Sensor L,10.756
12124,Subsystem A,Sensor D,2.384
12125,Subsystem A,Sensor A,8.928
12126,Subsystem D,Sensor P,0.000
12127,Subsystem C,Sensor I,8.486
12128,Subsystem A,Sensor C,5.465
12129,Subsystem C,Sensor K,7.031
12130,Subsystem D,Sensor M,-1.669
12131,Subsystem B,Sensor F,10.518
12132,Subsystem D,Sensor O,-0.894
12133,Subsystem D,Sensor O,-1.950
12134,Subsystem D,Sensor N,-0.639
12135,Subsystem D,Sensor P,-0.985
12136,Subsystem D,Sensor N,-2.026
12137,Subsystem A,Sensor D,1.569
12138,Subsystem A,Sensor A,4.806
12139,Subsystem A,Sensor C,4.488
12140,Subsystem B,Sensor F,15.000
12141,Subsystem A,Sensor A,9.027
12142,Subsystem A,Sensor C,7.358
12143,Subsystem D,Sensor O,-2.033
12144,Subsystem D,Sensor P,-0.743
12145,Subsystem B,Sensor F,11.055
12146,Subsystem D,Sensor P,-1.392
12147,Subsystem D,Sensor P,-1.041
12148,Subsystem A,Sensor C,7.091
12149,Subsystem D,Sensor O,-2.439
12150,Subsystem A,Sensor A,9.456
12151,Subsystem A,Sensor C,5.424
12152,Subsystem D,Sensor P,-0.642
12153,Subsystem C,Sensor J,1.184
12154,Subsystem B,Sensor H,3.292
12155,Subsystem A,Sensor B,1.438
12156,Subsystem A,Sensor B,1.000
12157,Subsystem C,Sensor I,7.811
12158,Subsystem B,Sensor H,3.186
12159,Subsystem B,Sensor F,15.000
12160,Subsystem D,Sensor P,-0.218
12161,Subsystem B,Sensor E,9.992
12162,Subsystem C,Sensor K,5.095
12163,Subsystem C,Sensor K,5.198
12164,Subsystem C,Sensor I,7.908
12165,Subsystem D,Sensor P,-0.346
12166,Subsystem D,Sensor N,-2.867
12167,Subsystem B,Sensor F,14.705
12168,Subsystem C,Sensor K,6.074
12169,Subsystem C,Sensor K,5.022
12170,Subsystem A,Sensor C,3.039
12171,Subsystem A,Sensor B,1.066
12172,Subsystem C,Sensor I,7.532
12173,Subsystem B,Sensor F,11.199
12174,Subsystem A,Sensor D,1.816
12175,Subsystem C,Sensor L,7.536
12176,Subsystem B,Sensor G,13.041
12177,Subsystem D,Sensor M,-2.719
12178,Subsystem B,Sensor G,14.287
12179,Subsystem D,Sensor O,-1.517
12180,Subsystem D,Sensor N,-2.808
12181,Subsystem C,Sensor J,2.675
12182,Subsystem B,Sensor G,13.839
12183,Subsystem A,Sensor D,2.859
12184,Subsystem D,Sensor O,-2.102
12185,Subsystem C,Sensor I,12.334
12186,Subsystem B,Sensor F,11.928
12187,Subsystem A,Sensor C,7.926
12188,Subsystem D,Sensor P,-1.063
12189,Subsystem A,Sensor C,5.940
12190,Subsystem A,Sensor A,9.519
12191,Subsystem D,Sensor M,-1.912
12192,Subsystem D,Sensor N,-1.418
12193,Subsystem D,Sensor M,-1.947
12194,Subsystem B,Sensor F,13.017
12195,Subsystem D,Sensor P,-0.138
12196,Subsystem D,Sensor M,-2.451
12197,Subsystem A,Sensor B,1.067
12198,Subsystem C,Sensor K,7.498
12199,Subsystem C,Sensor L,8.484
12200,Subsystem B,Sensor F,12.025
12201,Subsystem A,Sensor A,9.194
12202,Subsystem C,Sensor J,1.521
12203,Subsystem D,Sensor M,-2.836
12204,Subsystem B,Sensor E,11.116
12205,Subsystem B,Sensor H,3.303
12206,Subsystem C,Sensor J,1.328
12207,Subsystem D,Sensor O,-1.543
12208,Subsystem A,Sensor D,3.201
12209,Subsystem C,Sensor K,4.872
12210,Subsystem A,Sensor A,7.004
12211,Subsystem D,Sensor P,-1.012
12212,Subsystem C,Sensor I,9.415
12213,Subsystem D,Sensor O,-1.211
12214,Subsystem A,Sensor A,9.193
12215,Subsystem B,Sensor G,14.729
12216,Subsystem B,Sensor G,13.880
12217,Subsystem A,Sensor B,1.165
12218,Subsystem D,Sensor M,-2.236
12219,Subsystem B,Sensor F,10.929
12220,Subsystem C,Sensor J,1.068
12221,Subsystem B,Sensor H,4.118
12222,Subsystem B,Sensor E,9.250
12223,Subsystem A,Sensor C,7.252
12224,Subsystem B,Sensor E,9.865
12225,Subsystem B,Sensor E,11.150
12226,Subsystem B,Sensor E,10.610
12227,Subsystem A,Sensor A,9.177
12228,Subsystem D,Sensor M,-2.202
12229,Subsystem B,Sensor F,13.847
12230,Subsystem C,Sensor K,4.959
12231,Subsystem C,Sensor K,3.955
12232,Subsystem B,Sensor E,10.607
12233,Subsystem C,Sensor K,5.858
12234,Subsystem A,Sensor A,8.695
12235,Subsystem C,Sensor K,5.042
12236,Subsystem D,Sensor P,0.000
12237,Subsystem A,Sensor A,10.059
12238,Subsystem D,Sensor N,-1.278
12239,Subsystem C,Sensor L,9.987
12240,Subsystem A,Sensor D,2.188
12241,Subsystem B,Sensor H,3.150
12242,Subsystem C,Sensor J,1.399
12243,Subsystem C,Sensor L,8.243
12244,Subsystem D,Sensor P,-1.221
12245,Subsystem A,Sensor D,2.317
12246,Subsystem C,Sensor I,7.622
12247,Subsystem C,Sensor J,1.845
12248,Subsystem D,Sensor M,-2.823
12249,Subsystem B,Sensor H,5.627
12250,Subsystem B,Sensor H,6.457
12251,Subsystem D,Sensor M,-2.401
12252,Subsystem B,Sensor E,11.779
12253,Subsystem C,Sensor I,7.811
12254,Subsystem C,Sensor J,1.308
12255,Subsystem C,Sensor I,9.493
12256,Subsystem C,Sensor J,1.791
12257,Subsystem D,Sensor P,-0.731
12258,Subsystem D,Sensor P,-0.187
12259,Subsystem A,Sensor D,1.887
12260,Subsystem D,Sensor P,-1.008
12261,Subsystem D,Sensor O,-1.905
12262,Subsystem D,Sensor N,-2.107
12263,Subsystem C,Sensor J,2.063
12264,Subsystem A,Sensor A,7.763
12265,Subsystem A,Sensor B,1.872
12266,Subsystem D,Sensor M,-2.701
12267,Subsystem A,Sensor A,7.395
12268,Subsystem B,Sensor G,14.342
12269,Subsystem C,Sensor I,11.206
12270,Subsystem B,Sensor E,8.868
12271,Subsystem A,Sensor C,7.291
12272,Subsystem A,Sensor A,7.853
12273,Subsystem A,Sensor B,1.218
12274,Subsystem B,Sensor H,4.142
12275,Subsystem C,Sensor K,7.390
12276,Subsystem B,Sensor E,11.666
12277,Subsystem D,Sensor O,-1.939
12278,Subsystem B,Sensor G,15.000
12279,Subsystem D,Sensor M,-2.068
12280,Subsystem C,Sensor I,9.226
12281,Subsystem C,Sensor I,8.725
12282,Subsystem C,Sensor L,10.094
12283,Subsystem B,Sensor F,14.827
12284,Subsystem D,Sensor O,-1.989
12285,Subsystem D,Sensor O,-2.896
12286,Subsystem D,Sensor P,-0.966
12287,Subsystem A,Sensor C,7.738
12288,Subsystem B,Sensor F,14.730
12289,Subsystem B,Sensor F,13.038
12290,Subsystem C,Sensor L,8.154
12291,Subsystem C,Sensor I,9.184
12292,Subsystem D,Sensor M,-2.717
12293,Subsystem C,Sensor K,5.067
12294,Subsystem D,Sensor M,-2.790
12295,Subsystem D,Sensor N,-0.678
12296,Subsystem B,Sensor G,12.782
12297,Subsystem A,Sensor A,7.342
12298,Subsystem A,Sensor D,1.584
12299,Subsystem B,Sensor H,4.067
12300,Subsystem D,Sensor M,-2.763
12301,Subsystem A,Sensor C,7.394
12302,Subsystem D,Sensor O,-2.036
12303,Subsystem A,Sensor B,1.285
12304,Subsystem A,Sensor C,8.422
12305,Subsystem C,Sensor L,9.414
12306,Subsystem D,Sensor N,-2.397
12307,Subsystem B,Sensor F,10.593
12308,Subsystem C,Sensor I,9.427
12309,Subsystem B,Sensor F,13.800
12310,Subsystem A,Sensor C,5.629
12311,Subsystem B,Sensor F,14.957
12312,Subsystem A,Sensor B,1.476
12313,Subsystem A,Sensor B,1.061
12314,Subsystem C,Sensor I,8.862
12315,Subsystem B,Sensor E,11.179
12316,Subsystem C,Sensor J,2.259
12317,Subsystem A,Sensor A,8.921
12318,Subsystem C,Sensor J,2.508
12319,Subsystem A,Sensor A,9.886
12320,Subsystem C,Sensor I,11.352
12321,Subsystem D,Sensor M,-2.681
12322,Subsystem D,Sensor P,-1.662
12323,Subsystem B,Sensor G,13.020
12324,Subsystem D,Sensor M,-2.618
12325,Subsystem B,Sensor G,15.000
12326,Subsystem A,Sensor C,5.847
12327,Subsystem D,Sensor N,0.000
12328,Subsystem B,Sensor H,6.125
12329,Subsystem C,Sensor L,8.611
12330,Subsystem A,Sensor C,5.728
12331,Subsystem D,Sensor N,-1.683
12332,Subsystem D,Sensor O,-1.944
12333,Subsystem B,Sensor F,11.916
12334,Subsystem B,Sensor G,14.433
12335,Subsystem A,Sensor D,1.573
12336,Subsystem A,Sensor A,7.409
12337,Subsystem A,Sensor C,3.889
12338,Subsystem D,Sensor O,-2.588
12339,Subsystem D,Sensor O,-0.684
12340,Subsystem A,Sensor D,2.590
12341,Subsystem D,Sensor N,-0.214
12342,Subsystem C,Sensor J,2.044
12343,Subsystem C,Sensor J,1.822
12344,Subsystem D,Sensor N,-2.242
12345,Subsystem D,Sensor O,-1.155
12346,Subsystem D,Sensor N,-1.365
12347,Subsystem A,Sensor C,4.464
12348,Subsystem B,Sensor G,13.488
12349,Subsystem B,Sensor F,13.595
12350,Subsystem A,Sensor A,4.749
12351,Subsystem A,Sensor D,3.455
12352,Subsystem C,Sensor I,7.040
12353,Subsystem D,Sensor P,-1.218
12354,Subsystem A,Sensor C,7.771
12355,Subsystem D,Sensor M,-2.964
12356,Subsystem C,Sensor J,2.169
12357,Subsystem C,Sensor J,1.173
12358,Subsystem C,Sensor I,11.815
12359,Subsystem D,Sensor M,-2.007
12360,Subsystem C,Sensor I,10.814
12361,Subsystem C,Sensor I,7.996
12362,Subsystem A,Sensor D,2.123
12363,Subsystem C,Sensor K,6.835
12364,Subsystem B,Sensor E,10.774
12365,Subsystem D,Sensor O,-2.178
12366,Subsystem A,Sensor A,8.189
12367,Subsystem D,Sensor M,-2.029
12368,Subsystem D,Sensor N,-1.016
12369,Subsystem C,Sensor K,5.754
12370,Subsystem B,Sensor H,6.040
12371,Subsystem A,Sensor A,8.889
12372,Subsystem D,Sensor N,-1.167
12373,Subsystem B,Sensor G,14.063
12374,Subsystem A,Sensor D,1.632
12375,Subsystem D,Sensor P,-0.505
12376,Subsystem C,Sensor L,9.087
12377,Subsystem A,Sensor A,7.697
12378,Subsystem B,Sensor F,13.410
12379,Subsystem A,Sensor A,6.444
12380,Subsystem B,Sensor E,8.971
12381,Subsystem C,Sensor K,7.705
12382,Subsystem C,Sensor L,9.578
12383,Subsystem A,Sensor B,1.416
12384,Subsystem C,Sensor I,7.388
12385,Subsystem A,Sensor D,3.505
12386,Subsystem A,Sensor A,10.188
12387,Subsystem A,Sensor D,2.486
12388,Subsystem D,Sensor M,-2.242
12389,Subsystem C,Sensor K,5.401
12390,Subsystem C,Sensor I,12.256
12391,Subsystem D,Sensor N,0.000
12392,Subsystem C,Sensor I,8.927
12393,Subsystem B,Sensor E,12.642
12394,Subsystem B,Sensor H,3.551
12395,Subsystem A,Sensor D,3.344
12396,Subsystem C,Sensor L,8.250
12397,Subsystem B,Sensor E,11.230
12398,Subsystem B,Sensor G,12.520
12399,Subsystem C,Sensor K,6.545
12400,Subsystem C,Sensor J,1.232
12401,Subsystem B,Sensor G,13.061
12402,Subsystem C,Sensor K,6.159
12403,Subsystem B,Sensor G,12.371
12404,Subsystem A,Sensor B,1.156
12405,Subsystem A,Sensor C,7.339
12406,Subsystem D,Sensor M,-2.067
12407,Subsystem B,Sensor E,10.986
12408,Subsystem C,Sensor J,1.633
12409,Subsystem D,Sensor O,-0.724
12410,Subsystem B,Sensor H,5.788
12411,Subsystem D,Sensor N,-1.951
12412,Subsystem D,Sensor O,-1.355
12413,Subsystem C,Sensor J,1.677
12414,Subsystem A,Sensor C,6.979
12415,Subsystem D,Sensor N,-0.398
12416,Subsystem C,Sensor J,1.102
12417,Subsystem C,Sensor L,8.735
12418,Subsystem C,Sensor J,2.786
12419,Subsystem D,Sensor N,-2.033
12420,Subsystem A,Sensor D,3.467
12421,Subsystem D,Sensor P,-1.348
12422,Subsystem C,Sensor I,11.775
12423,Subsystem A,Sensor A,9.755
12424,Subsystem A,Sensor D,2.177
12425,Subsystem D,Sensor M,-2.797
12426,Subsystem C,Sensor I,7.864
12427,Subsystem A,Sensor C,7.464
12428,Subsystem A,Sensor D,1.776
12429,Subsystem D,Sensor O,-1.000
12430,Subsystem A,Sensor D,2.460
12431,Subsystem C,Sensor J,2.381
12432,Subsystem A,Sensor A,7.697
12433,Subsystem C,Sensor I,9.372
12434,Subsystem B,Sensor G,13.391
12435,Subsystem C,Sensor L,9.036
12436,Subsystem B,Sensor G,12.545
12437,Subsystem C,Sensor K,5.503
12438,Subsystem C,Sensor J,2.003
12439,Subsystem C,Sensor L,10.590
12440,Subsystem C,Sensor K,8.044
12441,Subsystem C,Sensor K,6.620
12442,Subsystem B,Sensor E,9.414
12443,Subsystem C,Sensor K,4.735
12444,Subsystem D,Sensor N,-1.531
12445,Subsystem B,Sensor F,13.941
12446,Subsystem B,Sensor F,14.873
12447,Subsystem B,Sensor H,3.578
12448,Subsystem D,Sensor O,-1.526
12449,Subsystem D,Sensor M,-2.283
12450,Subsystem C,Sensor L,10.065
12451,Subsystem D,Sensor O,-2.682
12452,Subsystem A,Sensor A,8.725
12453,Subsystem A,Sensor C,5.526
12454,Subsystem A,Sensor D,1.749
12455,Subsystem D,Sensor P,-1.217
12456,Subsystem D,Sensor N,-2.314
12457,Subsystem D,Sensor M,-2.180
12458,Subsystem C,Sensor I,9.131
12459,Subsystem C,Sensor L,8.250
12460,Subsystem C,Sensor K,5.962
12461,Subsystem C,Sensor J,1.325
12462,Subsystem A,Sensor D,3.058
12463,Subsystem B,Sensor E,10.994
12464,Subsystem C,Sensor I,8.382
12465,Subsystem A,Sensor B,1.395
12466,Subsystem C,Sensor L,8.604
12467,Subsystem C,Sensor I,9.557
12468,Subsystem D,Sensor N,-1.092
12469,Subsystem D,Sensor N,-1.542
12470,Subsystem B,Sensor G,13.892
12471,Subsystem C,Sensor L,10.497
12472,Subsystem A,Sensor B,1.092
12473,Subsystem C,Sensor J,1.819
12474,Subsystem C,Sensor K,5.812
12475,Subsystem B,Sensor H,2.730
12476,Subsystem B,Sensor F,11.325
12477,Subsystem B,Sensor F,14.955
12478,Subsystem C,Sensor I,7.990
12479,Subsystem A,Sensor C,5.535
12480,Subsystem A,Sensor A,10.265
12481,Subsystem B,Sensor F,11.213
12482,Subsystem A,Sensor A,8.665
12483,Subsystem A,Sensor C,3.608
12484,Subsystem A,Sensor D,1.044
12485,Subsystem A,Sensor D,1.749
12486,Subsystem D,Sensor N,-1.162
12487,Subsystem B,Sensor G,14.468
12488,Subsystem C,Sensor J,1.775
12489,Subsystem C,Sensor I,12.393
12490,Subsystem D,Sensor M,-1.497
12491,Subsystem B,Sensor G,13.328
12492,Subsystem D,Sensor P,-0.050
12493,Subsystem B,Sensor H,3.118
12494,Subsystem C,Sensor I,12.237
12495,Subsystem A,Sensor D,2.366
12496,Subsystem C,Sensor J,2.320
12497,Subsystem D,Sensor M,-2.642
12498,Subsystem A,Sensor B,1.196
12499,Subsystem A,Sensor D,3.363
12500,Subsystem A,Sensor A,10.179
12501,Subsystem A,Sensor C,3.297
12502,Subsystem C,Sensor L,8.879
12503,Subsystem B,Sensor G,13.324
12504,Subsystem B,Sensor G,13.789
12505,Subsystem C,Sensor K,5.029
12506,Subsystem C,Sensor L,10.446
12507,Subsystem D,Sensor O,-2.551
12508,Subsystem C,Sensor I,10.188
12509,Subsystem B,Sensor F,12.481
12510,Subsystem B,Sensor F,13.886
12511,Subsystem B,Sensor E,12.493
12512,Subsystem B,Sensor E,11.216
12513,Subsystem B,Sensor F,14.987
12514,Subsystem D,Sensor P,-0.845
12515,Subsystem B,Sensor H,7.185
12516,Subsystem D,Sensor M,-1.576
12517,Subsystem C,Sensor L,8.261
12518,Subsystem D,Sensor M,-1.462
12519,Subsystem D,Sensor P,-2.082
12520,Subsystem B,Sensor F,13.605
12521,Subsystem D,Sensor N,-2.385
12522,Subsystem B,Sensor F,11.325
12523,Subsystem C,Sensor I,11.200
12524,Subsystem C,Sensor I,10.065
12525,Subsystem D,Sensor N,-2.350
12526,Subsystem A,Sensor C,3.667
12527,Subsystem D,Sensor N,-2.762
12528,Subsystem A,Sensor C,6.491
12529,Subsystem B,Sensor E,8.853
12530,Subsystem C,Sensor I,8.963
12531,Subsystem A,Sensor A,7.426
12532,Subsystem A,Sensor C,7.251
12533,Subsystem A,Sensor A,7.422
12534,Subsystem B,Sensor F,13.511
12535,Subsystem C,Sensor J,2.099
12536,Subsystem B,Sensor G,13.849
12537,Subsystem B,Sensor G,13.649
12538,Subsystem C,Sensor I,8.109
12539,Subsystem A,Sensor D,1.906
12540,Subsystem C,Sensor I,7.185
12541,Subsystem B,Sensor F,15.000
12542,Subsystem C,Sensor K,4.319
12543,Subsystem C,Sensor L,9.449
12544,Subsystem A,Sensor C,8.135
12545,Subsystem B,Sensor G,12.876
12546,Subsystem B,Sensor G,14.519
12547,Subsystem D,Sensor O,-3.000
12548,Subsystem A,Sensor A,9.031
12549,Subsystem B,Sensor E,10.239
12550,Subsystem D,Sensor O,-1.290
12551,Subsystem A,Sensor B,2.299
12552,Subsystem D,Sensor P,-0.170
12553,Subsystem B,Sensor E,9.390
12554,Subsystem B,Sensor E,9.170
12555,Subsystem A,Sensor D,2.919
12556,Subsystem D,Sensor N,-1.593
12557,Subsystem D,Sensor O,-0.895
12558,Subsystem D,Sensor O,-2.335
12559,Subsystem A,Sensor C,7.054
12560,Subsystem D,Sensor O,-0.871
12561,Subsystem B,Sensor G,14.131
12562,Subsystem A,Sensor C,5.418
12563,Subsystem A,Sensor B,1.154
12564,Subsystem D,Sensor M,-2.499
12565,Subsystem D,Sensor N,-1.419
12566,Subsystem D,Sensor M,-2.235
12567,Subsystem D,Sensor O,-0.949
12568,Subsystem B,Sensor E,9.867
12569,Subsystem C,Sensor K,7.342
12570,Subsystem C,Sensor L,10.049
12571,Subsystem C,Sensor K,7.330
12572,Subsystem A,Sensor B,1.049
12573,Subsystem A,Sensor D,1.643
12574,Subsystem C,Sensor J,1.717
12575,Subsystem B,Sensor H,5.839
12576,Subsystem C,Sensor K,4.689
12577,Subsystem D,Sensor M,-2.671
12578,Subsystem C,Sensor L,7.839
12579,Subsystem D,Sensor O,-1.407
12580,Subsystem D,Sensor M,-1.943
12581,Subsystem A,Sensor C,5.835
12582,Subsystem B,Sensor F,11.321
12583,Subsystem B,Sensor H,6.069
12584,Subsystem A,Sensor A,8.473
12585,Subsystem D,Sensor O,-1.860
12586,Subsystem B,Sensor H,6.900
12587,Subsystem A,Sensor A,6.347
12588,Subsystem B,Sensor F,13.914
12589,Subsystem C,Sensor L,10.302
12590,Subsystem A,Sensor A,8.401
12591,Subsystem A,Sensor A,8.345
12592,Subsystem A,Sensor A,10.141
12593,Subsystem B,Sensor H,3.058
12594,Subsystem B,Sensor H,4.296
12595,Subsystem C,Sensor K,7.716
12596,Subsystem D,Sensor M,-2.250
12597,Subsystem B,Sensor G,14.170
12598,Subsystem C,Sensor K,7.560
12599,Subsystem D,Sensor M,-2.058
12600,Subsystem C,Sensor I,9.349
12601,Subsystem C,Sensor L,9.108
12602,Subsystem A,Sensor A,8.419
12603,Subsystem D,Sensor P,-2.323
12604,Subsystem A,Sensor A,8.797
12605,Subsystem D,Sensor P,-1.284
12606,Subsystem A,Sensor A,8.910
12607,Subsystem C,Sensor L,8.949
12608,Subsystem C,Sensor L,10.736
12609,Subsystem C,Sensor J,1.254
12610,Subsystem B,Sensor H,5.697
12611,Subsystem D,Sensor M,-1.994
12612,Subsystem A,Sensor A,9.002
12613,Subsystem B,Sensor G,13.007
12614,Subsystem B,Sensor H,3.065
12615,Subsystem B,Sensor F,13.142
12616,Subsystem B,Sensor F,13.383
12617,Subsystem D,Sensor O,-0.914
12618,Subsystem D,Sensor N,-1.039
12619,Subsystem A,Sensor D,3.221
12620,Subsystem C,Sensor L,9.391
12621,Subsystem B,Sensor F,13.728
12622,Subsystem C,Sensor J,1.209
12623,Subsystem B,Sensor H,5.369
12624,Subsystem D,Sensor P,-0.266
12625,Subsystem D,Sensor O,-0.919
12626,Subsystem D,Sensor O,-2.362
12627,Subsystem C,Sensor K,6.827
12628,Subsystem C,Sensor K,7.645
12629,Subsystem D,Sensor M,-2.040
12630,Subsystem A,Sensor B,1.102
12631,Subsystem C,Sensor I,8.040
12632,Subsystem D,Sensor M,-1.793
12633,Subsystem C,Sensor L,8.150
12634,Subsystem D,Sensor P,-1.766
12635,Subsystem A,Sensor D,2.031
12636,Subsystem A,Sensor C,6.655
12637,Subsystem D,Sensor O,-3.000
12638,Subsystem D,Sensor M,-2.153
12639,Subsystem C,Sensor K,5.779
12640,Subsystem B,Sensor H,3.106
12641,Subsystem B,Sensor G,14.900
12642,Subsystem D,Sensor P,-2.216
12643,Subsystem B,Sensor F,11.284
12644,Subsystem B,Sensor G,13.975
12645,Subsystem B,Sensor E,9.729
12646,Subsystem B,Sensor H,5.348
12647,Subsystem C,Sensor I,9.405
12648,Subsystem C,Sensor L,10.746
12649,Subsystem B,Sensor E,11.107
12650,Subsystem A,Sensor C,7.796
12651,Subsystem B,Sensor E,10.624
12652,Subsystem D,Sensor M,-2.931
12653,Subsystem C,Sensor J,1.719
12654,Subsystem B,Sensor E,11.456
12655,Subsystem D,Sensor P,-0.230
12656,Subsystem D,Sensor M,-2.122
12657,Subsystem B,Sensor F,10.359
12658,Subsystem B,Sensor E,12.413
12659,Subsystem A,Sensor B,1.725
12660,Subsystem B,Sensor H,5.849
12661,Subsystem C,Sensor I,8.108
12662,Subsystem C,Sensor L,8.773
12663,Subsystem A,Sensor D,3.442
12664,Subsystem D,Sensor M,-2.337
12665,Subsystem C,Sensor L,8.461
12666,Subsystem C,Sensor J,1.253
12667,Subsystem B,Sensor G,14.064
12668,Subsystem B,Sensor E,10.289
12669,Subsystem B,Sensor G,14.704
12670,Subsystem B,Sensor G,14.670
12671,Subsystem D,Sensor P,-0.691
12672,Subsystem A,Sensor B,1.419
12673,Subsystem A,Sensor A,7.716
12674,Subsystem A,Sensor A,8.109
12675,Subsystem C,Sensor K,5.573
12676,Subsystem A,Sensor D,1.618
12677,Subsystem A,Sensor D,2.214
12678,Subsystem D,Sensor N,-2.380
12679,Subsystem D,Sensor M,-2.426
12680,Subsystem A,Sensor C,4.502
12681,Subsystem B,Sensor F,11.438
12682,Subsystem B,Sensor G,12.900
12683,Subsystem A,Sensor D,1.522
12684,Subsystem A,Sensor B,1.177
12685,Subsystem A,Sensor C,5.551
12686,Subsystem C,Sensor L,10.019
12687,Subsystem B,Sensor H,4.975
12688,Subsystem B,Sensor F,12.633
12689,Subsystem B,Sensor H,5.745
12690,Subsystem B,Sensor G,13.648
12691,Subsystem C,Sensor I,8.222
12692,Subsystem C,Sensor L,9.206
12693,Subsystem C,Sensor K,7.288
12694,Subsystem A,Sensor D,1.390
12695,Subsystem A,Sensor B,1.480
12696,Subsystem A,Sensor B,1.675
12697,Subsystem D,Sensor P,-1.111
12698,Subsystem D,Sensor M,-1.521
12699,Subsystem B,Sensor H,6.086
12700,Subsystem D,Sensor N,-1.403
12701,Subsystem D,Sensor N,-1.496
12702,Subsystem D,Sensor N,-2.281
12703,Subsystem A,Sensor B,1.000
12704,Subsystem B,Sensor H,5.644
12705,Subsystem B,Sensor H,7.022
12706,Subsystem B,Sensor H,4.230
12707,Subsystem B,Sensor E,8.753
12708,Subsystem C,Sensor K,6.207
12709,Subsystem A,Sensor A,7.400
12710,Subsystem A,Sensor A,7.722
12711,Subsystem B,Sensor H,3.391
12712,Subsystem C,Sensor L,8.190
12713,Subsystem B,Sensor F,11.580
12714,Subsystem B,Sensor F,13.109
12715,Subsystem A,Sensor A,7.940
12716,Subsystem B,Sensor E,9.897
12717,Subsystem A,Sensor D,3.257
12718,Subsystem B,Sensor E,9.558
12719,Subsystem B,Sensor G,15.000
12720,Subsystem B,Sensor G,13.787
12721,Subsystem C,Sensor L,9.989
12722,Subsystem D,Sensor O,-2.126
12723,Subsystem C,Sensor L,9.767
12724,Subsystem B,Sensor H,5.844
12725,Subsystem A,Sensor B,1.115
12726,Subsystem A,Sensor A,7.436
12727,Subsystem C,Sensor J,1.569
12728,Subsystem C,Sensor L,9.728
12729,Subsystem C,Sensor I,9.583
12730,Subsystem B,Sensor E,11.878
12731,Subsystem C,Sensor L,8.264
12732,Subsystem D,Sensor M,-2.072
12733,Subsystem C,Sensor K,7.828
12734,Subsystem D,Sensor M,-1.902
12735,Subsystem B,Sensor H,2.909
12736,Subsystem B,Sensor H,3.340
12737,Subsystem B,Sensor H,5.213
12738,Subsystem B,Sensor G,13.680
12739,Subsystem B,Sensor H,4.613
12740,Subsystem C,Sensor K,5.570
12741,Subsystem D,Sensor P,-0.332
12742,Subsystem C,Sensor J,2.766
12743,Subsystem A,Sensor D,2.994
12744,Subsystem C,Sensor I,8.330
12745,Subsystem B,Sensor E,12.211
12746,Subsystem A,Sensor C,7.191
12747,Subsystem A,Sensor A,10.192
12748,Subsystem A,Sensor D,3.603
12749,Subsystem A,Sensor A,6.024
12750,Subsystem D,Sensor O,-2.188
12751,Subsystem D,Sensor P,-0.818
12752,Subsystem B,Sensor G,11.979
12753,Subsystem A,Sensor A,7.687
12754,Subsystem A,Sensor D,2.462
12755,Subsystem B,Sensor F,13.156
12756,Subsystem B,Sensor E,9.701
12757,Subsystem D,Sensor N,-2.760
12758,Subsystem A,Sensor B,1.401
12759,Subsystem D,Sensor M,-2.672
12760,Subsystem C,Sensor J,1.665
12761,Subsystem A,Sensor C,3.494
12762,Subsystem C,Sensor L,10.294
12763,Subsystem A,Sensor C,7.156
12764,Subsystem A,Sensor C,5.418
12765,Subsystem D,Sensor N,-2.468
12766,Subsystem A,Sensor B,1.000
12767,Subsystem C,Sensor I,9.122
12768,Subsystem D,Sensor O,-0.500
12769,Subsystem C,Sensor I,8.068
12770,Subsystem A,Sensor B,1.678
12771,Subsystem B,Sensor F,13.789
12772,Subsystem A,Sensor A,8.215
12773,Subsystem B,Sensor F,13.167
12774,Subsystem C,Sensor I,7.284
12775,Subsystem A,Sensor A,8.699
12776,Subsystem A,Sensor D,1.688
12777,Subsystem D,Sensor P,-1.737
12778,Subsystem C,Sensor K,6.679
12779,Subsystem D,Sensor N,-0.411
12780,Subsystem B,Sensor E,12.258
12781,Subsystem C,Sensor I,8.448
12782,Subsystem B,Sensor F,13.934
12783,Subsystem D,Sensor M,-2.360
12784,Subsystem D,Sensor P,-0.388
12785,Subsystem B,Sensor E,9.384
12786,Subsystem C,Sensor L,10.306
12787,Subsystem C,Sensor K,4.414
12788,Subsystem C,Sensor L,9.175
12789,Subsystem C,Sensor J,2.006
12790,Subsystem B,Sensor E,10.949
12791,Subsystem D,Sensor P,-2.638
12792,Subsystem C,Sensor I,9.177
12793,Subsystem D,Sensor M,-1.780
12794,Subsystem D,Sensor P,-2.174
12795,Subsystem D,Sensor P,-2.042
12796,Subsystem A,Sensor C,7.156
12797,Subsystem B,Sensor F,11.080
12798,Subsystem B,Sensor F,10.986
12799,Subsystem C,Sensor I,11.511
12800,Subsystem B,Sensor G,14.863
12801,Subsystem A,Sensor A,7.440
12802,Subsystem A,Sensor D,1.455
12803,Subsystem A,Sensor D,2.295
12804,Subsystem C,Sensor I,12.408
12805,Subsystem A,Sensor C,8.229
12806,Subsystem A,Sensor A,9.571
12807,Subsystem A,Sensor D,2.743
12808,Subsystem C,Sensor L,7.884
12809,Subsystem D,Sensor P,-0.687
12810,Subsystem B,Sensor G,14.766
12811,Subsystem C,Sensor L,9.374
12812,Subsystem B,Sensor H,5.575
12813,Subsystem A,Sensor C,6.946
12814,Subsystem B,Sensor H,5.374
12815,Subsystem C,Sensor L,8.615
12816,Subsystem D,Sensor O,-2.488
12817,Subsystem D,Sensor M,-1.888
12818,Subsystem D,Sensor M,-2.474
12819,Subsystem A,Sensor C,7.673
12820,Subsystem A,Sensor C,8.358
12821,Subsystem A,Sensor C,7.840
12822,Subsystem D,Sensor M,-2.721
12823,Subsystem A,Sensor C,7.688
12824,Subsystem B,Sensor H,5.471
12825,Subsystem B,Sensor E,11.036
12826,Subsystem C,Sensor J,1.473
12827,Subsystem C,Sensor L,8.401
12828,Subsystem D,Sensor N,-2.265
12829,Subsystem D,Sensor M,-2.298
12830,Subsystem C,Sensor K,7.033
12831,Subsystem A,Sensor A,7.489
12832,Subsystem A,Sensor C,5.685
12833,Subsystem A,Sensor C,3.968
12834,Subsystem C,Sensor I,9.324
12835,Subsystem C,Sensor I,7.496
12836,Subsystem D,Sensor P,-0.505
12837,Subsystem D,Sensor M,-2.681
12838,Subsystem B,Sensor H,5.936
12839,Subsystem B,Sensor G,13.931
12840,Subsystem A,Sensor A,6.373
12841,Subsystem D,Sensor N,-2.115
12842,Subsystem D,Sensor M,-1.561
12843,Subsystem B,Sensor F,11.246
12844,Subsystem C,Sensor L,10.374
12845,Subsystem D,Sensor P,-1.366
12846,Subsystem D,Sensor P,-0.010
12847,Subsystem B,Sensor E,10.807
12848,Subsystem D,Sensor M,-2.659
12849,Subsystem C,Sensor I,7.560
12850,Subsystem D,Sensor P,-0.396
12851,Subsystem A,Sensor D,1.869
12852,Subsystem A,Sensor C,5.383
12853,Subsystem C,Sensor K,6.393
12854,Subsystem C,Sensor L,8.083
12855,Subsystem A,Sensor D,2.993
12856,Subsystem D,Sensor P,-1.446
12857,Subsystem D,Sensor O,-1.414
12858,Subsystem C,Sensor L,10.582
12859,Subsystem B,Sensor H,5.630
12860,Subsystem A,Sensor B,1.438
12861,Subsystem C,Sensor L,9.844
12862,Subsystem A,Sensor C,7.058
12863,Subsystem A,Sensor B,1.368
12864,Subsystem B,Sensor E,12.139
12865,Subsystem C,Sensor J,1.029
12866,Subsystem A,Sensor D,3.374
12867,Subsystem A,Sensor B,1.728
12868,Subsystem D,Sensor N,-2.319
12869,Subsystem A,Sensor A,5.865
12870,Subsystem A,Sensor B,1.400
12871,Subsystem B,Sensor H,4.282
12872,Subsystem C,Sensor J,2.238
12873,Subsystem B,Sensor G,14.638
12874,Subsystem C,Sensor J,1.801
12875,Subsystem B,Sensor E,10.871
12876,Subsystem C,Sensor L,7.694
12877,Subsystem A,Sensor B,2.426
12878,Subsystem A,Sensor A,6.066
12879,Subsystem B,Sensor F,12.910
12880,Subsystem B,Sensor H,5.690
12881,Subsystem A,Sensor A,8.143
12882,Subsystem C,Sensor K,4.403
12883,Subsystem A,Sensor D,2.482
12884,Subsystem A,Sensor C,7.117
12885,Subsystem B,Sensor H,3.843
12886,Subsystem C,Sensor L,8.704
12887,Subsystem A,Sensor D,1.658
12888,Subsystem A,Sensor A,8.811
12889,Subsystem B,Sensor E,10.837
12890,Subsystem A,Sensor B,1.238
12891,Subsystem D,Sensor M,-2.476
12892,Subsystem B,Sensor H,6.763
12893,Subsystem C,Sensor I,8.136
12894,Subsystem B,Sensor H,5.754
12895,Subsystem C,Sensor J,2.630
12896,Subsystem A,Sensor C,5.179
12897,Subsystem B,Sensor H,6.143
12898,Subsystem A,Sensor D,3.726
12899,Subsystem B,Sensor H,5.988
12900,Subsystem D,Sensor O,-1.195
12901,Subsystem B,Sensor H,3.711
12902,Subsystem D,Sensor O,-2.521
12903,Subsystem D,Sensor O,-2.678
12904,Subsystem A,Sensor D,1.929
12905,Subsystem D,Sensor M,-2.028
12906,Subsystem B,Sensor E,11.368
12907,Subsystem D,Sensor P,-0.117
12908,Subsystem C,Sensor I,7.375
12909,Subsystem B,Sensor F,14.660
12910,Subsystem C,Sensor I,9.035
12911,Subsystem B,Sensor E,10.533
12912,Subsystem A,Sensor A,7.744
12913,Subsystem A,Sensor B,1.332
12914,Subsystem C,Sensor K,6.043
12915,Subsystem C,Sensor I,7.818
12916,Subsystem C,Sensor L,10.006
12917,Subsystem C,Sensor I,8.291
12918,Subsystem C,Sensor K,5.711
12919,Subsystem A,Sensor A,6.461
12920,Subsystem A,Sensor B,2.650
12921,Subsystem A,Sensor B,1.000
12922,Subsystem A,Sensor D,1.037
12923,Subsystem A,Sensor B,1.971
12924,Subsystem D,Sensor O,-2.673
12925,Subsystem D,Sensor N,-2.104
12926,Subsystem A,Sensor D,3.050
12927,Subsystem D,Sensor N,-1.773
12928,Subsystem C,Sensor L,8.070
12929,Subsystem C,Sensor K,5.108
12930,Subsystem A,Sensor D,2.412
12931,Subsystem D,Sensor N,-2.477
12932,Subsystem D,Sensor O,-1.619
12933,Subsystem A,Sensor C,7.093
12934,Subsystem D,Sensor M,-2.739
12935,Subsystem C,Sensor K,7.753
12936,Subsystem D,Sensor P,0.000
12937,Subsystem B,Sensor F,10.949
12938,Subsystem D,Sensor P,-1.118
12939,Subsystem B,Sensor F,12.865
12940,Subsystem C,Sensor J,2.175
12941,Subsystem A,Sensor C,8.199
12942,Subsystem C,Sensor L,9.344
12943,Subsystem D,Sensor N,-1.552
12944,Subsystem D,Sensor M,-2.073
12945,Subsystem D,Sensor M,-2.194
12946,Subsystem B,Sensor E,12.313
12947,Subsystem D,Sensor M,-2.722
12948,Subsystem C,Sensor L,9.894
12949,Subsystem D,Sensor O,-2.963
12950,Subsystem C,Sensor I,8.105
12951,Subsystem B,Sensor G,13.979
12952,Subsystem C,Sensor J,1.460
12953,Subsystem A,Sensor A,7.759
12954,Subsystem C,Sensor K,7.972
12955,Subsystem D,Sensor O,-2.389
12956,Subsystem B,Sensor E,10.964
12957,Subsystem D,Sensor P,-0.163
12958,Subsystem A,Sensor A,9.455
12959,Subsystem C,Sensor J,1.361
12960,Subsystem B,Sensor F,12.028
12961,Subsystem D,Sensor O,-2.483
12962,Subsystem C,Sensor I,10.326
12963,Subsystem C,Sensor K,6.563
12964,Subsystem D,Sensor N,-2.111
12965,Subsystem C,Sensor J,1.313
12966,Subsystem D,Sensor M,-2.180
12967,Subsystem B,Sensor G,14.252
12968,Subsystem D,Sensor N,-1.643
12969,Subsystem B,Sensor F,10.989
12970,Subsystem D,Sensor N,-1.447
12971,Subsystem B,Sensor G,13.958
12972,Subsystem B,Sensor H,5.547
12973,Subsystem A,Sensor B,1.142
12974,Subsystem D,Sensor P,-2.302
12975,Subsystem D,Sensor O,-1.980
12976,Subsystem D,Sensor O,-2.643
12977,Subsystem C,Sensor K,7.267
12978,Subsystem C,Sensor I,12.202
12979,Subsystem A,Sensor C,5.524
12980,Subsystem A,Sensor A,7.508
12981,Subsystem B,Sensor F,10.940
12982,Subsystem C,Sensor I,11.461
12983,Subsystem D,Sensor N,-1.068
12984,Subsystem B,Sensor H,6.045
12985,Subsystem C,Sensor J,2.201
12986,Subsystem C,Sensor L,9.494
12987,Subsystem D,Sensor P,-0.836
12988,Subsystem A,Sensor B,1.488
12989,Subsystem A,Sensor C,7.576
12990,Subsystem D,Sensor N,-1.937
12991,Subsystem D,Sensor N,-1.733
12992,Subsystem B,Sensor F,14.788
12993,Subsystem A,Sensor D,3.321
12994,Subsystem D,Sensor O,-2.050
12995,Subsystem B,Sensor E,11.016
12996,Subsystem A,Sensor B,1.308
12997,Subsystem D,Sensor O,-2.185
12998,Subsystem C,Sensor K,7.389
12999,Subsystem A,Sensor A,7.833
13000,Subsystem A,Sensor A,7.510
13001,Subsystem B,Sensor G,14.015
13002,Subsystem A,Sensor D,3.000
13003,Subsystem B,Sensor F,13.160
13004,Subsystem A,Sensor D,3.197
13005,Subsystem B,Sensor G,14.804
13006,Subsystem D,Sensor M,-2.146
13007,Subsystem C,Sensor J,2.268
13008,Subsystem D,Sensor N,-2.051
13009,Subsystem C,Sensor J,1.365
13010,Subsystem D,Sensor M,-2.297
13011,Subsystem A,Sensor A,7.250
13012,Subsystem A,Sensor A,10.032
13013,Subsystem B,Sensor G,13.711
13014,Subsystem D,Sensor P,-0.716
13015,Subsystem C,Sensor J,1.111
13016,Subsystem B,Sensor H,3.314
13017,Subsystem C,Sensor L,10.022
13018,Subsystem D,Sensor M,-2.220
13019,Subsystem D,Sensor P,-0.780
13020,Subsystem A,Sensor A,7.693
13021,Subsystem B,Sensor F,13.770
13022,Subsystem C,Sensor I,10.214
13023,Subsystem C,Sensor J,1.915
13024,Subsystem C,Sensor I,9.711
13025,Subsystem C,Sensor I,8.232
13026,Subsystem B,Sensor E,12.493
13027,Subsystem A,Sensor D,1.371
13028,Subsystem B,Sensor E,11.061
13029,Subsystem C,Sensor I,7.989
13030,Subsystem D,Sensor M,-1.805
13031,Subsystem B,Sensor F,13.935
13032,Subsystem A,Sensor A,8.602
13033,Subsystem A,Sensor D,3.645
13034,Subsystem D,Sensor N,-2.083
13035,Subsystem D,Sensor N,-0.136
13036,Subsystem C,Sensor J,2.323
13037,Subsystem A,Sensor B,1.000
13038,Subsystem B,Sensor F,15.000
13039,Subsystem B,Sensor H,3.057
13040,Subsystem B,Sensor G,13.811
13041,Subsystem C,Sensor J,1.987
13042,Subsystem C,Sensor L,8.463
13043,Subsystem B,Sensor F,13.344
13044,Subsystem D,Sensor M,-2.814
13045,Subsystem A,Sensor B,1.054
13046,Subsystem C,Sensor J,2.671
13047,Subsystem A,Sensor C,7.562
13048,Subsystem B,Sensor F,10.615
13049,Subsystem B,Sensor G,13.638
13050,Subsystem D,Sensor N,-1.714
13051,Subsystem C,Sensor K,7.972
13052,Subsystem C,Sensor K,4.658
13053,Subsystem C,Sensor L,8.248
13054,Subsystem B,Sensor H,4.011
13055,Subsystem A,Sensor D,1.588
13056,Subsystem B,Sensor F,15.000
13057,Subsystem D,Sensor P,-0.871
13058,Subsystem B,Sensor H,3.893
13059,Subsystem A,Sensor C,5.596
13060,Subsystem A,Sensor B,1.689
13061,Subsystem C,Sensor I,9.331
13062,Subsystem B,Sensor E,8.913
13063,Subsystem B,Sensor F,13.560
13064,Subsystem C,Sensor L,7.997
13065,Subsystem D,Sensor N,-1.621
13066,Subsystem C,Sensor I,10.042
13067,Subsystem B,Sensor G,13.748
13068,Subsystem B,Sensor G,14.678
13069,Subsystem B,Sensor G,13.031
13070,Subsystem B,Sensor H,4.203
13071,Subsystem B,Sensor G,14.186
13072,Subsystem D,Sensor P,-1.516
13073,Subsystem C,Sensor I,8.889
13074,Subsystem B,Sensor H,5.299
13075,Subsystem B,Sensor H,7.305
13076,Subsystem B,Sensor F,14.179
13077,Subsystem A,Sensor B,1.568
13078,Subsystem B,Sensor G,13.135
13079,Subsystem B,Sensor E,12.154
13080,Subsystem B,Sensor E,10.785
13081,Subsystem A,Sensor D,1.839
13082,Subsystem A,Sensor C,3.749
13083,Subsystem A,Sensor B,1.161
13084,Subsystem B,Sensor F,14.597
13085,Subsystem C,Sensor I,8.117
13086,Subsystem B,Sensor E,12.157
13087,Subsystem B,Sensor H,5.614
13088,Subsystem A,Sensor D,1.648
13089,Subsystem C,Sensor L,9.055
13090,Subsystem A,Sensor B,2.148
13091,Subsystem C,Sensor K,5.035
13092,Subsystem C,Sensor L,7.927
13093,Subsystem D,Sensor N,-1.230
13094,Subsystem A,Sensor D,2.034
13095,Subsystem D,Sensor O,-1.668
13096,Subsystem C,Sensor L,10.629
13097,Subsystem D,Sensor P,-0.209
13098,Subsystem B,Sensor F,10.885
13099,Subsystem C,Sensor L,8.021
13100,Subsystem B,Sensor G,13.240
13101,Subsystem D,Sensor N,-1.027
13102,Subsystem B,Sensor E,9.613
13103,Subsystem B,Sensor H,5.328
13104,Subsystem A,Sensor A,10.093
13105,Subsystem D,Sensor M,-2.207
13106,Subsystem C,Sensor I,9.499
13107,Subsystem D,Sensor N,-1.159
13108,Subsystem C,Sensor L,10.358
13109,Subsystem A,Sensor B,1.711
13110,Subsystem D,Sensor N,-1.651
13111,Subsystem A,Sensor B,2.152
13112,Subsystem D,Sensor N,-1.763
13113,Subsystem A,Sensor D,3.021
13114,Subsystem C,Sensor I,12.286
13115,Subsystem C,Sensor I,8.213
13116,Subsystem D,Sensor P,-1.120
13117,Subsystem C,Sensor L,9.584
13118,Subsystem B,Sensor F,10.419
13119,Subsystem B,Sensor E,8.827
13120,Subsystem A,Sensor C,4.042
13121,Subsystem D,Sensor M,-2.742
13122,Subsystem C,Sensor I,9.168
13123,Subsystem D,Sensor N,-1.667
13124,Subsystem D,Sensor M,-2.321
13125,Subsystem D,Sensor P,-1.928
13126,Subsystem A,Sensor D,2.301
13127,Subsystem B,Sensor E,12.512
13128,Subsystem A,Sensor C,7.180
13129,Subsystem B,Sensor F,11.401
13130,Subsystem D,Sensor N,-0.570
13131,Subsystem A,Sensor D,3.569
13132,Subsystem B,Sensor F,13.642
13133,Subsystem C,Sensor L,8.694
13134,Subsystem C,Sensor K,7.864
13135,Subsystem B,Sensor E,12.330
13136,Subsystem D,Sensor M,-2.696
13137,Subsystem C,Sensor K,7.845
13138,Subsystem A,Sensor B,1.474
13139,Subsystem B,Sensor H,5.513
13140,Subsystem B,Sensor F,11.129
13141,Subsystem A,Sensor A,8.543
13142,Subsystem B,Sensor G,12.720
13143,Subsystem C,Sensor K,7.678
13144,Subsystem C,Sensor K,4.951
13145,Subsystem A,Sensor C,6.562
13146,Subsystem D,Sensor N,-1.229
13147,Subsystem C,Sensor K,6.310
13148,Subsystem B,Sensor E,9.291
13149,Subsystem A,Sensor A,4.749
13150,Subsystem A,Sensor A,9.113
13151,Subsystem C,Sensor I,11.538
13152,Subsystem A,Sensor B,1.034
13153,Subsystem D,Sensor O,-2.623
13154,Subsystem D,Sensor P,-0.032
13155,Subsystem C,Sensor K,4.638
13156,Subsystem B,Sensor G,13.977
13157,Subsystem A,Sensor A,7.661
13158,Subsystem D,Sensor O,-0.892
13159,Subsystem D,Sensor M,-1.855
13160,Subsystem A,Sensor A,5.049
13161,Subsystem A,Sensor C,7.646
13162,Subsystem D,Sensor M,-1.746
13163,Subsystem B,Sensor H,5.894
13164,Subsystem B,Sensor F,13.032
13165,Subsystem C,Sensor J,2.827
13166,Subsystem B,Sensor E,9.242
13167,Subsystem D,Sensor P,-0.026
13168,Subsystem B,Sensor F,11.676
13169,Subsystem A,Sensor B,1.397
13170,Subsystem A,Sensor A,8.517
13171,Subsystem B,Sensor H,6.351
13172,Subsystem C,Sensor K,7.368
13173,Subsystem C,Sensor I,8.918
13174,Subsystem A,Sensor D,3.300
13175,Subsystem C,Sensor K,7.583
13176,Subsystem D,Sensor M,-1.919
13177,Subsystem D,Sensor M,-2.164
13178,Subsystem B,Sensor H,4.312
13179,Subsystem A,Sensor D,3.912
13180,Subsystem D,Sensor M,-1.802
13181,Subsystem B,Sensor F,11.365
13182,Subsystem D,Sensor M,-2.388
13183,Subsystem A,Sensor C,3.470
13184,Subsystem C,Sensor I,7.720
13185,Subsystem C,Sensor L,8.975
13186,Subsystem A,Sensor D,1.270
13187,Subsystem B,Sensor G,13.853
13188,Subsystem D,Sensor M,-2.137
13189,Subsystem C,Sensor I,9.440
13190,Subsystem D,Sensor M,-2.680
13191,Subsystem D,Sensor P,-0.740
13192,Subsystem B,Sensor F,12.709
13193,Subsystem C,Sensor L,10.002
13194,Subsystem D,Sensor O,-1.465
13195,Subsystem D,Sensor P,-1.855
13196,Subsystem C,Sensor I,9.351
13197,Subsystem B,Sensor G,13.433
13198,Subsystem D,Sensor O,-2.142
13199,Subsystem D,Sensor N,-1.052
13200,Subsystem C,Sensor K,7.835
13201,Subsystem D,Sensor M,-2.766
13202,Subsystem B,Sensor E,10.123
13203,Subsystem C,Sensor L,9.195
13204,Subsystem B,Sensor E,9.081
13205,Subsystem B,Sensor G,14.513
13206,Subsystem D,Sensor M,-2.728
13207,Subsystem D,Sensor P,-2.332
13208,Subsystem C,Sensor L,9.452
13209,Subsystem C,Sensor K,4.927
13210,Subsystem B,Sensor F,13.858
13211,Subsystem B,Sensor H,5.684
13212,Subsystem B,Sensor H,3.946
13213,Subsystem A,Sensor D,2.145
13214,Subsystem A,Sensor D,1.631
13215,Subsystem B,Sensor H,4.206
13216,Subsystem C,Sensor K,8.093
13217,Subsystem D,Sensor M,-2.773
13218,Subsystem C,Sensor K,7.337
13219,Subsystem D,Sensor P,-0.923
13220,Subsystem C,Sensor J,1.000
13221,Subsystem D,Sensor N,-1.597
13222,Subsystem D,Sensor N,-1.450
13223,Subsystem A,Sensor C,5.733
13224,Subsystem C,Sensor K,7.667
13225,Subsystem B,Sensor H,4.898
13226,Subsystem A,Sensor B,1.234
13227,Subsystem B,Sensor F,14.563
13228,Subsystem B,Sensor F,11.413
13229,Subsystem C,Sensor J,1.204
13230,Subsystem D,Sensor O,-2.086
13231,Subsystem B,Sensor E,9.898
13232,Subsystem C,Sensor I,7.853
13233,Subsystem B,Sensor E,9.367
13234,Subsystem C,Sensor K,6.267
13235,Subsystem B,Sensor H,6.981
13236,Subsystem A,Sensor A,9.015
13237,Subsystem D,Sensor M,-2.050
13238,Subsystem D,Sensor M,-2.497
13239,Subsystem A,Sensor D,1.721
13240,Subsystem D,Sensor N,-1.190
13241,Subsystem D,Sensor N,-0.932
13242,Subsystem A,Sensor A,8.270
13243,Subsystem D,Sensor O,-1.774
13244,Subsystem D,Sensor P,-0.655
13245,Subsystem B,Sensor G,13.243
13246,Subsystem D,Sensor O,-1.629
13247,Subsystem A,Sensor A,8.015
13248,Subsystem A,Sensor A,7.340
13249,Subsystem C,Sensor K,7.475
13250,Subsystem A,Sensor C,7.948
13251,Subsystem A,Sensor D,2.385
13252,Subsystem D,Sensor O,-2.452
13253,Subsystem C,Sensor I,7.056
13254,Subsystem D,Sensor P,-1.087
13255,Subsystem B,Sensor H,6.473
13256,Subsystem C,Sensor J,1.314
13257,Subsystem B,Sensor H,3.992
13258,Subsystem D,Sensor M,-2.513
13259,Subsystem C,Sensor I,7.051
13260,Subsystem B,Sensor G,13.817
13261,Subsystem B,Sensor F,12.799
13262,Subsystem C,Sensor K,5.813
13263,Subsystem B,Sensor F,11.283
13264,Subsystem D,Sensor N,-1.014
13265,Subsystem D,Sensor P,-0.391
13266,Subsystem D,Sensor N,-1.933
13267,Subsystem D,Sensor P,-2.021
13268,Subsystem D,Sensor P,-0.452
13269,Subsystem C,Sensor J,1.035
13270,Subsystem C,Sensor J,1.905
13271,Subsystem C,Sensor J,1.418
13272,Subsystem C,Sensor I,11.777
13273,Subsystem B,Sensor H,5.619
13274,Subsystem D,Sensor M,-2.561
13275,Subsystem B,Sensor F,12.678
13276,Subsystem D,Sensor O,-2.550
13277,Subsystem B,Sensor H,2.879
13278,Subsystem D,Sensor N,-1.189
13279,Subsystem C,Sensor J,1.600
13280,Subsystem A,Sensor B,1.107
13281,Subsystem A,Sensor B,1.000
13282,Subsystem A,Sensor A,4.727
13283,Subsystem C,Sensor K,6.288
13284,Subsystem D,Sensor P,-0.103
13285,Subsystem C,Sensor L,8.618
13286,Subsystem A,Sensor C,5.524
13287,Subsystem C,Sensor I,8.270
13288,Subsystem A,Sensor C,8.722
13289,Subsystem B,Sensor G,14.135
13290,Subsystem B,Sensor G,14.352
13291,Subsystem B,Sensor H,5.119
13292,Subsystem C,Sensor K,7.873
13293,Subsystem A,Sensor A,7.419
13294,Subsystem A,Sensor A,7.450
13295,Subsystem A,Sensor A,5.071
13296,Subsystem D,Sensor M,-2.548
13297,Subsystem C,Sensor L,8.958
13298,Subsystem B,Sensor G,13.957
13299,Subsystem B,Sensor G,12.816
13300,Subsystem D,Sensor O,-2.130
13301,Subsystem A,Sensor D,3.118
13302,Subsystem D,Sensor P,-1.793
13303,Subsystem D,Sensor P,0.000
13304,Subsystem D,Sensor M,-3.000
13305,Subsystem C,Sensor I,11.028
13306,Subsystem B,Sensor F,11.401
13307,Subsystem A,Sensor C,7.902
13308,Subsystem D,Sensor M,-2.846
13309,Subsystem C,Sensor J,1.952
13310,Subsystem D,Sensor O,-1.075
13311,Subsystem A,Sensor D,2.069
13312,Subsystem D,Sensor N,-1.830
13313,Subsystem C,Sensor K,8.058
13314,Subsystem B,Sensor H,6.386
13315,Subsystem C,Sensor L,8.224
13316,Subsystem A,Sensor C,3.604
13317,Subsystem D,Sensor P,-1.291
13318,Subsystem A,Sensor C,6.944
13319,Subsystem B,Sensor F,10.859
13320,Subsystem A,Sensor A,7.853
13321,Subsystem B,Sensor E,10.740
13322,Subsystem C,Sensor J,1.808
13323,Subsystem C,Sensor J,1.365
13324,Subsystem D,Sensor M,-2.615
13325,Subsystem D,Sensor P,-0.235
13326,Subsystem C,Sensor K,7.932
13327,Subsystem D,Sensor N,-2.466
13328,Subsystem D,Sensor N,-1.412
13329,Subsystem D,Sensor N,-1.656
13330,Subsystem C,Sensor I,11.769
13331,Subsystem D,Sensor O,-2.414
13332,Subsystem B,Sensor H,3.201
13333,Subsystem C,Sensor L,8.517
13334,Subsystem B,Sensor E,9.629
13335,Subsystem B,Sensor G,14.479
13336,Subsystem A,Sensor B,1.118
13337,Subsystem A,Sensor B,1.205
13338,Subsystem D,Sensor O,-2.204
13339,Subsystem C,Sensor I,12.044
13340,Subsystem C,Sensor L,9.039
13341,Subsystem D,Sensor N,-1.803
13342,Subsystem A,Sensor A,7.540
13343,Subsystem C,Sensor L,9.056
13344,Subsystem C,Sensor J,1.182
