sensor00001,1,100.000000,0.000000,0.000000
sensor00002,1,99.999980,0.062838,0.000000
sensor00003,1,99.999921,0.125676,0.000000
sensor00004,1,99.999822,0.188514,0.000000
sensor00005,1,99.999684,0.251352,0.000000
sensor00006,1,99.999506,0.314190,0.000000
sensor00007,1,99.999289,0.377028,0.000000
sensor00008,1,99.999033,0.439866,0.000000
sensor00009,1,99.998736,0.502703,0.000000
sensor00010,1,99.998401,0.565540,0.000000
sensor00011,1,99.998026,0.628377,0.000000
sensor00012,1,99.997611,0.691214,0.000000
sensor00013,1,99.997157,0.754050,0.000000
sensor00014,1,99.996663,0.816887,0.000000
sensor00015,1,99.996130,0.879723,0.000000
sensor00016,1,99.995558,0.942558,0.000000
sensor00017,1,99.994946,1.005393,0.000000
sensor00018,1,99.994294,1.068228,0.000000
sensor00019,1,99.993603,1.131062,0.000000
sensor00020,1,99.992873,1.193896,0.000000
sensor00021,1,99.992103,1.256730,0.000000
sensor00022,1,99.991293,1.319563,0.000000
sensor00023,1,99.990444,1.382395,0.000000
sensor00024,1,99.989556,1.445227,0.000000
sensor00025,1,99.988628,1.508058,0.000000
sensor00026,1,99.987661,1.570889,0.000000
sensor00027,1,99.986654,1.633719,0.000000
sensor00028,1,99.985608,1.696548,0.000000
sensor00029,1,99.984522,1.759377,0.000000
sensor00030,1,99.983396,1.822205,0.000000
sensor00031,1,99.982232,1.885032,0.000000
sensor00032,1,99.981027,1.947859,0.000000
sensor00033,1,99.979784,2.010685,0.000000
sensor00034,1,99.978500,2.073510,0.000000
sensor00035,1,99.977178,2.136334,0.000000
sensor00036,1,99.975816,2.199157,0.000000
sensor00037,1,99.974414,2.261980,0.000000
sensor00038,1,99.972973,2.324802,0.000000
sensor00039,1,99.971492,2.387622,0.000000
sensor00040,1,99.969972,2.450442,0.000000
sensor00041,1,99.968413,2.513261,0.000000
sensor00042,1,99.966814,2.576079,0.000000
sensor00043,1,99.965175,2.638895,0.000000
sensor00044,1,99.963497,2.701711,0.000000
sensor00045,1,99.961780,2.764526,0.000000
sensor00046,1,99.960023,2.827339,0.000000
sensor00047,1,99.958226,2.890152,0.000000
sensor00048,1,99.956391,2.952963,0.000000
sensor00049,1,99.954515,3.015773,0.000000
sensor00050,1,99.952600,3.078582,0.000000
sensor00051,1,99.950646,3.141390,0.000000
sensor00052,1,99.948652,3.204196,0.000000
sensor00053,1,99.946619,3.267002,0.000000
sensor00054,1,99.944547,3.329806,0.000000
sensor00055,1,99.942434,3.392608,0.000000
sensor00056,1,99.940283,3.455410,0.000000
sensor00057,1,99.938092,3.518209,0.000000
sensor00058,1,99.935861,3.581008,0.000000
sensor00059,1,99.933591,3.643805,0.000000
sensor00060,1,99.931282,3.706601,0.000000
sensor00061,1,99.928933,3.769395,0.000000
sensor00062,1,99.926545,3.832188,0.000000
sensor00063,1,99.924117,3.894979,0.000000
sensor00064,1,99.921650,3.957769,0.000000
sensor00065,1,99.919143,4.020557,0.000000
sensor00066,1,99.916597,4.083343,0.000000
sensor00067,1,99.914011,4.146128,0.000000
sensor00068,1,99.911386,4.208912,0.000000
sensor00069,1,99.908722,4.271693,0.000000
sensor00070,1,99.906018,4.334473,0.000000
sensor00071,1,99.903274,4.397251,0.000000
sensor00072,1,99.900491,4.460028,0.000000
sensor00073,1,99.897669,4.522802,0.000000
sensor00074,1,99.894807,4.585575,0.000000
sensor00075,1,99.891906,4.648347,0.000000
sensor00076,1,99.888965,4.711116,0.000000
sensor00077,1,99.885985,4.773883,0.000000
sensor00078,1,99.882966,4.836649,0.000000
sensor00079,1,99.879907,4.899412,0.000000
sensor00080,1,99.876808,4.962174,0.000000
sensor00081,1,99.873670,5.024934,0.000000
sensor00082,1,99.870493,5.087692,0.000000
sensor00083,1,99.867276,5.150447,0.000000
sensor00084,1,99.864020,5.213201,0.000000
sensor00085,1,99.860725,5.275953,0.000000
sensor00086,1,99.857390,5.338702,0.000000
sensor00087,1,99.854015,5.401450,0.000000
sensor00088,1,99.850601,5.464195,0.000000
sensor00089,1,99.847148,5.526938,0.000000
sensor00090,1,99.843655,5.589679,0.000000
sensor00091,1,99.840123,5.652418,0.000000
sensor00092,1,99.836551,5.715155,0.000000
sensor00093,1,99.832940,5.777889,0.000000
sensor00094,1,99.829290,5.840621,0.000000
sensor00095,1,99.825600,5.903351,0.000000
sensor00096,1,99.821871,5.966078,0.000000
sensor00097,1,99.818102,6.028803,0.000000
sensor00098,1,99.814294,6.091526,0.000000
sensor00099,1,99.810447,6.154246,0.000000
sensor00100,1,99.806560,6.216964,0.000000
sensor00101,1,99.802633,6.279679,0.000000
sensor00102,1,99.798668,6.342392,0.000000
sensor00103,1,99.794663,6.405102,0.000000
sensor00104,1,99.790618,6.467810,0.000000
sensor00105,1,99.786534,6.530515,0.000000
sensor00106,1,99.782411,6.593218,0.000000
sensor00107,1,99.778248,6.655918,0.000000
sensor00108,1,99.774046,6.718616,0.000000
sensor00109,1,99.769804,6.781311,0.000000
sensor00110,1,99.765523,6.844003,0.000000
sensor00111,1,99.761203,6.906692,0.000000
sensor00112,1,99.756843,6.969379,0.000000
sensor00113,1,99.752444,7.032063,0.000000
sensor00114,1,99.748006,7.094744,0.000000
sensor00115,1,99.743528,7.157422,0.000000
sensor00116,1,99.739010,7.220098,0.000000
sensor00117,1,99.734454,7.282771,0.000000
sensor00118,1,99.729858,7.345440,0.000000
sensor00119,1,99.725222,7.408107,0.000000
sensor00120,1,99.720547,7.470771,0.000000
sensor00121,1,99.715833,7.533432,0.000000
sensor00122,1,99.711080,7.596091,0.000000
sensor00123,1,99.706287,7.658746,0.000000
sensor00124,1,99.701454,7.721398,0.000000
sensor00125,1,99.696583,7.784047,0.000000
sensor00126,1,99.691672,7.846693,0.000000
sensor00127,1,99.686721,7.909335,0.000000
sensor00128,1,99.681732,7.971975,0.000000
sensor00129,1,99.676702,8.034612,0.000000
sensor00130,1,99.671634,8.097245,0.000000
sensor00131,1,99.666526,8.159875,0.000000
sensor00132,1,99.661379,8.222502,0.000000
sensor00133,1,99.656192,8.285126,0.000000
sensor00134,1,99.650967,8.347746,0.000000
sensor00135,1,99.645701,8.410364,0.000000
sensor00136,1,99.640397,8.472977,0.000000
sensor00137,1,99.635053,8.535588,0.000000
sensor00138,1,99.629669,8.598195,0.000000
sensor00139,1,99.624247,8.660799,0.000000
sensor00140,1,99.618785,8.723399,0.000000
sensor00141,1,99.613284,8.785996,0.000000
sensor00142,1,99.607743,8.848589,0.000000
sensor00143,1,99.602163,8.911179,0.000000
sensor00144,1,99.596544,8.973766,0.000000
sensor00145,1,99.590885,9.036348,0.000000
sensor00146,1,99.585187,9.098928,0.000000
sensor00147,1,99.579450,9.161503,0.000000
sensor00148,1,99.573673,9.224075,0.000000
sensor00149,1,99.567857,9.286644,0.000000
sensor00150,1,99.562002,9.349209,0.000000
sensor00151,1,99.556108,9.411770,0.000000
sensor00152,1,99.550174,9.474327,0.000000
sensor00153,1,99.544201,9.536881,0.000000
sensor00154,1,99.538188,9.599430,0.000000
sensor00155,1,99.532137,9.661977,0.000000
sensor00156,1,99.526046,9.724519,0.000000
sensor00157,1,99.519915,9.787057,0.000000
sensor00158,1,99.513746,9.849592,0.000000
sensor00159,1,99.507537,9.912122,0.000000
sensor00160,1,99.501288,9.974649,0.000000
sensor00161,1,99.495001,10.037172,0.000000
sensor00162,1,99.488674,10.099691,0.000000
sensor00163,1,99.482308,10.162205,0.000000
sensor00164,1,99.475902,10.224716,0.000000
sensor00165,1,99.469458,10.287223,0.000000
sensor00166,1,99.462974,10.349726,0.000000
sensor00167,1,99.456451,10.412224,0.000000
sensor00168,1,99.449888,10.474719,0.000000
sensor00169,1,99.443286,10.537209,0.000000
sensor00170,1,99.436645,10.599696,0.000000
sensor00171,1,99.429965,10.662178,0.000000
sensor00172,1,99.423246,10.724655,0.000000
sensor00173,1,99.416487,10.787129,0.000000
sensor00174,1,99.409689,10.849598,0.000000
sensor00175,1,99.402851,10.912063,0.000000
sensor00176,1,99.395975,10.974524,0.000000
sensor00177,1,99.389059,11.036981,0.000000
sensor00178,1,99.382104,11.099433,0.000000
sensor00179,1,99.375110,11.161880,0.000000
sensor00180,1,99.368076,11.224324,0.000000
sensor00181,1,99.361003,11.286762,0.000000
sensor00182,1,99.353891,11.349197,0.000000
sensor00183,1,99.346740,11.411627,0.000000
sensor00184,1,99.339550,11.474052,0.000000
sensor00185,1,99.332320,11.536473,0.000000
sensor00186,1,99.325051,11.598889,0.000000
sensor00187,1,99.317743,11.661301,0.000000
sensor00188,1,99.310396,11.723708,0.000000
sensor00189,1,99.303009,11.786110,0.000000
sensor00190,1,99.295583,11.848508,0.000000
sensor00191,1,99.288118,11.910901,0.000000
sensor00192,1,99.280614,11.973290,0.000000
sensor00193,1,99.273071,12.035674,0.000000
sensor00194,1,99.265488,12.098053,0.000000
sensor00195,1,99.257866,12.160427,0.000000
sensor00196,1,99.250205,12.222796,0.000000
sensor00197,1,99.242505,12.285161,0.000000
sensor00198,1,99.234766,12.347520,0.000000
sensor00199,1,99.226987,12.409875,0.000000
sensor00200,1,99.219170,12.472225,0.000000
sensor00201,1,99.211313,12.534570,0.000000
sensor00202,1,99.203417,12.596910,0.000000
sensor00203,1,99.195481,12.659245,0.000000
sensor00204,1,99.187507,12.721575,0.000000
sensor00205,1,99.179493,12.783901,0.000000
sensor00206,1,99.171441,12.846221,0.000000
sensor00207,1,99.163349,12.908535,0.000000
sensor00208,1,99.155218,12.970845,0.000000
sensor00209,1,99.147047,13.033150,0.000000
sensor00210,1,99.138838,13.095450,0.000000
sensor00211,1,99.130589,13.157744,0.000000
sensor00212,1,99.122302,13.220033,0.000000
sensor00213,1,99.113975,13.282317,0.000000
sensor00214,1,99.105609,13.344596,0.000000
sensor00215,1,99.097204,13.406869,0.000000
sensor00216,1,99.088760,13.469138,0.000000
sensor00217,1,99.080277,13.531401,0.000000
sensor00218,1,99.071754,13.593658,0.000000
sensor00219,1,99.063193,13.655910,0.000000
sensor00220,1,99.054592,13.718157,0.000000
sensor00221,1,99.045952,13.780398,0.000000
sensor00222,1,99.037273,13.842634,0.000000
sensor00223,1,99.028555,13.904865,0.000000
sensor00224,1,99.019798,13.967090,0.000000
sensor00225,1,99.011002,14.029309,0.000000
sensor00226,1,99.002167,14.091523,0.000000
sensor00227,1,98.993292,14.153731,0.000000
sensor00228,1,98.984379,14.215934,0.000000
sensor00229,1,98.975426,14.278131,0.000000
sensor00230,1,98.966434,14.340323,0.000000
sensor00231,1,98.957404,14.402508,0.000000
sensor00232,1,98.948334,14.464689,0.000000
sensor00233,1,98.939225,14.526863,0.000000
sensor00234,1,98.930077,14.589032,0.000000
sensor00235,1,98.920890,14.651195,0.000000
sensor00236,1,98.911664,14.713352,0.000000
sensor00237,1,98.902399,14.775503,0.000000
sensor00238,1,98.893095,14.837649,0.000000
sensor00239,1,98.883751,14.899788,0.000000
sensor00240,1,98.874369,14.961922,0.000000
sensor00241,1,98.864948,15.024050,0.000000
sensor00242,1,98.855488,15.086172,0.000000
sensor00243,1,98.845988,15.148288,0.000000
sensor00244,1,98.836450,15.210398,0.000000
sensor00245,1,98.826872,15.272502,0.000000
sensor00246,1,98.817256,15.334600,0.000000
sensor00247,1,98.807600,15.396692,0.000000
sensor00248,1,98.797906,15.458777,0.000000
sensor00249,1,98.788172,15.520857,0.000000
sensor00250,1,98.778400,15.582931,0.000000
sensor00251,1,98.768588,15.644998,0.000000
sensor00252,1,98.758738,15.707059,0.000000
sensor00253,1,98.748848,15.769114,0.000000
sensor00254,1,98.738920,15.831163,0.000000
sensor00255,1,98.728952,15.893206,0.000000
sensor00256,1,98.718946,15.955242,0.000000
sensor00257,1,98.708900,16.017272,0.000000
sensor00258,1,98.698816,16.079296,0.000000
sensor00259,1,98.688692,16.141313,0.000000
sensor00260,1,98.678530,16.203324,0.000000
sensor00261,1,98.668329,16.265329,0.000000
sensor00262,1,98.658088,16.327327,0.000000
sensor00263,1,98.647809,16.389318,0.000000
sensor00264,1,98.637491,16.451304,0.000000
sensor00265,1,98.627134,16.513282,0.000000
sensor00266,1,98.616738,16.575254,0.000000
sensor00267,1,98.606303,16.637220,0.000000
sensor00268,1,98.595829,16.699179,0.000000
sensor00269,1,98.585316,16.761132,0.000000
sensor00270,1,98.574764,16.823078,0.000000
sensor00271,1,98.564173,16.885017,0.000000
sensor00272,1,98.553543,16.946949,0.000000
sensor00273,1,98.542875,17.008875,0.000000
sensor00274,1,98.532167,17.070794,0.000000
sensor00275,1,98.521421,17.132707,0.000000
sensor00276,1,98.510635,17.194612,0.000000
sensor00277,1,98.499811,17.256511,0.000000
sensor00278,1,98.488948,17.318403,0.000000
sensor00279,1,98.478046,17.380288,0.000000
sensor00280,1,98.467105,17.442167,0.000000
sensor00281,1,98.456125,17.504038,0.000000
sensor00282,1,98.445107,17.565903,0.000000
sensor00283,1,98.434049,17.627760,0.000000
sensor00284,1,98.422953,17.689611,0.000000
sensor00285,1,98.411818,17.751455,0.000000
sensor00286,1,98.400644,17.813291,0.000000
sensor00287,1,98.389431,17.875121,0.000000
sensor00288,1,98.378179,17.936943,0.000000
sensor00289,1,98.366888,17.998759,0.000000
sensor00290,1,98.355559,18.060567,0.000000
sensor00291,1,98.344190,18.122368,0.000000
sensor00292,1,98.332783,18.184163,0.000000
sensor00293,1,98.321337,18.245949,0.000000
sensor00294,1,98.309852,18.307729,0.000000
sensor00295,1,98.298329,18.369502,0.000000
sensor00296,1,98.286766,18.431267,0.000000
sensor00297,1,98.275165,18.493025,0.000000
sensor00298,1,98.263525,18.554775,0.000000
sensor00299,1,98.251846,18.616519,0.000000
sensor00300,1,98.240128,18.678255,0.000000
sensor00301,1,98.228372,18.739983,0.000000
sensor00302,1,98.216577,18.801704,0.000000
sensor00303,1,98.204743,18.863418,0.000000
sensor00304,1,98.192870,18.925124,0.000000
sensor00305,1,98.180958,18.986823,0.000000
sensor00306,1,98.169008,19.048515,0.000000
sensor00307,1,98.157019,19.110198,0.000000
sensor00308,1,98.144991,19.171875,0.000000
sensor00309,1,98.132924,19.233543,0.000000
sensor00310,1,98.120819,19.295204,0.000000
sensor00311,1,98.108675,19.356858,0.000000
sensor00312,1,98.096492,19.418504,0.000000
sensor00313,1,98.084270,19.480142,0.000000
sensor00314,1,98.072010,19.541772,0.000000
sensor00315,1,98.059711,19.603395,0.000000
sensor00316,1,98.047373,19.665010,0.000000
sensor00317,1,98.034997,19.726617,0.000000
sensor00318,1,98.022581,19.788217,0.000000
sensor00319,1,98.010128,19.849809,0.000000
sensor00320,1,97.997635,19.911392,0.000000
sensor00321,1,97.985104,19.972968,0.000000
sensor00322,1,97.972534,20.034536,0.000000
sensor00323,1,97.959925,20.096097,0.000000
sensor00324,1,97.947278,20.157649,0.000000
sensor00325,1,97.934592,20.219193,0.000000
sensor00326,1,97.921867,20.280729,0.000000
sensor00327,1,97.909104,20.342258,0.000000
sensor00328,1,97.896302,20.403778,0.000000
sensor00329,1,97.883461,20.465290,0.000000
sensor00330,1,97.870581,20.526794,0.000000
sensor00331,1,97.857664,20.588290,0.000000
sensor00332,1,97.844707,20.649778,0.000000
sensor00333,1,97.831712,20.711258,0.000000
sensor00334,1,97.818678,20.772729,0.000000
sensor00335,1,97.805605,20.834193,0.000000
sensor00336,1,97.792494,20.895648,0.000000
sensor00337,1,97.779344,20.957095,0.000000
sensor00338,1,97.766156,21.018533,0.000000
sensor00339,1,97.752929,21.079963,0.000000
sensor00340,1,97.739664,21.141385,0.000000
sensor00341,1,97.726359,21.202799,0.000000
sensor00342,1,97.713017,21.264204,0.000000
sensor00343,1,97.699635,21.325601,0.000000
sensor00344,1,97.686215,21.386989,0.000000
sensor00345,1,97.672757,21.448369,0.000000
sensor00346,1,97.659260,21.509741,0.000000
sensor00347,1,97.645724,21.571104,0.000000
sensor00348,1,97.632150,21.632458,0.000000
sensor00349,1,97.618537,21.693804,0.000000
sensor00350,1,97.604886,21.755142,0.000000
sensor00351,1,97.591196,21.816471,0.000000
sensor00352,1,97.577468,21.877791,0.000000
sensor00353,1,97.563701,21.939102,0.000000
sensor00354,1,97.549896,22.000405,0.000000
sensor00355,1,97.536052,22.061699,0.000000
sensor00356,1,97.522170,22.122985,0.000000
sensor00357,1,97.508249,22.184262,0.000000
sensor00358,1,97.494289,22.245529,0.000000
sensor00359,1,97.480291,22.306789,0.000000
sensor00360,1,97.466255,22.368039,0.000000
sensor00361,1,97.452180,22.429281,0.000000
sensor00362,1,97.438067,22.490513,0.000000
sensor00363,1,97.423915,22.551737,0.000000
sensor00364,1,97.409724,22.612952,0.000000
sensor00365,1,97.395496,22.674158,0.000000
sensor00366,1,97.381228,22.735355,0.000000
sensor00367,1,97.366923,22.796543,0.000000
sensor00368,1,97.352578,22.857722,0.000000
sensor00369,1,97.338196,22.918892,0.000000
sensor00370,1,97.323775,22.980053,0.000000
sensor00371,1,97.309315,23.041205,0.000000
sensor00372,1,97.294818,23.102348,0.000000
sensor00373,1,97.280281,23.163482,0.000000
sensor00374,1,97.265707,23.224606,0.000000
sensor00375,1,97.251093,23.285722,0.000000
sensor00376,1,97.236442,23.346828,0.000000
sensor00377,1,97.221752,23.407925,0.000000
sensor00378,1,97.207024,23.469012,0.000000
sensor00379,1,97.192257,23.530091,0.000000
sensor00380,1,97.177452,23.591160,0.000000
sensor00381,1,97.162609,23.652220,0.000000
sensor00382,1,97.147727,23.713270,0.000000
sensor00383,1,97.132807,23.774311,0.000000
sensor00384,1,97.117848,23.835343,0.000000
sensor00385,1,97.102851,23.896366,0.000000
sensor00386,1,97.087816,23.957378,0.000000
sensor00387,1,97.072742,24.018382,0.000000
sensor00388,1,97.057631,24.079376,0.000000
sensor00389,1,97.042480,24.140360,0.000000
sensor00390,1,97.027292,24.201335,0.000000
sensor00391,1,97.012065,24.262301,0.000000
sensor00392,1,96.996800,24.323256,0.000000
sensor00393,1,96.981497,24.384203,0.000000
sensor00394,1,96.966155,24.445139,0.000000
sensor00395,1,96.950775,24.506066,0.000000
sensor00396,1,96.935356,24.566983,0.000000
sensor00397,1,96.919900,24.627891,0.000000
sensor00398,1,96.904405,24.688788,0.000000
sensor00399,1,96.888872,24.749677,0.000000
sensor00400,1,96.873301,24.810555,0.000000
sensor00401,1,96.857691,24.871423,0.000000
sensor00402,1,96.842043,24.932282,0.000000
sensor00403,1,96.826357,24.993131,0.000000
sensor00404,1,96.810633,25.053970,0.000000
sensor00405,1,96.794870,25.114799,0.000000
sensor00406,1,96.779069,25.175618,0.000000
sensor00407,1,96.763230,25.236427,0.000000
sensor00408,1,96.747353,25.297226,0.000000
sensor00409,1,96.731438,25.358015,0.000000
sensor00410,1,96.715484,25.418795,0.000000
sensor00411,1,96.699492,25.479564,0.000000
sensor00412,1,96.683462,25.540323,0.000000
sensor00413,1,96.667394,25.601072,0.000000
sensor00414,1,96.651288,25.661811,0.000000
sensor00415,1,96.635143,25.722540,0.000000
sensor00416,1,96.618961,25.783258,0.000000
sensor00417,1,96.602740,25.843967,0.000000
sensor00418,1,96.586481,25.904665,0.000000
sensor00419,1,96.570184,25.965353,0.000000
sensor00420,1,96.553849,26.026031,0.000000
sensor00421,1,96.537475,26.086698,0.000000
sensor00422,1,96.521064,26.147356,0.000000
sensor00423,1,96.504614,26.208003,0.000000
sensor00424,1,96.488127,26.268639,0.000000
sensor00425,1,96.471601,26.329265,0.000000
sensor00426,1,96.455037,26.389881,0.000000
sensor00427,1,96.438435,26.450486,0.000000
sensor00428,1,96.421795,26.511081,0.000000
sensor00429,1,96.405117,26.571666,0.000000
sensor00430,1,96.388401,26.632240,0.000000
sensor00431,1,96.371647,26.692803,0.000000
sensor00432,1,96.354854,26.753356,0.000000
sensor00433,1,96.338024,26.813898,0.000000
sensor00434,1,96.321156,26.874430,0.000000
sensor00435,1,96.304249,26.934951,0.000000
sensor00436,1,96.287305,26.995461,0.000000
sensor00437,1,96.270322,27.055961,0.000000
sensor00438,1,96.253302,27.116450,0.000000
sensor00439,1,96.236243,27.176929,0.000000
sensor00440,1,96.219147,27.237396,0.000000
sensor00441,1,96.202012,27.297853,0.000000
sensor00442,1,96.184840,27.358300,0.000000
sensor00443,1,96.167630,27.418735,0.000000
sensor00444,1,96.150381,27.479159,0.000000
sensor00445,1,96.133095,27.539573,0.000000
sensor00446,1,96.115770,27.599976,0.000000
sensor00447,1,96.098408,27.660368,0.000000
sensor00448,1,96.081008,27.720749,0.000000
sensor00449,1,96.063570,27.781119,0.000000
sensor00450,1,96.046094,27.841478,0.000000
sensor00451,1,96.028580,27.901826,0.000000
sensor00452,1,96.011028,27.962163,0.000000
sensor00453,1,95.993438,28.022489,0.000000
sensor00454,1,95.975810,28.082804,0.000000
sensor00455,1,95.958144,28.143108,0.000000
sensor00456,1,95.940441,28.203401,0.000000
sensor00457,1,95.922699,28.263682,0.000000
sensor00458,1,95.904920,28.323953,0.000000
sensor00459,1,95.887103,28.384212,0.000000
sensor00460,1,95.869248,28.444460,0.000000
sensor00461,1,95.851355,28.504697,0.000000
sensor00462,1,95.833424,28.564922,0.000000
sensor00463,1,95.815456,28.625137,0.000000
sensor00464,1,95.797449,28.685340,0.000000
sensor00465,1,95.779405,28.745531,0.000000
sensor00466,1,95.761323,28.805712,0.000000
sensor00467,1,95.743203,28.865881,0.000000
sensor00468,1,95.725045,28.926038,0.000000
sensor00469,1,95.706850,28.986184,0.000000
sensor00470,1,95.688617,29.046319,0.000000
sensor00471,1,95.670346,29.106442,0.000000
sensor00472,1,95.652037,29.166554,0.000000
sensor00473,1,95.633690,29.226654,0.000000
sensor00474,1,95.615306,29.286743,0.000000
sensor00475,1,95.596884,29.346820,0.000000
sensor00476,1,95.578424,29.406885,0.000000
sensor00477,1,95.559926,29.466939,0.000000
sensor00478,1,95.541391,29.526982,0.000000
sensor00479,1,95.522818,29.587012,0.000000
sensor00480,1,95.504207,29.647031,0.000000
sensor00481,1,95.485558,29.707038,0.000000
sensor00482,1,95.466872,29.767034,0.000000
sensor00483,1,95.448148,29.827017,0.000000
sensor00484,1,95.429387,29.886989,0.000000
sensor00485,1,95.410588,29.946950,0.000000
sensor00486,1,95.391751,30.006898,0.000000
sensor00487,1,95.372876,30.066834,0.000000
sensor00488,1,95.353964,30.126759,0.000000
sensor00489,1,95.335014,30.186672,0.000000
sensor00490,1,95.316026,30.246572,0.000000
sensor00491,1,95.297001,30.306461,0.000000
sensor00492,1,95.277938,30.366338,0.000000
sensor00493,1,95.258838,30.426203,0.000000
sensor00494,1,95.239700,30.486056,0.000000
sensor00495,1,95.220524,30.545897,0.000000
sensor00496,1,95.201311,30.605725,0.000000
sensor00497,1,95.182060,30.665542,0.000000
sensor00498,1,95.162771,30.725347,0.000000
sensor00499,1,95.143445,30.785139,0.000000
sensor00500,1,95.124082,30.844919,0.000000
sensor00501,1,95.104681,30.904688,0.000000
sensor00502,1,95.085242,30.964443,0.000000
sensor00503,1,95.065766,31.024187,0.000000
sensor00504,1,95.046252,31.083919,0.000000
sensor00505,1,95.026701,31.143638,0.000000
sensor00506,1,95.007112,31.203345,0.000000
sensor00507,1,94.987485,31.263039,0.000000
sensor00508,1,94.967822,31.322721,0.000000
sensor00509,1,94.948120,31.382391,0.000000
sensor00510,1,94.928381,31.442049,0.000000
sensor00511,1,94.908605,31.501694,0.000000
sensor00512,1,94.888791,31.561326,0.000000
sensor00513,1,94.868940,31.620946,0.000000
sensor00514,1,94.849051,31.680554,0.000000
sensor00515,1,94.829125,31.740149,0.000000
sensor00516,1,94.809161,31.799732,0.000000
sensor00517,1,94.789160,31.859302,0.000000
sensor00518,1,94.769122,31.918859,0.000000
sensor00519,1,94.749046,31.978404,0.000000
sensor00520,1,94.728932,32.037936,0.000000
sensor00521,1,94.708782,32.097456,0.000000
sensor00522,1,94.688594,32.156963,0.000000
sensor00523,1,94.668368,32.216457,0.000000
sensor00524,1,94.648105,32.275938,0.000000
sensor00525,1,94.627805,32.335407,0.000000
sensor00526,1,94.607467,32.394863,0.000000
sensor00527,1,94.587092,32.454306,0.000000
sensor00528,1,94.566680,32.513736,0.000000
sensor00529,1,94.546230,32.573154,0.000000
sensor00530,1,94.525743,32.632559,0.000000
sensor00531,1,94.505219,32.691950,0.000000
sensor00532,1,94.484657,32.751329,0.000000
sensor00533,1,94.464058,32.810695,0.000000
sensor00534,1,94.443422,32.870048,0.000000
sensor00535,1,94.422748,32.929388,0.000000
sensor00536,1,94.402037,32.988715,0.000000
sensor00537,1,94.381289,33.048029,0.000000
sensor00538,1,94.360504,33.107330,0.000000
sensor00539,1,94.339681,33.166618,0.000000
sensor00540,1,94.318821,33.225893,0.000000
sensor00541,1,94.297924,33.285154,0.000000
sensor00542,1,94.276990,33.344403,0.000000
sensor00543,1,94.256018,33.403638,0.000000
sensor00544,1,94.235009,33.462860,0.000000
sensor00545,1,94.213963,33.522069,0.000000
sensor00546,1,94.192880,33.581265,0.000000
sensor00547,1,94.171760,33.640447,0.000000
sensor00548,1,94.150602,33.699616,0.000000
sensor00549,1,94.129407,33.758772,0.000000
sensor00550,1,94.108175,33.817915,0.000000
sensor00551,1,94.086906,33.877044,0.000000
sensor00552,1,94.065600,33.936160,0.000000
sensor00553,1,94.044256,33.995262,0.000000
sensor00554,1,94.022876,34.054351,0.000000
sensor00555,1,94.001458,34.113426,0.000000
sensor00556,1,93.980003,34.172488,0.000000
sensor00557,1,93.958511,34.231537,0.000000
sensor00558,1,93.936982,34.290572,0.000000
sensor00559,1,93.915416,34.349593,0.000000
sensor00560,1,93.893813,34.408601,0.000000
sensor00561,1,93.872173,34.467596,0.000000
sensor00562,1,93.850496,34.526576,0.000000
sensor00563,1,93.828781,34.585543,0.000000
sensor00564,1,93.807030,34.644497,0.000000
sensor00565,1,93.785241,34.703437,0.000000
sensor00566,1,93.763416,34.762363,0.000000
sensor00567,1,93.741553,34.821275,0.000000
sensor00568,1,93.719654,34.880174,0.000000
sensor00569,1,93.697717,34.939058,0.000000
sensor00570,1,93.675744,34.997929,0.000000
sensor00571,1,93.653733,35.056787,0.000000
sensor00572,1,93.631686,35.115630,0.000000
sensor00573,1,93.609601,35.174459,0.000000
sensor00574,1,93.587480,35.233275,0.000000
sensor00575,1,93.565321,35.292077,0.000000
sensor00576,1,93.543126,35.350864,0.000000
sensor00577,1,93.520894,35.409638,0.000000
sensor00578,1,93.498624,35.468398,0.000000
sensor00579,1,93.476318,35.527144,0.000000
sensor00580,1,93.453975,35.585875,0.000000
sensor00581,1,93.431595,35.644593,0.000000
sensor00582,1,93.409178,35.703297,0.000000
sensor00583,1,93.386725,35.761986,0.000000
sensor00584,1,93.364234,35.820662,0.000000
sensor00585,1,93.341707,35.879323,0.000000
sensor00586,1,93.319142,35.937970,0.000000
sensor00587,1,93.296541,35.996603,0.000000
sensor00588,1,93.273903,36.055222,0.000000
sensor00589,1,93.251228,36.113826,0.000000
sensor00590,1,93.228517,36.172416,0.000000
sensor00591,1,93.205768,36.230992,0.000000
sensor00592,1,93.182983,36.289554,0.000000
sensor00593,1,93.160161,36.348101,0.000000
sensor00594,1,93.137302,36.406634,0.000000
sensor00595,1,93.114406,36.465153,0.000000
sensor00596,1,93.091474,36.523657,0.000000
sensor00597,1,93.068505,36.582147,0.000000
sensor00598,1,93.045499,36.640622,0.000000
sensor00599,1,93.022456,36.699083,0.000000
sensor00600,1,92.999377,36.757529,0.000000
sensor00601,1,92.976261,36.815961,0.000000
sensor00602,1,92.953108,36.874378,0.000000
sensor00603,1,92.929918,36.932781,0.000000
sensor00604,1,92.906692,36.991169,0.000000
sensor00605,1,92.883429,37.049542,0.000000
sensor00606,1,92.860130,37.107901,0.000000
sensor00607,1,92.836793,37.166246,0.000000
sensor00608,1,92.813420,37.224575,0.000000
sensor00609,1,92.790011,37.282890,0.000000
sensor00610,1,92.766565,37.341190,0.000000
sensor00611,1,92.743082,37.399476,0.000000
sensor00612,1,92.719562,37.457746,0.000000
sensor00613,1,92.696006,37.516002,0.000000
sensor00614,1,92.672414,37.574243,0.000000
sensor00615,1,92.648784,37.632469,0.000000
sensor00616,1,92.625119,37.690681,0.000000
sensor00617,1,92.601416,37.748877,0.000000
sensor00618,1,92.577677,37.807059,0.000000
sensor00619,1,92.553902,37.865225,0.000000
sensor00620,1,92.530090,37.923377,0.000000
sensor00621,1,92.506241,37.981514,0.000000
sensor00622,1,92.482356,38.039635,0.000000
sensor00623,1,92.458434,38.097742,0.000000
sensor00624,1,92.434476,38.155834,0.000000
sensor00625,1,92.410481,38.213910,0.000000
sensor00626,1,92.386450,38.271972,0.000000
sensor00627,1,92.362383,38.330018,0.000000
sensor00628,1,92.338279,38.388049,0.000000
sensor00629,1,92.314138,38.446065,0.000000
sensor00630,1,92.289961,38.504066,0.000000
sensor00631,1,92.265747,38.562052,0.000000
sensor00632,1,92.241498,38.620022,0.000000
sensor00633,1,92.217211,38.677978,0.000000
sensor00634,1,92.192889,38.735917,0.000000
sensor00635,1,92.168529,38.793842,0.000000
sensor00636,1,92.144134,38.851751,0.000000
sensor00637,1,92.119702,38.909645,0.000000
sensor00638,1,92.095234,38.967524,0.000000
sensor00639,1,92.070729,39.025387,0.000000
sensor00640,1,92.046188,39.083235,0.000000
sensor00641,1,92.021611,39.141067,0.000000
sensor00642,1,91.996997,39.198884,0.000000
sensor00643,1,91.972347,39.256686,0.000000
sensor00644,1,91.947661,39.314472,0.000000
sensor00645,1,91.922938,39.372242,0.000000
sensor00646,1,91.898179,39.429997,0.000000
sensor00647,1,91.873384,39.487736,0.000000
sensor00648,1,91.848552,39.545460,0.000000
sensor00649,1,91.823685,39.603168,0.000000
sensor00650,1,91.798781,39.660861,0.000000
sensor00651,1,91.773840,39.718538,0.000000
sensor00652,1,91.748864,39.776199,0.000000
sensor00653,1,91.723851,39.833844,0.000000
sensor00654,1,91.698802,39.891474,0.000000
sensor00655,1,91.673717,39.949088,0.000000
sensor00656,1,91.648596,40.006686,0.000000
sensor00657,1,91.623438,40.064268,0.000000
sensor00658,1,91.598244,40.121835,0.000000
sensor00659,1,91.573014,40.179386,0.000000
sensor00660,1,91.547748,40.236920,0.000000
sensor00661,1,91.522446,40.294439,0.000000
sensor00662,1,91.497108,40.351942,0.000000
sensor00663,1,91.471733,40.409429,0.000000
sensor00664,1,91.446323,40.466901,0.000000
sensor00665,1,91.420876,40.524356,0.000000
sensor00666,1,91.395393,40.581795,0.000000
sensor00667,1,91.369874,40.639218,0.000000
sensor00668,1,91.344319,40.696625,0.000000
sensor00669,1,91.318728,40.754016,0.000000
sensor00670,1,91.293101,40.811391,0.000000
sensor00671,1,91.267438,40.868750,0.000000
sensor00672,1,91.241739,40.926093,0.000000
sensor00673,1,91.216004,40.983419,0.000000
sensor00674,1,91.190233,41.040730,0.000000
sensor00675,1,91.164425,41.098024,0.000000
sensor00676,1,91.138582,41.155302,0.000000
sensor00677,1,91.112703,41.212563,0.000000
sensor00678,1,91.086788,41.269809,0.000000
sensor00679,1,91.060837,41.327038,0.000000
sensor00680,1,91.034849,41.384251,0.000000
sensor00681,1,91.008826,41.441447,0.000000
sensor00682,1,90.982767,41.498627,0.000000
sensor00683,1,90.956672,41.555791,0.000000
sensor00684,1,90.930542,41.612938,0.000000
sensor00685,1,90.904375,41.670069,0.000000
sensor00686,1,90.878172,41.727183,0.000000
sensor00687,1,90.851934,41.784281,0.000000
sensor00688,1,90.825659,41.841362,0.000000
sensor00689,1,90.799349,41.898427,0.000000
sensor00690,1,90.773003,41.955476,0.000000
sensor00691,1,90.746621,42.012508,0.000000
sensor00692,1,90.720203,42.069523,0.000000
sensor00693,1,90.693750,42.126521,0.000000
sensor00694,1,90.667260,42.183503,0.000000
sensor00695,1,90.640735,42.240468,0.000000
sensor00696,1,90.614174,42.297417,0.000000
sensor00697,1,90.587577,42.354349,0.000000
sensor00698,1,90.560945,42.411264,0.000000
sensor00699,1,90.534276,42.468163,0.000000
sensor00700,1,90.507572,42.525044,0.000000
sensor00701,1,90.480832,42.581909,0.000000
sensor00702,1,90.454057,42.638757,0.000000
sensor00703,1,90.427245,42.695588,0.000000
sensor00704,1,90.400399,42.752403,0.000000
sensor00705,1,90.373516,42.809200,0.000000
sensor00706,1,90.346598,42.865981,0.000000
sensor00707,1,90.319644,42.922745,0.000000
sensor00708,1,90.292654,42.979491,0.000000
sensor00709,1,90.265628,43.036221,0.000000
sensor00710,1,90.238568,43.092934,0.000000
sensor00711,1,90.211471,43.149629,0.000000
sensor00712,1,90.184339,43.206308,0.000000
sensor00713,1,90.157171,43.262970,0.000000
sensor00714,1,90.129967,43.319614,0.000000
sensor00715,1,90.102728,43.376242,0.000000
sensor00716,1,90.075454,43.432852,0.000000
sensor00717,1,90.048144,43.489445,0.000000
sensor00718,1,90.020798,43.546021,0.000000
sensor00719,1,89.993417,43.602580,0.000000
sensor00720,1,89.966000,43.659122,0.000000
sensor00721,1,89.938547,43.715646,0.000000
sensor00722,1,89.911060,43.772153,0.000000
sensor00723,1,89.883536,43.828643,0.000000
sensor00724,1,89.855977,43.885115,0.000000
sensor00725,1,89.828383,43.941570,0.000000
sensor00726,1,89.800753,43.998008,0.000000
sensor00727,1,89.773088,44.054429,0.000000
sensor00728,1,89.745387,44.110832,0.000000
sensor00729,1,89.717651,44.167217,0.000000
sensor00730,1,89.689880,44.223585,0.000000
sensor00731,1,89.662073,44.279936,0.000000
sensor00732,1,89.634230,44.336269,0.000000
sensor00733,1,89.606352,44.392585,0.000000
sensor00734,1,89.578439,44.448883,0.000000
sensor00735,1,89.550491,44.505164,0.000000
sensor00736,1,89.522507,44.561427,0.000000
sensor00737,1,89.494488,44.617672,0.000000
sensor00738,1,89.466433,44.673900,0.000000
sensor00739,1,89.438343,44.730111,0.000000
sensor00740,1,89.410218,44.786303,0.000000
sensor00741,1,89.382057,44.842478,0.000000
sensor00742,1,89.353862,44.898635,0.000000
sensor00743,1,89.325630,44.954775,0.000000
sensor00744,1,89.297364,45.010896,0.000000
sensor00745,1,89.269062,45.067000,0.000000
sensor00746,1,89.240725,45.123086,0.000000
sensor00747,1,89.212353,45.179155,0.000000
sensor00748,1,89.183946,45.235205,0.000000
sensor00749,1,89.155503,45.291238,0.000000
sensor00750,1,89.127026,45.347252,0.000000
sensor00751,1,89.098513,45.403249,0.000000
sensor00752,1,89.069965,45.459228,0.000000
sensor00753,1,89.041381,45.515189,0.000000
sensor00754,1,89.012763,45.571132,0.000000
sensor00755,1,88.984109,45.627057,0.000000
sensor00756,1,88.955420,45.682964,0.000000
sensor00757,1,88.926697,45.738853,0.000000
sensor00758,1,88.897938,45.794724,0.000000
sensor00759,1,88.869143,45.850576,0.000000
sensor00760,1,88.840314,45.906411,0.000000
sensor00761,1,88.811450,45.962227,0.000000
sensor00762,1,88.782551,46.018026,0.000000
sensor00763,1,88.753616,46.073806,0.000000
sensor00764,1,88.724647,46.129568,0.000000
sensor00765,1,88.695642,46.185312,0.000000
sensor00766,1,88.666603,46.241037,0.000000
sensor00767,1,88.637528,46.296745,0.000000
sensor00768,1,88.608419,46.352434,0.000000
sensor00769,1,88.579274,46.408105,0.000000
sensor00770,1,88.550095,46.463757,0.000000
sensor00771,1,88.520880,46.519391,0.000000
sensor00772,1,88.491631,46.575007,0.000000
sensor00773,1,88.462347,46.630604,0.000000
sensor00774,1,88.433027,46.686183,0.000000
sensor00775,1,88.403673,46.741743,0.000000
sensor00776,1,88.374284,46.797285,0.000000
sensor00777,1,88.344860,46.852809,0.000000
sensor00778,1,88.315401,46.908314,0.000000
sensor00779,1,88.285908,46.963800,0.000000
sensor00780,1,88.256379,47.019268,0.000000
sensor00781,1,88.226815,47.074718,0.000000
sensor00782,1,88.197217,47.130148,0.000000
sensor00783,1,88.167584,47.185561,0.000000
sensor00784,1,88.137916,47.240954,0.000000
sensor00785,1,88.108213,47.296329,0.000000
sensor00786,1,88.078476,47.351685,0.000000
sensor00787,1,88.048704,47.407023,0.000000
sensor00788,1,88.018896,47.462342,0.000000
sensor00789,1,87.989055,47.517642,0.000000
sensor00790,1,87.959178,47.572923,0.000000
sensor00791,1,87.929267,47.628185,0.000000
sensor00792,1,87.899321,47.683429,0.000000
sensor00793,1,87.869340,47.738654,0.000000
sensor00794,1,87.839325,47.793860,0.000000
sensor00795,1,87.809274,47.849047,0.000000
sensor00796,1,87.779190,47.904215,0.000000
sensor00797,1,87.749070,47.959365,0.000000
sensor00798,1,87.718916,48.014495,0.000000
sensor00799,1,87.688727,48.069607,0.000000
sensor00800,1,87.658504,48.124699,0.000000
sensor00801,1,87.628246,48.179773,0.000000
sensor00802,1,87.597954,48.234827,0.000000
sensor00803,1,87.567626,48.289862,0.000000
sensor00804,1,87.537265,48.344879,0.000000
sensor00805,1,87.506868,48.399876,0.000000
sensor00806,1,87.476437,48.454854,0.000000
sensor00807,1,87.445972,48.509813,0.000000
sensor00808,1,87.415472,48.564753,0.000000
sensor00809,1,87.384938,48.619674,0.000000
sensor00810,1,87.354369,48.674575,0.000000
sensor00811,1,87.323765,48.729457,0.000000
sensor00812,1,87.293127,48.784320,0.000000
sensor00813,1,87.262455,48.839164,0.000000
sensor00814,1,87.231748,48.893989,0.000000
sensor00815,1,87.201007,48.948794,0.000000
sensor00816,1,87.170231,49.003579,0.000000
sensor00817,1,87.139421,49.058346,0.000000
sensor00818,1,87.108576,49.113093,0.000000
sensor00819,1,87.077697,49.167821,0.000000
sensor00820,1,87.046784,49.222529,0.000000
sensor00821,1,87.015836,49.277218,0.000000
sensor00822,1,86.984854,49.331887,0.000000
sensor00823,1,86.953838,49.386537,0.000000
sensor00824,1,86.922787,49.441168,0.000000
sensor00825,1,86.891702,49.495779,0.000000
sensor00826,1,86.860583,49.550370,0.000000
sensor00827,1,86.829429,49.604942,0.000000
sensor00828,1,86.798241,49.659494,0.000000
sensor00829,1,86.767019,49.714026,0.000000
sensor00830,1,86.735762,49.768539,0.000000
sensor00831,1,86.704472,49.823033,0.000000
sensor00832,1,86.673147,49.877506,0.000000
sensor00833,1,86.641787,49.931960,0.000000
sensor00834,1,86.610394,49.986395,0.000000
sensor00835,1,86.578966,50.040809,0.000000
sensor00836,1,86.547505,50.095204,0.000000
sensor00837,1,86.516009,50.149579,0.000000
sensor00838,1,86.484479,50.203934,0.000000
sensor00839,1,86.452914,50.258269,0.000000
sensor00840,1,86.421316,50.312585,0.000000
sensor00841,1,86.389683,50.366880,0.000000
sensor00842,1,86.358017,50.421156,0.000000
sensor00843,1,86.326316,50.475412,0.000000
sensor00844,1,86.294581,50.529648,0.000000
sensor00845,1,86.262812,50.583864,0.000000
sensor00846,1,86.231009,50.638060,0.000000
sensor00847,1,86.199172,50.692235,0.000000
sensor00848,1,86.167301,50.746391,0.000000
sensor00849,1,86.135396,50.800527,0.000000
sensor00850,1,86.103457,50.854643,0.000000
sensor00851,1,86.071484,50.908739,0.000000
sensor00852,1,86.039477,50.962815,0.000000
sensor00853,1,86.007436,51.016870,0.000000
sensor00854,1,85.975360,51.070906,0.000000
sensor00855,1,85.943251,51.124921,0.000000
sensor00856,1,85.911109,51.178916,0.000000
sensor00857,1,85.878932,51.232891,0.000000
sensor00858,1,85.846721,51.286845,0.000000
sensor00859,1,85.814476,51.340780,0.000000
sensor00860,1,85.782198,51.394694,0.000000
sensor00861,1,85.749885,51.448587,0.000000
sensor00862,1,85.717539,51.502461,0.000000
sensor00863,1,85.685159,51.556314,0.000000
sensor00864,1,85.652745,51.610147,0.000000
sensor00865,1,85.620297,51.663959,0.000000
sensor00866,1,85.587816,51.717751,0.000000
sensor00867,1,85.555300,51.771523,0.000000
sensor00868,1,85.522751,51.825274,0.000000
sensor00869,1,85.490168,51.879005,0.000000
sensor00870,1,85.457552,51.932715,0.000000
sensor00871,1,85.424901,51.986404,0.000000
sensor00872,1,85.392217,52.040074,0.000000
sensor00873,1,85.359499,52.093722,0.000000
sensor00874,1,85.326748,52.147350,0.000000
sensor00875,1,85.293962,52.200958,0.000000
sensor00876,1,85.261143,52.254544,0.000000
sensor00877,1,85.228291,52.308111,0.000000
sensor00878,1,85.195405,52.361656,0.000000
sensor00879,1,85.162485,52.415181,0.000000
sensor00880,1,85.129531,52.468685,0.000000
sensor00881,1,85.096544,52.522169,0.000000
sensor00882,1,85.063523,52.575631,0.000000
sensor00883,1,85.030469,52.629073,0.000000
sensor00884,1,84.997381,52.682495,0.000000
sensor00885,1,84.964259,52.735895,0.000000
sensor00886,1,84.931104,52.789274,0.000000
sensor00887,1,84.897916,52.842633,0.000000
sensor00888,1,84.864694,52.895971,0.000000
sensor00889,1,84.831438,52.949288,0.000000
sensor00890,1,84.798149,53.002584,0.000000
sensor00891,1,84.764827,53.055859,0.000000
sensor00892,1,84.731470,53.109113,0.000000
sensor00893,1,84.698081,53.162346,0.000000
sensor00894,1,84.664658,53.215559,0.000000
sensor00895,1,84.631202,53.268750,0.000000
sensor00896,1,84.597712,53.321920,0.000000
sensor00897,1,84.564189,53.375069,0.000000
sensor00898,1,84.530632,53.428197,0.000000
sensor00899,1,84.497042,53.481304,0.000000
sensor00900,1,84.463419,53.534390,0.000000
sensor00901,1,84.429762,53.587454,0.000000
sensor00902,1,84.396072,53.640498,0.000000
sensor00903,1,84.362349,53.693520,0.000000
sensor00904,1,84.328592,53.746521,0.000000
sensor00905,1,84.294802,53.799501,0.000000
sensor00906,1,84.260979,53.852460,0.000000
sensor00907,1,84.227122,53.905397,0.000000
sensor00908,1,84.193233,53.958313,0.000000
sensor00909,1,84.159310,54.011208,0.000000
sensor00910,1,84.125353,54.064082,0.000000
sensor00911,1,84.091364,54.116934,0.000000
sensor00912,1,84.057341,54.169765,0.000000
sensor00913,1,84.023285,54.222574,0.000000
sensor00914,1,83.989196,54.275362,0.000000
sensor00915,1,83.955074,54.328128,0.000000
sensor00916,1,83.920919,54.380874,0.000000
sensor00917,1,83.886730,54.433597,0.000000
sensor00918,1,83.852509,54.486299,0.000000
sensor00919,1,83.818254,54.538980,0.000000
sensor00920,1,83.783966,54.591639,0.000000
sensor00921,1,83.749645,54.644276,0.000000
sensor00922,1,83.715291,54.696892,0.000000
sensor00923,1,83.680904,54.749487,0.000000
sensor00924,1,83.646484,54.802059,0.000000
sensor00925,1,83.612031,54.854610,0.000000
sensor00926,1,83.577545,54.907140,0.000000
sensor00927,1,83.543026,54.959648,0.000000
sensor00928,1,83.508474,55.012134,0.000000
sensor00929,1,83.473888,55.064598,0.000000
sensor00930,1,83.439270,55.117040,0.000000
sensor00931,1,83.404619,55.169461,0.000000
sensor00932,1,83.369936,55.221860,0.000000
sensor00933,1,83.335219,55.274238,0.000000
sensor00934,1,83.300469,55.326593,0.000000
sensor00935,1,83.265686,55.378926,0.000000
sensor00936,1,83.230871,55.431238,0.000000
sensor00937,1,83.196022,55.483528,0.000000
sensor00938,1,83.161141,55.535796,0.000000
sensor00939,1,83.126227,55.588042,0.000000
sensor00940,1,83.091280,55.640266,0.000000
sensor00941,1,83.056300,55.692468,0.000000
sensor00942,1,83.021288,55.744648,0.000000
sensor00943,1,82.986243,55.796806,0.000000
sensor00944,1,82.951165,55.848942,0.000000
sensor00945,1,82.916054,55.901056,0.000000
sensor00946,1,82.880910,55.953148,0.000000
sensor00947,1,82.845734,56.005217,0.000000
sensor00948,1,82.810525,56.057265,0.000000
sensor00949,1,82.775283,56.109290,0.000000
sensor00950,1,82.740009,56.161294,0.000000
sensor00951,1,82.704702,56.213275,0.000000
sensor00952,1,82.669362,56.265234,0.000000
sensor00953,1,82.633990,56.317171,0.000000
sensor00954,1,82.598585,56.369085,0.000000
sensor00955,1,82.563147,56.420978,0.000000
sensor00956,1,82.527677,56.472848,0.000000
sensor00957,1,82.492174,56.524695,0.000000
sensor00958,1,82.456639,56.576521,0.000000
sensor00959,1,82.421071,56.628324,0.000000
sensor00960,1,82.385471,56.680104,0.000000
sensor00961,1,82.349838,56.731863,0.000000
sensor00962,1,82.314172,56.783599,0.000000
sensor00963,1,82.278474,56.835312,0.000000
sensor00964,1,82.242744,56.887003,0.000000
sensor00965,1,82.206981,56.938672,0.000000
sensor00966,1,82.171185,56.990318,0.000000
sensor00967,1,82.135357,57.041941,0.000000
sensor00968,1,82.099497,57.093542,0.000000
sensor00969,1,82.063604,57.145121,0.000000
sensor00970,1,82.027679,57.196677,0.000000
sensor00971,1,81.991722,57.248210,0.000000
sensor00972,1,81.955732,57.299721,0.000000
sensor00973,1,81.919709,57.351209,0.000000
sensor00974,1,81.883655,57.402675,0.000000
sensor00975,1,81.847568,57.454118,0.000000
sensor00976,1,81.811449,57.505538,0.000000
sensor00977,1,81.775297,57.556935,0.000000
sensor00978,1,81.739113,57.608310,0.000000
sensor00979,1,81.702897,57.659662,0.000000
sensor00980,1,81.666649,57.710991,0.000000
sensor00981,1,81.630368,57.762297,0.000000
sensor00982,1,81.594055,57.813581,0.000000
sensor00983,1,81.557710,57.864842,0.000000
sensor00984,1,81.521333,57.916080,0.000000
sensor00985,1,81.484923,57.967295,0.000000
sensor00986,1,81.448482,58.018487,0.000000
sensor00987,1,81.412008,58.069656,0.000000
sensor00988,1,81.375502,58.120802,0.000000
sensor00989,1,81.338964,58.171926,0.000000
sensor00990,1,81.302394,58.223026,0.000000
sensor00991,1,81.265791,58.274104,0.000000
sensor00992,1,81.229157,58.325158,0.000000
sensor00993,1,81.192491,58.376189,0.000000
sensor00994,1,81.155792,58.427198,0.000000
sensor00995,1,81.119061,58.478183,0.000000
sensor00996,1,81.082299,58.529145,0.000000
sensor00997,1,81.045504,58.580084,0.000000
sensor00998,1,81.008678,58.631000,0.000000
sensor00999,1,80.971819,58.681893,0.000000
sensor01000,1,80.934928,58.732762,0.000000
sensor01001,1,80.898006,58.783609,0.000000
sensor01002,1,80.861051,58.834432,0.000000
sensor01003,1,80.824065,58.885232,0.000000
sensor01004,1,80.787046,58.936009,0.000000
sensor01005,1,80.749996,58.986762,0.000000
sensor01006,1,80.712914,59.037492,0.000000
sensor01007,1,80.675800,59.088199,0.000000
sensor01008,1,80.638654,59.138883,0.000000
sensor01009,1,80.601477,59.189543,0.000000
sensor01010,1,80.564267,59.240180,0.000000
sensor01011,1,80.527026,59.290793,0.000000
sensor01012,1,80.489753,59.341383,0.000000
sensor01013,1,80.452448,59.391949,0.000000
sensor01014,1,80.415111,59.442493,0.000000
sensor01015,1,80.377743,59.493012,0.000000
sensor01016,1,80.340342,59.543508,0.000000
sensor01017,1,80.302911,59.593981,0.000000
sensor01018,1,80.265447,59.644430,0.000000
sensor01019,1,80.227952,59.694855,0.000000
sensor01020,1,80.190425,59.745257,0.000000
sensor01021,1,80.152866,59.795636,0.000000
sensor01022,1,80.115276,59.845991,0.000000
sensor01023,1,80.077654,59.896322,0.000000
sensor01024,1,80.040000,59.946629,0.000000
sensor01025,1,80.002315,59.996913,0.000000
sensor01026,1,79.964598,60.047173,0.000000
sensor01027,1,79.926850,60.097410,0.000000
sensor01028,1,79.889070,60.147622,0.000000
sensor01029,1,79.851259,60.197811,0.000000
sensor01030,1,79.813416,60.247976,0.000000
sensor01031,1,79.775541,60.298118,0.000000
sensor01032,1,79.737635,60.348235,0.000000
sensor01033,1,79.699698,60.398329,0.000000
sensor01034,1,79.661729,60.448399,0.000000
sensor01035,1,79.623729,60.498445,0.000000
sensor01036,1,79.585697,60.548467,0.000000
sensor01037,1,79.547634,60.598465,0.000000
sensor01038,1,79.509539,60.648439,0.000000
sensor01039,1,79.471413,60.698390,0.000000
sensor01040,1,79.433256,60.748316,0.000000
sensor01041,1,79.395067,60.798218,0.000000
sensor01042,1,79.356847,60.848097,0.000000
sensor01043,1,79.318595,60.897951,0.000000
sensor01044,1,79.280312,60.947782,0.000000
sensor01045,1,79.241998,60.997588,0.000000
sensor01046,1,79.203653,61.047370,0.000000
sensor01047,1,79.165276,61.097128,0.000000
sensor01048,1,79.126868,61.146862,0.000000
sensor01049,1,79.088429,61.196572,0.000000
sensor01050,1,79.049959,61.246257,0.000000
sensor01051,1,79.011457,61.295919,0.000000
sensor01052,1,78.972924,61.345556,0.000000
sensor01053,1,78.934360,61.395169,0.000000
sensor01054,1,78.895765,61.444758,0.000000
sensor01055,1,78.857139,61.494322,0.000000
sensor01056,1,78.818481,61.543862,0.000000
sensor01057,1,78.779793,61.593378,0.000000
sensor01058,1,78.741073,61.642870,0.000000
sensor01059,1,78.702322,61.692337,0.000000
sensor01060,1,78.663540,61.741780,0.000000
sensor01061,1,78.624728,61.791199,0.000000
sensor01062,1,78.585884,61.840593,0.000000
sensor01063,1,78.547009,61.889962,0.000000
sensor01064,1,78.508103,61.939308,0.000000
sensor01065,1,78.469166,61.988628,0.000000
sensor01066,1,78.430198,62.037925,0.000000
sensor01067,1,78.391199,62.087197,0.000000
sensor01068,1,78.352169,62.136444,0.000000
sensor01069,1,78.313108,62.185667,0.000000
sensor01070,1,78.274016,62.234865,0.000000
sensor01071,1,78.234893,62.284038,0.000000
sensor01072,1,78.195740,62.333188,0.000000
sensor01073,1,78.156555,62.382312,0.000000
sensor01074,1,78.117340,62.431412,0.000000
sensor01075,1,78.078094,62.480487,0.000000
sensor01076,1,78.038817,62.529537,0.000000
sensor01077,1,77.999509,62.578563,0.000000
sensor01078,1,77.960171,62.627564,0.000000
sensor01079,1,77.920801,62.676541,0.000000
sensor01080,1,77.881401,62.725492,0.000000
sensor01081,1,77.841970,62.774419,0.000000
sensor01082,1,77.802508,62.823321,0.000000
sensor01083,1,77.763016,62.872198,0.000000
sensor01084,1,77.723493,62.921051,0.000000
sensor01085,1,77.683939,62.969878,0.000000
sensor01086,1,77.644355,63.018681,0.000000
sensor01087,1,77.604740,63.067459,0.000000
sensor01088,1,77.565094,63.116212,0.000000
sensor01089,1,77.525418,63.164940,0.000000
sensor01090,1,77.485711,63.213643,0.000000
sensor01091,1,77.445973,63.262321,0.000000
sensor01092,1,77.406205,63.310974,0.000000
sensor01093,1,77.366406,63.359602,0.000000
sensor01094,1,77.326577,63.408205,0.000000
sensor01095,1,77.286717,63.456783,0.000000
sensor01096,1,77.246827,63.505336,0.000000
sensor01097,1,77.206906,63.553864,0.000000
sensor01098,1,77.166955,63.602367,0.000000
sensor01099,1,77.126973,63.650845,0.000000
sensor01100,1,77.086961,63.699297,0.000000
sensor01101,1,77.046918,63.747725,0.000000
sensor01102,1,77.006845,63.796127,0.000000
sensor01103,1,76.966742,63.844504,0.000000
sensor01104,1,76.926608,63.892856,0.000000
sensor01105,1,76.886443,63.941183,0.000000
sensor01106,1,76.846249,63.989484,0.000000
sensor01107,1,76.806024,64.037760,0.000000
sensor01108,1,76.765768,64.086011,0.000000
sensor01109,1,76.725483,64.134236,0.000000
sensor01110,1,76.685167,64.182437,0.000000
sensor01111,1,76.644821,64.230611,0.000000
sensor01112,1,76.604444,64.278761,0.000000
sensor01113,1,76.564038,64.326885,0.000000
sensor01114,1,76.523601,64.374984,0.000000
sensor01115,1,76.483134,64.423057,0.000000
sensor01116,1,76.442636,64.471105,0.000000
sensor01117,1,76.402109,64.519127,0.000000
sensor01118,1,76.361551,64.567124,0.000000
sensor01119,1,76.320963,64.615096,0.000000
sensor01120,1,76.280345,64.663042,0.000000
sensor01121,1,76.239697,64.710962,0.000000
sensor01122,1,76.199019,64.758857,0.000000
sensor01123,1,76.158311,64.806726,0.000000
sensor01124,1,76.117572,64.854570,0.000000
sensor01125,1,76.076804,64.902388,0.000000
sensor01126,1,76.036005,64.950180,0.000000
sensor01127,1,75.995177,64.997947,0.000000
sensor01128,1,75.954318,65.045688,0.000000
sensor01129,1,75.913430,65.093404,0.000000
sensor01130,1,75.872511,65.141093,0.000000
sensor01131,1,75.831563,65.188757,0.000000
sensor01132,1,75.790584,65.236396,0.000000
sensor01133,1,75.749576,65.284008,0.000000
sensor01134,1,75.708538,65.331595,0.000000
sensor01135,1,75.667470,65.379156,0.000000
sensor01136,1,75.626372,65.426691,0.000000
sensor01137,1,75.585244,65.474200,0.000000
sensor01138,1,75.544086,65.521684,0.000000
sensor01139,1,75.502899,65.569141,0.000000
sensor01140,1,75.461682,65.616573,0.000000
sensor01141,1,75.420434,65.663979,0.000000
sensor01142,1,75.379157,65.711358,0.000000
sensor01143,1,75.337851,65.758712,0.000000
sensor01144,1,75.296514,65.806040,0.000000
sensor01145,1,75.255148,65.853342,0.000000
sensor01146,1,75.213752,65.900618,0.000000
sensor01147,1,75.172327,65.947868,0.000000
sensor01148,1,75.130872,65.995092,0.000000
sensor01149,1,75.089387,66.042290,0.000000
sensor01150,1,75.047872,66.089461,0.000000
sensor01151,1,75.006328,66.136607,0.000000
sensor01152,1,74.964754,66.183726,0.000000
sensor01153,1,74.923151,66.230820,0.000000
sensor01154,1,74.881518,66.277887,0.000000
sensor01155,1,74.839855,66.324928,0.000000
sensor01156,1,74.798163,66.371943,0.000000
sensor01157,1,74.756441,66.418932,0.000000
sensor01158,1,74.714690,66.465894,0.000000
sensor01159,1,74.672909,66.512830,0.000000
sensor01160,1,74.631099,66.559740,0.000000
sensor01161,1,74.589260,66.606624,0.000000
sensor01162,1,74.547391,66.653481,0.000000
sensor01163,1,74.505492,66.700312,0.000000
sensor01164,1,74.463564,66.747117,0.000000
sensor01165,1,74.421607,66.793895,0.000000
sensor01166,1,74.379620,66.840647,0.000000
sensor01167,1,74.337604,66.887373,0.000000
sensor01168,1,74.295558,66.934072,0.000000
sensor01169,1,74.253484,66.980745,0.000000
sensor01170,1,74.211380,67.027391,0.000000
sensor01171,1,74.169246,67.074011,0.000000
sensor01172,1,74.127083,67.120604,0.000000
sensor01173,1,74.084891,67.167171,0.000000
sensor01174,1,74.042670,67.213711,0.000000
sensor01175,1,74.000420,67.260225,0.000000
sensor01176,1,73.958140,67.306712,0.000000
sensor01177,1,73.915831,67.353173,0.000000
sensor01178,1,73.873493,67.399607,0.000000
sensor01179,1,73.831126,67.446014,0.000000
sensor01180,1,73.788730,67.492395,0.000000
sensor01181,1,73.746304,67.538749,0.000000
sensor01182,1,73.703849,67.585077,0.000000
sensor01183,1,73.661366,67.631377,0.000000
sensor01184,1,73.618853,67.677652,0.000000
sensor01185,1,73.576311,67.723899,0.000000
sensor01186,1,73.533740,67.770119,0.000000
sensor01187,1,73.491140,67.816313,0.000000
sensor01188,1,73.448511,67.862480,0.000000
sensor01189,1,73.405853,67.908621,0.000000
sensor01190,1,73.363166,67.954734,0.000000
sensor01191,1,73.320450,68.000821,0.000000
sensor01192,1,73.277705,68.046881,0.000000
sensor01193,1,73.234931,68.092913,0.000000
sensor01194,1,73.192128,68.138919,0.000000
sensor01195,1,73.149297,68.184899,0.000000
sensor01196,1,73.106436,68.230851,0.000000
sensor01197,1,73.063547,68.276776,0.000000
sensor01198,1,73.020628,68.322674,0.000000
sensor01199,1,72.977681,68.368546,0.000000
sensor01200,1,72.934705,68.414390,0.000000
sensor01201,1,72.891701,68.460207,0.000000
sensor01202,1,72.848667,68.505998,0.000000
sensor01203,1,72.805605,68.551761,0.000000
sensor01204,1,72.762514,68.597497,0.000000
sensor01205,1,72.719394,68.643206,0.000000
sensor01206,1,72.676246,68.688888,0.000000
sensor01207,1,72.633068,68.734543,0.000000
sensor01208,1,72.589863,68.780170,0.000000
sensor01209,1,72.546628,68.825771,0.000000
sensor01210,1,72.503365,68.871344,0.000000
sensor01211,1,72.460073,68.916890,0.000000
sensor01212,1,72.416753,68.962409,0.000000
sensor01213,1,72.373404,69.007901,0.000000
sensor01214,1,72.330026,69.053366,0.000000
sensor01215,1,72.286620,69.098803,0.000000
sensor01216,1,72.243185,69.144213,0.000000
sensor01217,1,72.199722,69.189595,0.000000
sensor01218,1,72.156231,69.234951,0.000000
sensor01219,1,72.112710,69.280279,0.000000
sensor01220,1,72.069162,69.325579,0.000000
sensor01221,1,72.025585,69.370852,0.000000
sensor01222,1,71.981979,69.416098,0.000000
sensor01223,1,71.938345,69.461317,0.000000
sensor01224,1,71.894683,69.506508,0.000000
sensor01225,1,71.850992,69.551671,0.000000
sensor01226,1,71.807273,69.596807,0.000000
sensor01227,1,71.763525,69.641916,0.000000
sensor01228,1,71.719749,69.686997,0.000000
sensor01229,1,71.675945,69.732051,0.000000
sensor01230,1,71.632113,69.777077,0.000000
sensor01231,1,71.588252,69.822075,0.000000
sensor01232,1,71.544363,69.867046,0.000000
sensor01233,1,71.500446,69.911990,0.000000
sensor01234,1,71.456500,69.956905,0.000000
sensor01235,1,71.412526,70.001793,0.000000
sensor01236,1,71.368524,70.046654,0.000000
sensor01237,1,71.324494,70.091487,0.000000
sensor01238,1,71.280436,70.136292,0.000000
sensor01239,1,71.236350,70.181069,0.000000
sensor01240,1,71.192235,70.225819,0.000000
sensor01241,1,71.148093,70.270541,0.000000
sensor01242,1,71.103922,70.315235,0.000000
sensor01243,1,71.059723,70.359902,0.000000
sensor01244,1,71.015496,70.404540,0.000000
sensor01245,1,70.971241,70.449151,0.000000
sensor01246,1,70.926958,70.493734,0.000000
sensor01247,1,70.882647,70.538290,0.000000
sensor01248,1,70.838308,70.582817,0.000000
sensor01249,1,70.793941,70.627317,0.000000
sensor01250,1,70.749547,70.671788,0.000000
sensor01251,1,70.705124,70.716232,0.000000
sensor01252,1,70.660673,70.760648,0.000000
sensor01253,1,70.616194,70.805036,0.000000
sensor01254,1,70.571688,70.849396,0.000000
sensor01255,1,70.527154,70.893728,0.000000
sensor01256,1,70.482591,70.938032,0.000000
sensor01257,1,70.438001,70.982308,0.000000
sensor01258,1,70.393383,71.026555,0.000000
sensor01259,1,70.348738,71.070775,0.000000
sensor01260,1,70.304064,71.114967,0.000000
sensor01261,1,70.259363,71.159131,0.000000
sensor01262,1,70.214634,71.203266,0.000000
sensor01263,1,70.169877,71.247374,0.000000
sensor01264,1,70.125093,71.291453,0.000000
sensor01265,1,70.080281,71.335505,0.000000
sensor01266,1,70.035441,71.379528,0.000000
sensor01267,1,69.990574,71.423522,0.000000
sensor01268,1,69.945679,71.467489,0.000000
sensor01269,1,69.900756,71.511428,0.000000
sensor01270,1,69.855806,71.555338,0.000000
sensor01271,1,69.810828,71.599220,0.000000
sensor01272,1,69.765823,71.643073,0.000000
sensor01273,1,69.720790,71.686899,0.000000
sensor01274,1,69.675729,71.730696,0.000000
sensor01275,1,69.630641,71.774465,0.000000
sensor01276,1,69.585526,71.818205,0.000000
sensor01277,1,69.540383,71.861917,0.000000
sensor01278,1,69.495213,71.905601,0.000000
sensor01279,1,69.450015,71.949256,0.000000
sensor01280,1,69.404789,71.992883,0.000000
sensor01281,1,69.359537,72.036482,0.000000
sensor01282,1,69.314257,72.080052,0.000000
sensor01283,1,69.268949,72.123593,0.000000
sensor01284,1,69.223614,72.167106,0.000000
sensor01285,1,69.178252,72.210591,0.000000
sensor01286,1,69.132863,72.254047,0.000000
sensor01287,1,69.087446,72.297474,0.000000
sensor01288,1,69.042002,72.340873,0.000000
sensor01289,1,68.996531,72.384244,0.000000
sensor01290,1,68.951032,72.427586,0.000000
sensor01291,1,68.905506,72.470899,0.000000
sensor01292,1,68.859954,72.514183,0.000000
sensor01293,1,68.814373,72.557439,0.000000
sensor01294,1,68.768766,72.600667,0.000000
sensor01295,1,68.723132,72.643865,0.000000
sensor01296,1,68.677470,72.687035,0.000000
sensor01297,1,68.631781,72.730177,0.000000
sensor01298,1,68.586065,72.773289,0.000000
sensor01299,1,68.540322,72.816373,0.000000
sensor01300,1,68.494552,72.859428,0.000000
sensor01301,1,68.448755,72.902455,0.000000
sensor01302,1,68.402931,72.945452,0.000000
sensor01303,1,68.357080,72.988421,0.000000
sensor01304,1,68.311202,73.031361,0.000000
sensor01305,1,68.265297,73.074272,0.000000
sensor01306,1,68.219365,73.117154,0.000000
sensor01307,1,68.173406,73.160007,0.000000
sensor01308,1,68.127420,73.202832,0.000000
sensor01309,1,68.081408,73.245627,0.000000
sensor01310,1,68.035368,73.288394,0.000000
sensor01311,1,67.989302,73.331132,0.000000
sensor01312,1,67.943208,73.373840,0.000000
sensor01313,1,67.897088,73.416520,0.000000
sensor01314,1,67.850941,73.459171,0.000000
sensor01315,1,67.804767,73.501793,0.000000
sensor01316,1,67.758567,73.544385,0.000000
sensor01317,1,67.712340,73.586949,0.000000
sensor01318,1,67.666086,73.629484,0.000000
sensor01319,1,67.619805,73.671989,0.000000
sensor01320,1,67.573497,73.714466,0.000000
sensor01321,1,67.527163,73.756913,0.000000
sensor01322,1,67.480802,73.799331,0.000000
sensor01323,1,67.434415,73.841720,0.000000
sensor01324,1,67.388001,73.884080,0.000000
sensor01325,1,67.341560,73.926411,0.000000
sensor01326,1,67.295093,73.968713,0.000000
sensor01327,1,67.248599,74.010985,0.000000
sensor01328,1,67.202079,74.053228,0.000000
sensor01329,1,67.155532,74.095442,0.000000
sensor01330,1,67.108958,74.137627,0.000000
sensor01331,1,67.062358,74.179782,0.000000
sensor01332,1,67.015732,74.221908,0.000000
sensor01333,1,66.969079,74.264005,0.000000
sensor01334,1,66.922400,74.306073,0.000000
sensor01335,1,66.875694,74.348111,0.000000
sensor01336,1,66.828962,74.390119,0.000000
sensor01337,1,66.782203,74.432099,0.000000
sensor01338,1,66.735418,74.474049,0.000000
sensor01339,1,66.688607,74.515969,0.000000
sensor01340,1,66.641769,74.557861,0.000000
sensor01341,1,66.594905,74.599722,0.000000
sensor01342,1,66.548015,74.641555,0.000000
sensor01343,1,66.501099,74.683357,0.000000
sensor01344,1,66.454156,74.725131,0.000000
sensor01345,1,66.407187,74.766874,0.000000
sensor01346,1,66.360192,74.808589,0.000000
sensor01347,1,66.313170,74.850273,0.000000
sensor01348,1,66.266123,74.891929,0.000000
sensor01349,1,66.219049,74.933554,0.000000
sensor01350,1,66.171949,74.975150,0.000000
sensor01351,1,66.124823,75.016717,0.000000
sensor01352,1,66.077671,75.058253,0.000000
sensor01353,1,66.030493,75.099761,0.000000
sensor01354,1,65.983288,75.141238,0.000000
sensor01355,1,65.936058,75.182686,0.000000
sensor01356,1,65.888801,75.224104,0.000000
sensor01357,1,65.841519,75.265493,0.000000
sensor01358,1,65.794211,75.306851,0.000000
sensor01359,1,65.746876,75.348180,0.000000
sensor01360,1,65.699516,75.389480,0.000000
sensor01361,1,65.652130,75.430749,0.000000
sensor01362,1,65.604717,75.471989,0.000000
sensor01363,1,65.557279,75.513199,0.000000
sensor01364,1,65.509815,75.554379,0.000000
sensor01365,1,65.462325,75.595529,0.000000
sensor01366,1,65.414809,75.636649,0.000000
sensor01367,1,65.367268,75.677740,0.000000
sensor01368,1,65.319701,75.718800,0.000000
sensor01369,1,65.272107,75.759831,0.000000
sensor01370,1,65.224488,75.800832,0.000000
sensor01371,1,65.176844,75.841803,0.000000
sensor01372,1,65.129173,75.882744,0.000000
sensor01373,1,65.081477,75.923655,0.000000
sensor01374,1,65.033755,75.964536,0.000000
sensor01375,1,64.986008,76.005387,0.000000
sensor01376,1,64.938234,76.046208,0.000000
sensor01377,1,64.890436,76.086999,0.000000
sensor01378,1,64.842611,76.127760,0.000000
sensor01379,1,64.794761,76.168490,0.000000
sensor01380,1,64.746885,76.209191,0.000000
sensor01381,1,64.698984,76.249862,0.000000
sensor01382,1,64.651058,76.290502,0.000000
sensor01383,1,64.603105,76.331113,0.000000
sensor01384,1,64.555127,76.371693,0.000000
sensor01385,1,64.507124,76.412243,0.000000
sensor01386,1,64.459095,76.452763,0.000000
sensor01387,1,64.411041,76.493253,0.000000
sensor01388,1,64.362961,76.533713,0.000000
sensor01389,1,64.314856,76.574142,0.000000
sensor01390,1,64.266726,76.614541,0.000000
sensor01391,1,64.218570,76.654910,0.000000
sensor01392,1,64.170389,76.695249,0.000000
sensor01393,1,64.122182,76.735557,0.000000
sensor01394,1,64.073951,76.775835,0.000000
sensor01395,1,64.025693,76.816083,0.000000
sensor01396,1,63.977411,76.856300,0.000000
sensor01397,1,63.929103,76.896487,0.000000
sensor01398,1,63.880770,76.936644,0.000000
sensor01399,1,63.832412,76.976770,0.000000
sensor01400,1,63.784029,77.016866,0.000000
sensor01401,1,63.735620,77.056932,0.000000
sensor01402,1,63.687187,77.096967,0.000000
sensor01403,1,63.638728,77.136971,0.000000
sensor01404,1,63.590244,77.176945,0.000000
sensor01405,1,63.541735,77.216889,0.000000
sensor01406,1,63.493200,77.256802,0.000000
sensor01407,1,63.444641,77.296685,0.000000
sensor01408,1,63.396057,77.336537,0.000000
sensor01409,1,63.347447,77.376359,0.000000
sensor01410,1,63.298813,77.416150,0.000000
sensor01411,1,63.250154,77.455910,0.000000
sensor01412,1,63.201469,77.495640,0.000000
sensor01413,1,63.152760,77.535340,0.000000
sensor01414,1,63.104026,77.575008,0.000000
sensor01415,1,63.055267,77.614646,0.000000
sensor01416,1,63.006483,77.654254,0.000000
sensor01417,1,62.957674,77.693831,0.000000
sensor01418,1,62.908840,77.733377,0.000000
sensor01419,1,62.859981,77.772892,0.000000
sensor01420,1,62.811098,77.812377,0.000000
sensor01421,1,62.762190,77.851831,0.000000
sensor01422,1,62.713257,77.891254,0.000000
sensor01423,1,62.664299,77.930646,0.000000
sensor01424,1,62.615316,77.970008,0.000000
sensor01425,1,62.566309,78.009339,0.000000
sensor01426,1,62.517277,78.048639,0.000000
sensor01427,1,62.468220,78.087908,0.000000
sensor01428,1,62.419139,78.127147,0.000000
sensor01429,1,62.370033,78.166354,0.000000
sensor01430,1,62.320903,78.205531,0.000000
sensor01431,1,62.271747,78.244677,0.000000
sensor01432,1,62.222568,78.283792,0.000000
sensor01433,1,62.173363,78.322876,0.000000
sensor01434,1,62.124134,78.361929,0.000000
sensor01435,1,62.074881,78.400951,0.000000
sensor01436,1,62.025603,78.439943,0.000000
sensor01437,1,61.976300,78.478903,0.000000
sensor01438,1,61.926974,78.517832,0.000000
sensor01439,1,61.877622,78.556730,0.000000
sensor01440,1,61.828246,78.595598,0.000000
sensor01441,1,61.778846,78.634434,0.000000
sensor01442,1,61.729422,78.673239,0.000000
sensor01443,1,61.679973,78.712013,0.000000
sensor01444,1,61.630499,78.750756,0.000000
sensor01445,1,61.581002,78.789468,0.000000
sensor01446,1,61.531480,78.828149,0.000000
sensor01447,1,61.481933,78.866798,0.000000
sensor01448,1,61.432363,78.905417,0.000000
sensor01449,1,61.382768,78.944004,0.000000
sensor01450,1,61.333149,78.982560,0.000000
sensor01451,1,61.283506,79.021085,0.000000
sensor01452,1,61.233838,79.059579,0.000000
sensor01453,1,61.184146,79.098042,0.000000
sensor01454,1,61.134431,79.136473,0.000000
sensor01455,1,61.084691,79.174873,0.000000
sensor01456,1,61.034927,79.213242,0.000000
sensor01457,1,60.985138,79.251580,0.000000
sensor01458,1,60.935326,79.289886,0.000000
sensor01459,1,60.885490,79.328161,0.000000
sensor01460,1,60.835630,79.366405,0.000000
sensor01461,1,60.785745,79.404617,0.000000
sensor01462,1,60.735837,79.442798,0.000000
sensor01463,1,60.685904,79.480947,0.000000
sensor01464,1,60.635948,79.519066,0.000000
sensor01465,1,60.585968,79.557152,0.000000
sensor01466,1,60.535964,79.595208,0.000000
sensor01467,1,60.485936,79.633232,0.000000
sensor01468,1,60.435884,79.671224,0.000000
sensor01469,1,60.385808,79.709185,0.000000
sensor01470,1,60.335708,79.747115,0.000000
sensor01471,1,60.285585,79.785013,0.000000
sensor01472,1,60.235437,79.822880,0.000000
sensor01473,1,60.185266,79.860715,0.000000
sensor01474,1,60.135071,79.898518,0.000000
sensor01475,1,60.084853,79.936290,0.000000
sensor01476,1,60.034610,79.974031,0.000000
sensor01477,1,59.984344,80.011739,0.000000
sensor01478,1,59.934055,80.049417,0.000000
sensor01479,1,59.883741,80.087062,0.000000
sensor01480,1,59.833404,80.124676,0.000000
sensor01481,1,59.783043,80.162259,0.000000
sensor01482,1,59.732659,80.199809,0.000000
sensor01483,1,59.682251,80.237328,0.000000
sensor01484,1,59.631820,80.274816,0.000000
sensor01485,1,59.581365,80.312272,0.000000
sensor01486,1,59.530886,80.349695,0.000000
sensor01487,1,59.480384,80.387088,0.000000
sensor01488,1,59.429859,80.424448,0.000000
sensor01489,1,59.379310,80.461777,0.000000
sensor01490,1,59.328738,80.499074,0.000000
sensor01491,1,59.278142,80.536339,0.000000
sensor01492,1,59.227523,80.573572,0.000000
sensor01493,1,59.176880,80.610774,0.000000
sensor01494,1,59.126214,80.647944,0.000000
sensor01495,1,59.075525,80.685082,0.000000
sensor01496,1,59.024812,80.722188,0.000000
sensor01497,1,58.974076,80.759262,0.000000
sensor01498,1,58.923317,80.796304,0.000000
sensor01499,1,58.872534,80.833314,0.000000
sensor01500,1,58.821728,80.870293,0.000000
sensor01501,1,58.770899,80.907239,0.000000
sensor01502,1,58.720047,80.944154,0.000000
sensor01503,1,58.669172,80.981037,0.000000
sensor01504,1,58.618273,81.017887,0.000000
sensor01505,1,58.567352,81.054706,0.000000
sensor01506,1,58.516407,81.091492,0.000000
sensor01507,1,58.465439,81.128247,0.000000
sensor01508,1,58.414448,81.164970,0.000000
sensor01509,1,58.363434,81.201660,0.000000
sensor01510,1,58.312397,81.238319,0.000000
sensor01511,1,58.261336,81.274945,0.000000
sensor01512,1,58.210253,81.311539,0.000000
sensor01513,1,58.159147,81.348101,0.000000
sensor01514,1,58.108018,81.384632,0.000000
sensor01515,1,58.056866,81.421129,0.000000
sensor01516,1,58.005691,81.457595,0.000000
sensor01517,1,57.954493,81.494029,0.000000
sensor01518,1,57.903272,81.530430,0.000000
sensor01519,1,57.852029,81.566799,0.000000
sensor01520,1,57.800762,81.603137,0.000000
sensor01521,1,57.749473,81.639441,0.000000
sensor01522,1,57.698161,81.675714,0.000000
sensor01523,1,57.646826,81.711954,0.000000
sensor01524,1,57.595468,81.748162,0.000000
sensor01525,1,57.544088,81.784338,0.000000
sensor01526,1,57.492685,81.820482,0.000000
sensor01527,1,57.441259,81.856593,0.000000
sensor01528,1,57.389810,81.892672,0.000000
sensor01529,1,57.338339,81.928718,0.000000
sensor01530,1,57.286846,81.964732,0.000000
sensor01531,1,57.235329,82.000714,0.000000
sensor01532,1,57.183790,82.036663,0.000000
sensor01533,1,57.132228,82.072581,0.000000
sensor01534,1,57.080644,82.108465,0.000000
sensor01535,1,57.029038,82.144317,0.000000
sensor01536,1,56.977408,82.180137,0.000000
sensor01537,1,56.925757,82.215924,0.000000
sensor01538,1,56.874082,82.251679,0.000000
sensor01539,1,56.822386,82.287402,0.000000
sensor01540,1,56.770667,82.323092,0.000000
sensor01541,1,56.718925,82.358749,0.000000
sensor01542,1,56.667161,82.394374,0.000000
sensor01543,1,56.615375,82.429966,0.000000
sensor01544,1,56.563566,82.465526,0.000000
sensor01545,1,56.511735,82.501053,0.000000
sensor01546,1,56.459882,82.536548,0.000000
sensor01547,1,56.408007,82.572010,0.000000
sensor01548,1,56.356109,82.607439,0.000000
sensor01549,1,56.304189,82.642836,0.000000
sensor01550,1,56.252246,82.678200,0.000000
sensor01551,1,56.200282,82.713532,0.000000
sensor01552,1,56.148295,82.748831,0.000000
sensor01553,1,56.096286,82.784097,0.000000
sensor01554,1,56.044255,82.819330,0.000000
sensor01555,1,55.992202,82.854531,0.000000
sensor01556,1,55.940127,82.889699,0.000000
sensor01557,1,55.888029,82.924835,0.000000
sensor01558,1,55.835910,82.959937,0.000000
sensor01559,1,55.783768,82.995007,0.000000
sensor01560,1,55.731605,83.030044,0.000000
sensor01561,1,55.679419,83.065048,0.000000
sensor01562,1,55.627212,83.100020,0.000000
sensor01563,1,55.574982,83.134959,0.000000
sensor01564,1,55.522731,83.169865,0.000000
sensor01565,1,55.470457,83.204738,0.000000
sensor01566,1,55.418162,83.239578,0.000000
sensor01567,1,55.365845,83.274385,0.000000
sensor01568,1,55.313506,83.309159,0.000000
sensor01569,1,55.261145,83.343901,0.000000
sensor01570,1,55.208763,83.378610,0.000000
sensor01571,1,55.156358,83.413285,0.000000
sensor01572,1,55.103932,83.447928,0.000000
sensor01573,1,55.051484,83.482538,0.000000
sensor01574,1,54.999014,83.517115,0.000000
sensor01575,1,54.946523,83.551659,0.000000
sensor01576,1,54.894010,83.586169,0.000000
sensor01577,1,54.841475,83.620647,0.000000
sensor01578,1,54.788918,83.655092,0.000000
sensor01579,1,54.736340,83.689504,0.000000
sensor01580,1,54.683740,83.723883,0.000000
sensor01581,1,54.631119,83.758228,0.000000
sensor01582,1,54.578476,83.792541,0.000000
sensor01583,1,54.525812,83.826821,0.000000
sensor01584,1,54.473126,83.861067,0.000000
sensor01585,1,54.420418,83.895280,0.000000
sensor01586,1,54.367689,83.929461,0.000000
sensor01587,1,54.314939,83.963608,0.000000
sensor01588,1,54.262167,83.997722,0.000000
sensor01589,1,54.209374,84.031802,0.000000
sensor01590,1,54.156559,84.065850,0.000000
sensor01591,1,54.103723,84.099864,0.000000
sensor01592,1,54.050865,84.133845,0.000000
sensor01593,1,53.997987,84.167793,0.000000
sensor01594,1,53.945086,84.201708,0.000000
sensor01595,1,53.892165,84.235590,0.000000
sensor01596,1,53.839222,84.269438,0.000000
sensor01597,1,53.786258,84.303253,0.000000
sensor01598,1,53.733273,84.337034,0.000000
sensor01599,1,53.680267,84.370783,0.000000
sensor01600,1,53.627239,84.404498,0.000000
sensor01601,1,53.574190,84.438179,0.000000
sensor01602,1,53.521120,84.471828,0.000000
sensor01603,1,53.468029,84.505443,0.000000
sensor01604,1,53.414917,84.539024,0.000000
sensor01605,1,53.361784,84.572573,0.000000
sensor01606,1,53.308629,84.606087,0.000000
sensor01607,1,53.255454,84.639569,0.000000
sensor01608,1,53.202258,84.673017,0.000000
sensor01609,1,53.149040,84.706432,0.000000
sensor01610,1,53.095802,84.739813,0.000000
sensor01611,1,53.042542,84.773160,0.000000
sensor01612,1,52.989262,84.806475,0.000000
sensor01613,1,52.935961,84.839755,0.000000
sensor01614,1,52.882638,84.873002,0.000000
sensor01615,1,52.829295,84.906216,0.000000
sensor01616,1,52.775932,84.939396,0.000000
sensor01617,1,52.722547,84.972543,0.000000
sensor01618,1,52.669141,85.005656,0.000000
sensor01619,1,52.615715,85.038736,0.000000
sensor01620,1,52.562268,85.071782,0.000000
sensor01621,1,52.508800,85.104794,0.000000
sensor01622,1,52.455311,85.137773,0.000000
sensor01623,1,52.401802,85.170718,0.000000
sensor01624,1,52.348272,85.203629,0.000000
sensor01625,1,52.294721,85.236507,0.000000
sensor01626,1,52.241150,85.269351,0.000000
sensor01627,1,52.187558,85.302162,0.000000
sensor01628,1,52.133945,85.334939,0.000000
sensor01629,1,52.080312,85.367682,0.000000
sensor01630,1,52.026658,85.400391,0.000000
sensor01631,1,51.972984,85.433067,0.000000
sensor01632,1,51.919289,85.465709,0.000000
sensor01633,1,51.865574,85.498317,0.000000
sensor01634,1,51.811838,85.530892,0.000000
sensor01635,1,51.758082,85.563432,0.000000
sensor01636,1,51.704305,85.595939,0.000000
sensor01637,1,51.650508,85.628412,0.000000
sensor01638,1,51.596691,85.660852,0.000000
sensor01639,1,51.542853,85.693257,0.000000
sensor01640,1,51.488994,85.725629,0.000000
sensor01641,1,51.435116,85.757967,0.000000
sensor01642,1,51.381217,85.790271,0.000000
sensor01643,1,51.327298,85.822541,0.000000
sensor01644,1,51.273358,85.854777,0.000000
sensor01645,1,51.219399,85.886979,0.000000
sensor01646,1,51.165419,85.919147,0.000000
sensor01647,1,51.111419,85.951282,0.000000
sensor01648,1,51.057399,85.983382,0.000000
sensor01649,1,51.003358,86.015449,0.000000
sensor01650,1,50.949298,86.047482,0.000000
sensor01651,1,50.895217,86.079480,0.000000
sensor01652,1,50.841116,86.111445,0.000000
sensor01653,1,50.786995,86.143375,0.000000
sensor01654,1,50.732854,86.175272,0.000000
sensor01655,1,50.678693,86.207135,0.000000
sensor01656,1,50.624512,86.238963,0.000000
sensor01657,1,50.570311,86.270757,0.000000
sensor01658,1,50.516091,86.302518,0.000000
sensor01659,1,50.461850,86.334244,0.000000
sensor01660,1,50.407589,86.365936,0.000000
sensor01661,1,50.353308,86.397595,0.000000
sensor01662,1,50.299008,86.429219,0.000000
sensor01663,1,50.244687,86.460809,0.000000
sensor01664,1,50.190347,86.492364,0.000000
sensor01665,1,50.135987,86.523886,0.000000
sensor01666,1,50.081607,86.555373,0.000000
sensor01667,1,50.027207,86.586827,0.000000
sensor01668,1,49.972788,86.618246,0.000000
sensor01669,1,49.918349,86.649631,0.000000
sensor01670,1,49.863890,86.680981,0.000000
sensor01671,1,49.809411,86.712298,0.000000
sensor01672,1,49.754913,86.743580,0.000000
sensor01673,1,49.700395,86.774828,0.000000
sensor01674,1,49.645858,86.806041,0.000000
sensor01675,1,49.591301,86.837221,0.000000
sensor01676,1,49.536724,86.868366,0.000000
sensor01677,1,49.482128,86.899477,0.000000
sensor01678,1,49.427512,86.930553,0.000000
sensor01679,1,49.372877,86.961595,0.000000
sensor01680,1,49.318222,86.992603,0.000000
sensor01681,1,49.263548,87.023577,0.000000
sensor01682,1,49.208854,87.054516,0.000000
sensor01683,1,49.154141,87.085420,0.000000
sensor01684,1,49.099408,87.116291,0.000000
sensor01685,1,49.044656,87.147127,0.000000
sensor01686,1,48.989885,87.177928,0.000000
sensor01687,1,48.935094,87.208695,0.000000
sensor01688,1,48.880284,87.239428,0.000000
sensor01689,1,48.825455,87.270126,0.000000
sensor01690,1,48.770606,87.300790,0.000000
sensor01691,1,48.715739,87.331419,0.000000
sensor01692,1,48.660852,87.362014,0.000000
sensor01693,1,48.605945,87.392575,0.000000
sensor01694,1,48.551020,87.423100,0.000000
sensor01695,1,48.496075,87.453592,0.000000
sensor01696,1,48.441111,87.484048,0.000000
sensor01697,1,48.386128,87.514471,0.000000
sensor01698,1,48.331126,87.544858,0.000000
sensor01699,1,48.276105,87.575211,0.000000
sensor01700,1,48.221065,87.605530,0.000000
sensor01701,1,48.166006,87.635814,0.000000
sensor01702,1,48.110928,87.666063,0.000000
sensor01703,1,48.055831,87.696278,0.000000
sensor01704,1,48.000714,87.726458,0.000000
sensor01705,1,47.945579,87.756603,0.000000
sensor01706,1,47.890425,87.786714,0.000000
sensor01707,1,47.835252,87.816790,0.000000
sensor01708,1,47.780060,87.846832,0.000000
sensor01709,1,47.724850,87.876838,0.000000
sensor01710,1,47.669620,87.906811,0.000000
sensor01711,1,47.614372,87.936748,0.000000
sensor01712,1,47.559104,87.966650,0.000000
sensor01713,1,47.503818,87.996518,0.000000
sensor01714,1,47.448514,88.026351,0.000000
sensor01715,1,47.393190,88.056150,0.000000
sensor01716,1,47.337848,88.085913,0.000000
sensor01717,1,47.282487,88.115642,0.000000
sensor01718,1,47.227107,88.145336,0.000000
sensor01719,1,47.171709,88.174996,0.000000
sensor01720,1,47.116292,88.204620,0.000000
sensor01721,1,47.060857,88.234210,0.000000
sensor01722,1,47.005403,88.263764,0.000000
sensor01723,1,46.949930,88.293284,0.000000
sensor01724,1,46.894439,88.322769,0.000000
sensor01725,1,46.838930,88.352219,0.000000
sensor01726,1,46.783402,88.381635,0.000000
sensor01727,1,46.727855,88.411015,0.000000
sensor01728,1,46.672290,88.440360,0.000000
sensor01729,1,46.616706,88.469671,0.000000
sensor01730,1,46.561104,88.498947,0.000000
sensor01731,1,46.505484,88.528187,0.000000
sensor01732,1,46.449846,88.557393,0.000000
sensor01733,1,46.394189,88.586564,0.000000
sensor01734,1,46.338513,88.615699,0.000000
sensor01735,1,46.282820,88.644800,0.000000
sensor01736,1,46.227108,88.673866,0.000000
sensor01737,1,46.171378,88.702897,0.000000
sensor01738,1,46.115629,88.731892,0.000000
sensor01739,1,46.059863,88.760853,0.000000
sensor01740,1,46.004078,88.789779,0.000000
sensor01741,1,45.948275,88.818669,0.000000
sensor01742,1,45.892454,88.847525,0.000000
sensor01743,1,45.836615,88.876345,0.000000
sensor01744,1,45.780758,88.905131,0.000000
sensor01745,1,45.724882,88.933881,0.000000
sensor01746,1,45.668989,88.962596,0.000000
sensor01747,1,45.613077,88.991276,0.000000
sensor01748,1,45.557148,89.019921,0.000000
sensor01749,1,45.501200,89.048530,0.000000
sensor01750,1,45.445235,89.077105,0.000000
sensor01751,1,45.389252,89.105644,0.000000
sensor01752,1,45.333250,89.134148,0.000000
sensor01753,1,45.277231,89.162617,0.000000
sensor01754,1,45.221194,89.191051,0.000000
sensor01755,1,45.165139,89.219450,0.000000
sensor01756,1,45.109066,89.247813,0.000000
sensor01757,1,45.052976,89.276141,0.000000
sensor01758,1,44.996867,89.304434,0.000000
sensor01759,1,44.940741,89.332691,0.000000
sensor01760,1,44.884597,89.360914,0.000000
sensor01761,1,44.828436,89.389101,0.000000
sensor01762,1,44.772257,89.417252,0.000000
sensor01763,1,44.716060,89.445369,0.000000
sensor01764,1,44.659845,89.473450,0.000000
sensor01765,1,44.603613,89.501496,0.000000
sensor01766,1,44.547363,89.529506,0.000000
sensor01767,1,44.491095,89.557481,0.000000
sensor01768,1,44.434810,89.585421,0.000000
sensor01769,1,44.378508,89.613325,0.000000
sensor01770,1,44.322188,89.641194,0.000000
sensor01771,1,44.265850,89.669028,0.000000
sensor01772,1,44.209495,89.696826,0.000000
sensor01773,1,44.153122,89.724588,0.000000
sensor01774,1,44.096732,89.752316,0.000000
sensor01775,1,44.040325,89.780008,0.000000
sensor01776,1,43.983900,89.807664,0.000000
sensor01777,1,43.927458,89.835285,0.000000
sensor01778,1,43.870999,89.862870,0.000000
sensor01779,1,43.814522,89.890420,0.000000
sensor01780,1,43.758028,89.917935,0.000000
sensor01781,1,43.701516,89.945414,0.000000
sensor01782,1,43.644988,89.972857,0.000000
sensor01783,1,43.588442,90.000265,0.000000
sensor01784,1,43.531879,90.027638,0.000000
sensor01785,1,43.475298,90.054974,0.000000
sensor01786,1,43.418701,90.082276,0.000000
sensor01787,1,43.362086,90.109541,0.000000
sensor01788,1,43.305455,90.136772,0.000000
sensor01789,1,43.248806,90.163966,0.000000
sensor01790,1,43.192140,90.191125,0.000000
sensor01791,1,43.135457,90.218248,0.000000
sensor01792,1,43.078757,90.245336,0.000000
sensor01793,1,43.022040,90.272388,0.000000
sensor01794,1,42.965306,90.299405,0.000000
sensor01795,1,42.908555,90.326385,0.000000
sensor01796,1,42.851787,90.353330,0.000000
sensor01797,1,42.795002,90.380240,0.000000
sensor01798,1,42.738201,90.407114,0.000000
sensor01799,1,42.681382,90.433952,0.000000
sensor01800,1,42.624547,90.460754,0.000000
sensor01801,1,42.567695,90.487521,0.000000
sensor01802,1,42.510825,90.514251,0.000000
sensor01803,1,42.453940,90.540947,0.000000
sensor01804,1,42.397037,90.567606,0.000000
sensor01805,1,42.340118,90.594230,0.000000
sensor01806,1,42.283182,90.620817,0.000000
sensor01807,1,42.226229,90.647370,0.000000
sensor01808,1,42.169259,90.673886,0.000000
sensor01809,1,42.112273,90.700366,0.000000
sensor01810,1,42.055270,90.726811,0.000000
sensor01811,1,41.998251,90.753220,0.000000
sensor01812,1,41.941215,90.779593,0.000000
sensor01813,1,41.884163,90.805930,0.000000
sensor01814,1,41.827094,90.832231,0.000000
sensor01815,1,41.770008,90.858497,0.000000
sensor01816,1,41.712906,90.884726,0.000000
sensor01817,1,41.655788,90.910920,0.000000
sensor01818,1,41.598653,90.937078,0.000000
sensor01819,1,41.541501,90.963200,0.000000
sensor01820,1,41.484334,90.989285,0.000000
sensor01821,1,41.427149,91.015335,0.000000
sensor01822,1,41.369949,91.041350,0.000000
sensor01823,1,41.312732,91.067328,0.000000
sensor01824,1,41.255499,91.093270,0.000000
sensor01825,1,41.198249,91.119176,0.000000
sensor01826,1,41.140984,91.145046,0.000000
sensor01827,1,41.083702,91.170881,0.000000
sensor01828,1,41.026403,91.196679,0.000000
sensor01829,1,40.969089,91.222441,0.000000
sensor01830,1,40.911759,91.248167,0.000000
sensor01831,1,40.854412,91.273857,0.000000
sensor01832,1,40.797049,91.299511,0.000000
sensor01833,1,40.739670,91.325130,0.000000
sensor01834,1,40.682275,91.350712,0.000000
sensor01835,1,40.624864,91.376258,0.000000
sensor01836,1,40.567437,91.401767,0.000000
sensor01837,1,40.509994,91.427241,0.000000
sensor01838,1,40.452534,91.452679,0.000000
sensor01839,1,40.395059,91.478080,0.000000
sensor01840,1,40.337568,91.503446,0.000000
sensor01841,1,40.280061,91.528775,0.000000
sensor01842,1,40.222538,91.554068,0.000000
sensor01843,1,40.164999,91.579325,0.000000
sensor01844,1,40.107445,91.604546,0.000000
sensor01845,1,40.049874,91.629731,0.000000
sensor01846,1,39.992288,91.654879,0.000000
sensor01847,1,39.934686,91.679992,0.000000
sensor01848,1,39.877068,91.705068,0.000000
sensor01849,1,39.819434,91.730108,0.000000
sensor01850,1,39.761785,91.755111,0.000000
sensor01851,1,39.704120,91.780079,0.000000
sensor01852,1,39.646439,91.805010,0.000000
sensor01853,1,39.588743,91.829905,0.000000
sensor01854,1,39.531031,91.854764,0.000000
sensor01855,1,39.473303,91.879586,0.000000
sensor01856,1,39.415560,91.904372,0.000000
sensor01857,1,39.357801,91.929122,0.000000
sensor01858,1,39.300027,91.953836,0.000000
sensor01859,1,39.242237,91.978513,0.000000
sensor01860,1,39.184432,92.003154,0.000000
sensor01861,1,39.126611,92.027758,0.000000
sensor01862,1,39.068775,92.052327,0.000000
sensor01863,1,39.010923,92.076859,0.000000
sensor01864,1,38.953056,92.101354,0.000000
sensor01865,1,38.895173,92.125813,0.000000
sensor01866,1,38.837276,92.150236,0.000000
sensor01867,1,38.779362,92.174623,0.000000
sensor01868,1,38.721434,92.198973,0.000000
sensor01869,1,38.663490,92.223286,0.000000
sensor01870,1,38.605531,92.247563,0.000000
sensor01871,1,38.547557,92.271804,0.000000
sensor01872,1,38.489567,92.296009,0.000000
sensor01873,1,38.431563,92.320176,0.000000
sensor01874,1,38.373543,92.344308,0.000000
sensor01875,1,38.315508,92.368403,0.000000
sensor01876,1,38.257458,92.392461,0.000000
sensor01877,1,38.199392,92.416483,0.000000
sensor01878,1,38.141312,92.440469,0.000000
sensor01879,1,38.083217,92.464418,0.000000
sensor01880,1,38.025106,92.488331,0.000000
sensor01881,1,37.966981,92.512207,0.000000
sensor01882,1,37.908840,92.536046,0.000000
sensor01883,1,37.850685,92.559849,0.000000
sensor01884,1,37.792515,92.583615,0.000000
sensor01885,1,37.734329,92.607345,0.000000
sensor01886,1,37.676129,92.631038,0.000000
sensor01887,1,37.617914,92.654695,0.000000
sensor01888,1,37.559684,92.678315,0.000000
sensor01889,1,37.501439,92.701899,0.000000
sensor01890,1,37.443180,92.725446,0.000000
sensor01891,1,37.384906,92.748956,0.000000
sensor01892,1,37.326617,92.772430,0.000000
sensor01893,1,37.268313,92.795867,0.000000
sensor01894,1,37.209994,92.819267,0.000000
sensor01895,1,37.151661,92.842631,0.000000
sensor01896,1,37.093313,92.865958,0.000000
sensor01897,1,37.034950,92.889248,0.000000
sensor01898,1,36.976573,92.912502,0.000000
sensor01899,1,36.918181,92.935719,0.000000
sensor01900,1,36.859775,92.958899,0.000000
sensor01901,1,36.801354,92.982043,0.000000
sensor01902,1,36.742919,93.005150,0.000000
sensor01903,1,36.684469,93.028220,0.000000
sensor01904,1,36.626004,93.051254,0.000000
sensor01905,1,36.567525,93.074250,0.000000
sensor01906,1,36.509032,93.097210,0.000000
sensor01907,1,36.450524,93.120134,0.000000
sensor01908,1,36.392002,93.143020,0.000000
sensor01909,1,36.333466,93.165870,0.000000
sensor01910,1,36.274915,93.188683,0.000000
sensor01911,1,36.216350,93.211459,0.000000
sensor01912,1,36.157770,93.234198,0.000000
sensor01913,1,36.099176,93.256900,0.000000
sensor01914,1,36.040568,93.279566,0.000000
sensor01915,1,35.981946,93.302195,0.000000
sensor01916,1,35.923310,93.324787,0.000000
sensor01917,1,35.864659,93.347342,0.000000
sensor01918,1,35.805994,93.369860,0.000000
sensor01919,1,35.747315,93.392342,0.000000
sensor01920,1,35.688622,93.414786,0.000000
sensor01921,1,35.629915,93.437194,0.000000
sensor01922,1,35.571194,93.459564,0.000000
sensor01923,1,35.512459,93.481898,0.000000
sensor01924,1,35.453709,93.504195,0.000000
sensor01925,1,35.394946,93.526455,0.000000
sensor01926,1,35.336169,93.548678,0.000000
sensor01927,1,35.277377,93.570864,0.000000
sensor01928,1,35.218572,93.593013,0.000000
sensor01929,1,35.159753,93.615126,0.000000
sensor01930,1,35.100920,93.637201,0.000000
sensor01931,1,35.042074,93.659239,0.000000
sensor01932,1,34.983213,93.681240,0.000000
sensor01933,1,34.924338,93.703205,0.000000
sensor01934,1,34.865450,93.725132,0.000000
sensor01935,1,34.806548,93.747022,0.000000
sensor01936,1,34.747632,93.768876,0.000000
sensor01937,1,34.688703,93.790692,0.000000
sensor01938,1,34.629760,93.812471,0.000000
sensor01939,1,34.570803,93.834213,0.000000
sensor01940,1,34.511832,93.855918,0.000000
sensor01941,1,34.452848,93.877586,0.000000
sensor01942,1,34.393851,93.899217,0.000000
sensor01943,1,34.334839,93.920811,0.000000
sensor01944,1,34.275814,93.942368,0.000000
sensor01945,1,34.216776,93.963888,0.000000
sensor01946,1,34.157724,93.985371,0.000000
sensor01947,1,34.098659,94.006816,0.000000
sensor01948,1,34.039580,94.028224,0.000000
sensor01949,1,33.980488,94.049596,0.000000
sensor01950,1,33.921382,94.070930,0.000000
sensor01951,1,33.862263,94.092227,0.000000
sensor01952,1,33.803130,94.113487,0.000000
sensor01953,1,33.743984,94.134709,0.000000
sensor01954,1,33.684825,94.155895,0.000000
sensor01955,1,33.625653,94.177043,0.000000
sensor01956,1,33.566467,94.198154,0.000000
sensor01957,1,33.507268,94.219228,0.000000
sensor01958,1,33.448056,94.240265,0.000000
sensor01959,1,33.388830,94.261265,0.000000
sensor01960,1,33.329592,94.282227,0.000000
sensor01961,1,33.270340,94.303152,0.000000
sensor01962,1,33.211075,94.324040,0.000000
sensor01963,1,33.151797,94.344890,0.000000
sensor01964,1,33.092506,94.365704,0.000000
sensor01965,1,33.033202,94.386480,0.000000
sensor01966,1,32.973885,94.407219,0.000000
sensor01967,1,32.914554,94.427920,0.000000
sensor01968,1,32.855211,94.448584,0.000000
sensor01969,1,32.795855,94.469211,0.000000
sensor01970,1,32.736486,94.489801,0.000000
sensor01971,1,32.677104,94.510353,0.000000
sensor01972,1,32.617709,94.530868,0.000000
sensor01973,1,32.558301,94.551346,0.000000
sensor01974,1,32.498880,94.571786,0.000000
sensor01975,1,32.439447,94.592189,0.000000
sensor01976,1,32.380000,94.612555,0.000000
sensor01977,1,32.320541,94.632883,0.000000
sensor01978,1,32.261069,94.653174,0.000000
sensor01979,1,32.201584,94.673428,0.000000
sensor01980,1,32.142087,94.693644,0.000000
sensor01981,1,32.082577,94.713823,0.000000
sensor01982,1,32.023054,94.733964,0.000000
sensor01983,1,31.963519,94.754068,0.000000
sensor01984,1,31.903971,94.774135,0.000000
sensor01985,1,31.844410,94.794164,0.000000
sensor01986,1,31.784837,94.814156,0.000000
sensor01987,1,31.725251,94.834110,0.000000
sensor01988,1,31.665653,94.854027,0.000000
sensor01989,1,31.606042,94.873906,0.000000
sensor01990,1,31.546419,94.893748,0.000000
sensor01991,1,31.486783,94.913553,0.000000
sensor01992,1,31.427135,94.933320,0.000000
sensor01993,1,31.367475,94.953049,0.000000
sensor01994,1,31.307802,94.972741,0.000000
sensor01995,1,31.248117,94.992396,0.000000
sensor01996,1,31.188419,95.012013,0.000000
sensor01997,1,31.128709,95.031592,0.000000
sensor01998,1,31.068987,95.051134,0.000000
sensor01999,1,31.009252,95.070638,0.000000
sensor02000,1,30.949506,95.090105,0.000000
sensor02001,1,30.889747,95.109534,0.000000
sensor02002,1,30.829976,95.128926,0.000000
sensor02003,1,30.770192,95.148280,0.000000
sensor02004,1,30.710397,95.167597,0.000000
sensor02005,1,30.650589,95.186876,0.000000
sensor02006,1,30.590769,95.206118,0.000000
sensor02007,1,30.530938,95.225321,0.000000
sensor02008,1,30.471094,95.244488,0.000000
sensor02009,1,30.411238,95.263616,0.000000
sensor02010,1,30.351370,95.282707,0.000000
sensor02011,1,30.291490,95.301761,0.000000
sensor02012,1,30.231598,95.320777,0.000000
sensor02013,1,30.171695,95.339755,0.000000
sensor02014,1,30.111779,95.358695,0.000000
sensor02015,1,30.051851,95.377598,0.000000
sensor02016,1,29.991912,95.396463,0.000000
sensor02017,1,29.931961,95.415291,0.000000
sensor02018,1,29.871998,95.434081,0.000000
sensor02019,1,29.812023,95.452833,0.000000
sensor02020,1,29.752036,95.471547,0.000000
sensor02021,1,29.692038,95.490224,0.000000
sensor02022,1,29.632027,95.508863,0.000000
sensor02023,1,29.572006,95.527465,0.000000
sensor02024,1,29.511972,95.546028,0.000000
sensor02025,1,29.451927,95.564554,0.000000
sensor02026,1,29.391870,95.583042,0.000000
sensor02027,1,29.331802,95.601493,0.000000
sensor02028,1,29.271722,95.619905,0.000000
sensor02029,1,29.211630,95.638280,0.000000
sensor02030,1,29.151527,95.656617,0.000000
sensor02031,1,29.091412,95.674917,0.000000
sensor02032,1,29.031286,95.693178,0.000000
sensor02033,1,28.971149,95.711402,0.000000
sensor02034,1,28.911000,95.729588,0.000000
sensor02035,1,28.850840,95.747737,0.000000
sensor02036,1,28.790668,95.765847,0.000000
sensor02037,1,28.730485,95.783920,0.000000
sensor02038,1,28.670290,95.801954,0.000000
sensor02039,1,28.610084,95.819951,0.000000
sensor02040,1,28.549867,95.837910,0.000000
sensor02041,1,28.489639,95.855832,0.000000
sensor02042,1,28.429399,95.873715,0.000000
sensor02043,1,28.369148,95.891561,0.000000
sensor02044,1,28.308886,95.909368,0.000000
sensor02045,1,28.248613,95.927138,0.000000
sensor02046,1,28.188329,95.944870,0.000000
sensor02047,1,28.128033,95.962564,0.000000
sensor02048,1,28.067726,95.980221,0.000000
sensor02049,1,28.007409,95.997839,0.000000
sensor02050,1,27.947080,96.015419,0.000000
sensor02051,1,27.886740,96.032962,0.000000
sensor02052,1,27.826389,96.050466,0.000000
sensor02053,1,27.766027,96.067933,0.000000
sensor02054,1,27.705655,96.085362,0.000000
sensor02055,1,27.645271,96.102752,0.000000
sensor02056,1,27.584876,96.120105,0.000000
sensor02057,1,27.524471,96.137420,0.000000
sensor02058,1,27.464054,96.154697,0.000000
sensor02059,1,27.403627,96.171936,0.000000
sensor02060,1,27.343189,96.189137,0.000000
sensor02061,1,27.282740,96.206300,0.000000
sensor02062,1,27.222281,96.223425,0.000000
sensor02063,1,27.161810,96.240512,0.000000
sensor02064,1,27.101329,96.257561,0.000000
sensor02065,1,27.040837,96.274572,0.000000
sensor02066,1,26.980335,96.291544,0.000000
sensor02067,1,26.919822,96.308479,0.000000
sensor02068,1,26.859298,96.325376,0.000000
sensor02069,1,26.798764,96.342235,0.000000
sensor02070,1,26.738219,96.359056,0.000000
sensor02071,1,26.677663,96.375839,0.000000
sensor02072,1,26.617097,96.392583,0.000000
sensor02073,1,26.556520,96.409290,0.000000
sensor02074,1,26.495933,96.425959,0.000000
sensor02075,1,26.435336,96.442589,0.000000
sensor02076,1,26.374728,96.459182,0.000000
sensor02077,1,26.314110,96.475736,0.000000
sensor02078,1,26.253481,96.492252,0.000000
sensor02079,1,26.192842,96.508730,0.000000
sensor02080,1,26.132192,96.525170,0.000000
sensor02081,1,26.071533,96.541572,0.000000
sensor02082,1,26.010862,96.557936,0.000000
sensor02083,1,25.950182,96.574262,0.000000
sensor02084,1,25.889492,96.590549,0.000000
sensor02085,1,25.828791,96.606799,0.000000
sensor02086,1,25.768080,96.623010,0.000000
sensor02087,1,25.707359,96.639183,0.000000
sensor02088,1,25.646627,96.655318,0.000000
sensor02089,1,25.585886,96.671415,0.000000
sensor02090,1,25.525134,96.687473,0.000000
sensor02091,1,25.464373,96.703494,0.000000
sensor02092,1,25.403601,96.719476,0.000000
sensor02093,1,25.342819,96.735420,0.000000
sensor02094,1,25.282027,96.751326,0.000000
sensor02095,1,25.221226,96.767194,0.000000
sensor02096,1,25.160414,96.783023,0.000000
sensor02097,1,25.099592,96.798814,0.000000
sensor02098,1,25.038761,96.814567,0.000000
sensor02099,1,24.977919,96.830282,0.000000
sensor02100,1,24.917068,96.845959,0.000000
sensor02101,1,24.856207,96.861597,0.000000
sensor02102,1,24.795336,96.877197,0.000000
sensor02103,1,24.734455,96.892759,0.000000
sensor02104,1,24.673565,96.908282,0.000000
sensor02105,1,24.612665,96.923768,0.000000
sensor02106,1,24.551755,96.939215,0.000000
sensor02107,1,24.490835,96.954623,0.000000
sensor02108,1,24.429906,96.969994,0.000000
sensor02109,1,24.368967,96.985326,0.000000
sensor02110,1,24.308018,97.000620,0.000000
sensor02111,1,24.247060,97.015875,0.000000
sensor02112,1,24.186092,97.031093,0.000000
sensor02113,1,24.125115,97.046272,0.000000
sensor02114,1,24.064128,97.061412,0.000000
sensor02115,1,24.003132,97.076514,0.000000
sensor02116,1,23.942126,97.091578,0.000000
sensor02117,1,23.881111,97.106604,0.000000
sensor02118,1,23.820086,97.121591,0.000000
sensor02119,1,23.759052,97.136540,0.000000
sensor02120,1,23.698009,97.151451,0.000000
sensor02121,1,23.636956,97.166323,0.000000
sensor02122,1,23.575894,97.181157,0.000000
sensor02123,1,23.514822,97.195952,0.000000
sensor02124,1,23.453741,97.210709,0.000000
sensor02125,1,23.392651,97.225428,0.000000
sensor02126,1,23.331552,97.240108,0.000000
sensor02127,1,23.270444,97.254750,0.000000
sensor02128,1,23.209326,97.269354,0.000000
sensor02129,1,23.148199,97.283919,0.000000
sensor02130,1,23.087063,97.298446,0.000000
sensor02131,1,23.025918,97.312934,0.000000
sensor02132,1,22.964764,97.327384,0.000000
sensor02133,1,22.903601,97.341795,0.000000
sensor02134,1,22.842428,97.356168,0.000000
sensor02135,1,22.781247,97.370503,0.000000
sensor02136,1,22.720057,97.384799,0.000000
sensor02137,1,22.658857,97.399056,0.000000
sensor02138,1,22.597649,97.413276,0.000000
sensor02139,1,22.536432,97.427456,0.000000
sensor02140,1,22.475206,97.441598,0.000000
sensor02141,1,22.413971,97.455702,0.000000
sensor02142,1,22.352727,97.469768,0.000000
sensor02143,1,22.291475,97.483794,0.000000
sensor02144,1,22.230213,97.497783,0.000000
sensor02145,1,22.168943,97.511732,0.000000
sensor02146,1,22.107664,97.525644,0.000000
sensor02147,1,22.046377,97.539517,0.000000
sensor02148,1,21.985080,97.553351,0.000000
sensor02149,1,21.923775,97.567147,0.000000
sensor02150,1,21.862461,97.580904,0.000000
sensor02151,1,21.801139,97.594622,0.000000
sensor02152,1,21.739808,97.608303,0.000000
sensor02153,1,21.678469,97.621944,0.000000
sensor02154,1,21.617121,97.635547,0.000000
sensor02155,1,21.555764,97.649112,0.000000
sensor02156,1,21.494399,97.662638,0.000000
sensor02157,1,21.433025,97.676125,0.000000
sensor02158,1,21.371643,97.689574,0.000000
sensor02159,1,21.310253,97.702984,0.000000
sensor02160,1,21.248854,97.716356,0.000000
sensor02161,1,21.187446,97.729689,0.000000
sensor02162,1,21.126031,97.742984,0.000000
sensor02163,1,21.064607,97.756239,0.000000
sensor02164,1,21.003174,97.769457,0.000000
sensor02165,1,20.941734,97.782635,0.000000
sensor02166,1,20.880285,97.795776,0.000000
sensor02167,1,20.818827,97.808877,0.000000
sensor02168,1,20.757362,97.821940,0.000000
sensor02169,1,20.695889,97.834964,0.000000
sensor02170,1,20.634407,97.847950,0.000000
sensor02171,1,20.572917,97.860897,0.000000
sensor02172,1,20.511419,97.873805,0.000000
sensor02173,1,20.449913,97.886675,0.000000
sensor02174,1,20.388399,97.899506,0.000000
sensor02175,1,20.326876,97.912298,0.000000
sensor02176,1,20.265346,97.925052,0.000000
sensor02177,1,20.203808,97.937767,0.000000
sensor02178,1,20.142261,97.950443,0.000000
sensor02179,1,20.080707,97.963081,0.000000
sensor02180,1,20.019145,97.975680,0.000000
sensor02181,1,19.957575,97.988240,0.000000
sensor02182,1,19.895997,98.000762,0.000000
sensor02183,1,19.834411,98.013245,0.000000
sensor02184,1,19.772818,98.025689,0.000000
sensor02185,1,19.711216,98.038094,0.000000
sensor02186,1,19.649607,98.050461,0.000000
sensor02187,1,19.587990,98.062789,0.000000
sensor02188,1,19.526366,98.075079,0.000000
sensor02189,1,19.464733,98.087329,0.000000
sensor02190,1,19.403093,98.099541,0.000000
sensor02191,1,19.341445,98.111714,0.000000
sensor02192,1,19.279790,98.123849,0.000000
sensor02193,1,19.218127,98.135944,0.000000
sensor02194,1,19.156456,98.148001,0.000000
sensor02195,1,19.094778,98.160020,0.000000
sensor02196,1,19.033092,98.171999,0.000000
sensor02197,1,18.971399,98.183940,0.000000
sensor02198,1,18.909699,98.195842,0.000000
sensor02199,1,18.847990,98.207705,0.000000
sensor02200,1,18.786275,98.219529,0.000000
sensor02201,1,18.724552,98.231315,0.000000
sensor02202,1,18.662821,98.243061,0.000000
sensor02203,1,18.601084,98.254769,0.000000
sensor02204,1,18.539338,98.266438,0.000000
sensor02205,1,18.477586,98.278069,0.000000
sensor02206,1,18.415826,98.289660,0.000000
sensor02207,1,18.354059,98.301213,0.000000
sensor02208,1,18.292285,98.312727,0.000000
sensor02209,1,18.230503,98.324202,0.000000
sensor02210,1,18.168715,98.335639,0.000000
sensor02211,1,18.106919,98.347036,0.000000
sensor02212,1,18.045116,98.358395,0.000000
sensor02213,1,17.983306,98.369714,0.000000
sensor02214,1,17.921488,98.380995,0.000000
sensor02215,1,17.859664,98.392237,0.000000
sensor02216,1,17.797833,98.403441,0.000000
sensor02217,1,17.735994,98.414605,0.000000
sensor02218,1,17.674149,98.425731,0.000000
sensor02219,1,17.612297,98.436817,0.000000
sensor02220,1,17.550437,98.447865,0.000000
sensor02221,1,17.488571,98.458874,0.000000
sensor02222,1,17.426698,98.469844,0.000000
sensor02223,1,17.364818,98.480775,0.000000
sensor02224,1,17.302931,98.491668,0.000000
sensor02225,1,17.241037,98.502521,0.000000
sensor02226,1,17.179137,98.513335,0.000000
sensor02227,1,17.117229,98.524111,0.000000
sensor02228,1,17.055315,98.534848,0.000000
sensor02229,1,16.993394,98.545546,0.000000
sensor02230,1,16.931467,98.556204,0.000000
sensor02231,1,16.869533,98.566824,0.000000
sensor02232,1,16.807592,98.577405,0.000000
sensor02233,1,16.745644,98.587948,0.000000
sensor02234,1,16.683690,98.598451,0.000000
sensor02235,1,16.621729,98.608915,0.000000
sensor02236,1,16.559762,98.619340,0.000000
sensor02237,1,16.497788,98.629727,0.000000
sensor02238,1,16.435808,98.640074,0.000000
sensor02239,1,16.373821,98.650383,0.000000
sensor02240,1,16.311828,98.660652,0.000000
sensor02241,1,16.249828,98.670883,0.000000
sensor02242,1,16.187822,98.681074,0.000000
sensor02243,1,16.125809,98.691227,0.000000
sensor02244,1,16.063790,98.701341,0.000000
sensor02245,1,16.001765,98.711415,0.000000
sensor02246,1,15.939734,98.721451,0.000000
sensor02247,1,15.877696,98.731448,0.000000
sensor02248,1,15.815652,98.741406,0.000000
sensor02249,1,15.753601,98.751324,0.000000
sensor02250,1,15.691545,98.761204,0.000000
sensor02251,1,15.629482,98.771045,0.000000
sensor02252,1,15.567413,98.780847,0.000000
sensor02253,1,15.505338,98.790609,0.000000
sensor02254,1,15.443257,98.800333,0.000000
sensor02255,1,15.381169,98.810018,0.000000
sensor02256,1,15.319076,98.819664,0.000000
sensor02257,1,15.256976,98.829270,0.000000
sensor02258,1,15.194871,98.838838,0.000000
sensor02259,1,15.132759,98.848367,0.000000
sensor02260,1,15.070642,98.857856,0.000000
sensor02261,1,15.008519,98.867307,0.000000
sensor02262,1,14.946389,98.876718,0.000000
sensor02263,1,14.884254,98.886091,0.000000
sensor02264,1,14.822113,98.895424,0.000000
sensor02265,1,14.759966,98.904719,0.000000
sensor02266,1,14.697813,98.913974,0.000000
sensor02267,1,14.635654,98.923190,0.000000
sensor02268,1,14.573490,98.932368,0.000000
sensor02269,1,14.511320,98.941506,0.000000
sensor02270,1,14.449144,98.950605,0.000000
sensor02271,1,14.386963,98.959665,0.000000
sensor02272,1,14.324775,98.968686,0.000000
sensor02273,1,14.262582,98.977668,0.000000
sensor02274,1,14.200384,98.986611,0.000000
sensor02275,1,14.138180,98.995514,0.000000
sensor02276,1,14.075970,99.004379,0.000000
sensor02277,1,14.013755,99.013205,0.000000
sensor02278,1,13.951534,99.021991,0.000000
sensor02279,1,13.889308,99.030738,0.000000
sensor02280,1,13.827076,99.039447,0.000000
sensor02281,1,13.764838,99.048116,0.000000
sensor02282,1,13.702596,99.056746,0.000000
sensor02283,1,13.640348,99.065337,0.000000
sensor02284,1,13.578094,99.073888,0.000000
sensor02285,1,13.515835,99.082401,0.000000
sensor02286,1,13.453571,99.090875,0.000000
sensor02287,1,13.391302,99.099309,0.000000
sensor02288,1,13.329027,99.107704,0.000000
sensor02289,1,13.266747,99.116060,0.000000
sensor02290,1,13.204461,99.124377,0.000000
sensor02291,1,13.142171,99.132655,0.000000
sensor02292,1,13.079875,99.140894,0.000000
sensor02293,1,13.017574,99.149094,0.000000
sensor02294,1,12.955268,99.157254,0.000000
sensor02295,1,12.892957,99.165375,0.000000
sensor02296,1,12.830641,99.173457,0.000000
sensor02297,1,12.768320,99.181500,0.000000
sensor02298,1,12.705993,99.189504,0.000000
sensor02299,1,12.643662,99.197469,0.000000
sensor02300,1,12.581326,99.205394,0.000000
sensor02301,1,12.518984,99.213281,0.000000
sensor02302,1,12.456638,99.221128,0.000000
sensor02303,1,12.394287,99.228936,0.000000
sensor02304,1,12.331931,99.236704,0.000000
sensor02305,1,12.269570,99.244434,0.000000
sensor02306,1,12.207204,99.252124,0.000000
sensor02307,1,12.144834,99.259775,0.000000
sensor02308,1,12.082458,99.267387,0.000000
sensor02309,1,12.020078,99.274960,0.000000
sensor02310,1,11.957693,99.282494,0.000000
sensor02311,1,11.895304,99.289988,0.000000
sensor02312,1,11.832909,99.297443,0.000000
sensor02313,1,11.770510,99.304859,0.000000
sensor02314,1,11.708107,99.312236,0.000000
sensor02315,1,11.645698,99.319574,0.000000
sensor02316,1,11.583285,99.326872,0.000000
sensor02317,1,11.520868,99.334131,0.000000
sensor02318,1,11.458446,99.341351,0.000000
sensor02319,1,11.396020,99.348532,0.000000
sensor02320,1,11.333589,99.355673,0.000000
sensor02321,1,11.271153,99.362775,0.000000
sensor02322,1,11.208713,99.369838,0.000000
sensor02323,1,11.146269,99.376862,0.000000
sensor02324,1,11.083820,99.383846,0.000000
sensor02325,1,11.021367,99.390792,0.000000
sensor02326,1,10.958909,99.397698,0.000000
sensor02327,1,10.896448,99.404564,0.000000
sensor02328,1,10.833981,99.411392,0.000000
sensor02329,1,10.771511,99.418180,0.000000
sensor02330,1,10.709036,99.424929,0.000000
sensor02331,1,10.646557,99.431639,0.000000
sensor02332,1,10.584074,99.438309,0.000000
sensor02333,1,10.521587,99.444941,0.000000
sensor02334,1,10.459096,99.451533,0.000000
sensor02335,1,10.396600,99.458085,0.000000
sensor02336,1,10.334100,99.464599,0.000000
sensor02337,1,10.271597,99.471073,0.000000
sensor02338,1,10.209089,99.477508,0.000000
sensor02339,1,10.146577,99.483903,0.000000
sensor02340,1,10.084061,99.490259,0.000000
sensor02341,1,10.021541,99.496576,0.000000
sensor02342,1,9.959018,99.502854,0.000000
sensor02343,1,9.896490,99.509092,0.000000
sensor02344,1,9.833958,99.515292,0.000000
sensor02345,1,9.771423,99.521451,0.000000
sensor02346,1,9.708884,99.527572,0.000000
sensor02347,1,9.646340,99.533653,0.000000
sensor02348,1,9.583793,99.539695,0.000000
sensor02349,1,9.521243,99.545698,0.000000
sensor02350,1,9.458688,99.551661,0.000000
sensor02351,1,9.396130,99.557585,0.000000
sensor02352,1,9.333568,99.563470,0.000000
sensor02353,1,9.271002,99.569315,0.000000
sensor02354,1,9.208433,99.575121,0.000000
sensor02355,1,9.145860,99.580888,0.000000
sensor02356,1,9.083283,99.586615,0.000000
sensor02357,1,9.020703,99.592303,0.000000
sensor02358,1,8.958119,99.597952,0.000000
sensor02359,1,8.895532,99.603562,0.000000
sensor02360,1,8.832941,99.609132,0.000000
sensor02361,1,8.770347,99.614663,0.000000
sensor02362,1,8.707749,99.620154,0.000000
sensor02363,1,8.645148,99.625606,0.000000
sensor02364,1,8.582544,99.631019,0.000000
sensor02365,1,8.519936,99.636392,0.000000
sensor02366,1,8.457324,99.641727,0.000000
sensor02367,1,8.394710,99.647021,0.000000
sensor02368,1,8.332092,99.652277,0.000000
sensor02369,1,8.269470,99.657493,0.000000
sensor02370,1,8.206846,99.662669,0.000000
sensor02371,1,8.144218,99.667807,0.000000
sensor02372,1,8.081587,99.672905,0.000000
sensor02373,1,8.018953,99.677963,0.000000
sensor02374,1,7.956316,99.682983,0.000000
sensor02375,1,7.893675,99.687963,0.000000
sensor02376,1,7.831031,99.692903,0.000000
sensor02377,1,7.768385,99.697804,0.000000
sensor02378,1,7.705735,99.702666,0.000000
sensor02379,1,7.643082,99.707489,0.000000
sensor02380,1,7.580426,99.712272,0.000000
sensor02381,1,7.517767,99.717015,0.000000
sensor02382,1,7.455106,99.721720,0.000000
sensor02383,1,7.392441,99.726385,0.000000
sensor02384,1,7.329773,99.731010,0.000000
sensor02385,1,7.267103,99.735597,0.000000
sensor02386,1,7.204429,99.740143,0.000000
sensor02387,1,7.141753,99.744651,0.000000
sensor02388,1,7.079074,99.749119,0.000000
sensor02389,1,7.016392,99.753548,0.000000
sensor02390,1,6.953707,99.757937,0.000000
sensor02391,1,6.891020,99.762287,0.000000
sensor02392,1,6.828330,99.766597,0.000000
sensor02393,1,6.765637,99.770868,0.000000
sensor02394,1,6.702942,99.775100,0.000000
sensor02395,1,6.640243,99.779292,0.000000
sensor02396,1,6.577543,99.783445,0.000000
sensor02397,1,6.514839,99.787559,0.000000
sensor02398,1,6.452133,99.791633,0.000000
sensor02399,1,6.389425,99.795667,0.000000
sensor02400,1,6.326714,99.799663,0.000000
sensor02401,1,6.264000,99.803619,0.000000
sensor02402,1,6.201285,99.807535,0.000000
sensor02403,1,6.138566,99.811412,0.000000
sensor02404,1,6.075845,99.815250,0.000000
sensor02405,1,6.013122,99.819048,0.000000
sensor02406,1,5.950396,99.822807,0.000000
sensor02407,1,5.887668,99.826526,0.000000
sensor02408,1,5.824938,99.830206,0.000000
sensor02409,1,5.762206,99.833847,0.000000
sensor02410,1,5.699471,99.837448,0.000000
sensor02411,1,5.636734,99.841010,0.000000
sensor02412,1,5.573994,99.844532,0.000000
sensor02413,1,5.511253,99.848015,0.000000
sensor02414,1,5.448509,99.851458,0.000000
sensor02415,1,5.385763,99.854862,0.000000
sensor02416,1,5.323015,99.858227,0.000000
sensor02417,1,5.260265,99.861552,0.000000
sensor02418,1,5.197513,99.864838,0.000000
sensor02419,1,5.134759,99.868084,0.000000
sensor02420,1,5.072002,99.871291,0.000000
sensor02421,1,5.009244,99.874459,0.000000
sensor02422,1,4.946484,99.877587,0.000000
sensor02423,1,4.883722,99.880675,0.000000
sensor02424,1,4.820958,99.883724,0.000000
sensor02425,1,4.758192,99.886734,0.000000
sensor02426,1,4.695424,99.889704,0.000000
sensor02427,1,4.632654,99.892635,0.000000
sensor02428,1,4.569882,99.895526,0.000000
sensor02429,1,4.507109,99.898378,0.000000
sensor02430,1,4.444334,99.901191,0.000000
sensor02431,1,4.381557,99.903964,0.000000
sensor02432,1,4.318778,99.906697,0.000000
sensor02433,1,4.255998,99.909391,0.000000
sensor02434,1,4.193216,99.912046,0.000000
sensor02435,1,4.130432,99.914661,0.000000
sensor02436,1,4.067647,99.917237,0.000000
sensor02437,1,4.004860,99.919773,0.000000
sensor02438,1,3.942071,99.922270,0.000000
sensor02439,1,3.879281,99.924728,0.000000
sensor02440,1,3.816490,99.927145,0.000000
sensor02441,1,3.753697,99.929524,0.000000
sensor02442,1,3.690902,99.931863,0.000000
sensor02443,1,3.628106,99.934163,0.000000
sensor02444,1,3.565309,99.936423,0.000000
sensor02445,1,3.502510,99.938643,0.000000
sensor02446,1,3.439709,99.940824,0.000000
sensor02447,1,3.376908,99.942966,0.000000
sensor02448,1,3.314105,99.945068,0.000000
sensor02449,1,3.251300,99.947131,0.000000
sensor02450,1,3.188495,99.949155,0.000000
sensor02451,1,3.125688,99.951138,0.000000
sensor02452,1,3.062880,99.953083,0.000000
sensor02453,1,3.000071,99.954988,0.000000
sensor02454,1,2.937260,99.956853,0.000000
sensor02455,1,2.874449,99.958679,0.000000
sensor02456,1,2.811636,99.960466,0.000000
sensor02457,1,2.748822,99.962213,0.000000
sensor02458,1,2.686007,99.963920,0.000000
sensor02459,1,2.623191,99.965588,0.000000
sensor02460,1,2.560374,99.967217,0.000000
sensor02461,1,2.497556,99.968806,0.000000
sensor02462,1,2.434737,99.970356,0.000000
sensor02463,1,2.371917,99.971866,0.000000
sensor02464,1,2.309096,99.973337,0.000000
sensor02465,1,2.246274,99.974768,0.000000
sensor02466,1,2.183452,99.976160,0.000000
sensor02467,1,2.120628,99.977512,0.000000
sensor02468,1,2.057804,99.978825,0.000000
sensor02469,1,1.994978,99.980098,0.000000
sensor02470,1,1.932152,99.981332,0.000000
sensor02471,1,1.869326,99.982527,0.000000
sensor02472,1,1.806498,99.983681,0.000000
sensor02473,1,1.743670,99.984797,0.000000
sensor02474,1,1.680841,99.985873,0.000000
sensor02475,1,1.618011,99.986909,0.000000
sensor02476,1,1.555181,99.987906,0.000000
sensor02477,1,1.492350,99.988864,0.000000
sensor02478,1,1.429519,99.989782,0.000000
sensor02479,1,1.366687,99.990660,0.000000
sensor02480,1,1.303854,99.991499,0.000000
sensor02481,1,1.241021,99.992299,0.000000
sensor02482,1,1.178188,99.993059,0.000000
sensor02483,1,1.115354,99.993780,0.000000
sensor02484,1,1.052519,99.994461,0.000000
sensor02485,1,0.989684,99.995103,0.000000
sensor02486,1,0.926849,99.995705,0.000000
sensor02487,1,0.864014,99.996267,0.000000
sensor02488,1,0.801178,99.996791,0.000000
sensor02489,1,0.738341,99.997274,0.000000
sensor02490,1,0.675505,99.997718,0.000000
sensor02491,1,0.612668,99.998123,0.000000
sensor02492,1,0.549831,99.998488,0.000000
sensor02493,1,0.486994,99.998814,0.000000
sensor02494,1,0.424156,99.999100,0.000000
sensor02495,1,0.361319,99.999347,0.000000
sensor02496,1,0.298481,99.999555,0.000000
sensor02497,1,0.235643,99.999722,0.000000
sensor02498,1,0.172805,99.999851,0.000000
sensor02499,1,0.109967,99.999940,0.000000
sensor02500,1,0.047129,99.999989,0.000000
sensor02501,1,-0.015710,99.999999,0.000000
sensor02502,1,-0.078548,99.999969,0.000000
sensor02503,1,-0.141386,99.999900,0.000000
sensor02504,1,-0.204224,99.999791,0.000000
sensor02505,1,-0.267062,99.999643,0.000000
sensor02506,1,-0.329900,99.999456,0.000000
sensor02507,1,-0.392737,99.999229,0.000000
sensor02508,1,-0.455575,99.998962,0.000000
sensor02509,1,-0.518412,99.998656,0.000000
sensor02510,1,-0.581249,99.998311,0.000000
sensor02511,1,-0.644086,99.997926,0.000000
sensor02512,1,-0.706923,99.997501,0.000000
sensor02513,1,-0.769760,99.997037,0.000000
sensor02514,1,-0.832596,99.996534,0.000000
sensor02515,1,-0.895431,99.995991,0.000000
sensor02516,1,-0.958267,99.995409,0.000000
sensor02517,1,-1.021102,99.994787,0.000000
sensor02518,1,-1.083937,99.994125,0.000000
sensor02519,1,-1.146771,99.993424,0.000000
sensor02520,1,-1.209605,99.992684,0.000000
sensor02521,1,-1.272438,99.991904,0.000000
sensor02522,1,-1.335271,99.991085,0.000000
sensor02523,1,-1.398103,99.990226,0.000000
sensor02524,1,-1.460935,99.989328,0.000000
sensor02525,1,-1.523766,99.988390,0.000000
sensor02526,1,-1.586596,99.987413,0.000000
sensor02527,1,-1.649426,99.986396,0.000000
sensor02528,1,-1.712256,99.985340,0.000000
sensor02529,1,-1.775084,99.984244,0.000000
sensor02530,1,-1.837912,99.983109,0.000000
sensor02531,1,-1.900739,99.981934,0.000000
sensor02532,1,-1.963566,99.980720,0.000000
sensor02533,1,-2.026391,99.979467,0.000000
sensor02534,1,-2.089216,99.978173,0.000000
sensor02535,1,-2.152040,99.976841,0.000000
sensor02536,1,-2.214863,99.975469,0.000000
sensor02537,1,-2.277685,99.974057,0.000000
sensor02538,1,-2.340507,99.972606,0.000000
sensor02539,1,-2.403327,99.971116,0.000000
sensor02540,1,-2.466147,99.969586,0.000000
sensor02541,1,-2.528965,99.968017,0.000000
sensor02542,1,-2.591783,99.966408,0.000000
sensor02543,1,-2.654599,99.964759,0.000000
sensor02544,1,-2.717415,99.963071,0.000000
sensor02545,1,-2.780229,99.961344,0.000000
sensor02546,1,-2.843043,99.959577,0.000000
sensor02547,1,-2.905855,99.957771,0.000000
sensor02548,1,-2.968666,99.955925,0.000000
sensor02549,1,-3.031476,99.954040,0.000000
sensor02550,1,-3.094284,99.952116,0.000000
sensor02551,1,-3.157092,99.950151,0.000000
sensor02552,1,-3.219898,99.948148,0.000000
sensor02553,1,-3.282703,99.946105,0.000000
sensor02554,1,-3.345506,99.944022,0.000000
sensor02555,1,-3.408309,99.941900,0.000000
sensor02556,1,-3.471110,99.939739,0.000000
sensor02557,1,-3.533909,99.937538,0.000000
sensor02558,1,-3.596707,99.935298,0.000000
sensor02559,1,-3.659504,99.933018,0.000000
sensor02560,1,-3.722300,99.930698,0.000000
sensor02561,1,-3.785093,99.928340,0.000000
sensor02562,1,-3.847886,99.925941,0.000000
sensor02563,1,-3.910677,99.923504,0.000000
sensor02564,1,-3.973466,99.921027,0.000000
sensor02565,1,-4.036254,99.918510,0.000000
sensor02566,1,-4.099040,99.915954,0.000000
sensor02567,1,-4.161824,99.913359,0.000000
sensor02568,1,-4.224607,99.910724,0.000000
sensor02569,1,-4.287388,99.908049,0.000000
sensor02570,1,-4.350168,99.905335,0.000000
sensor02571,1,-4.412946,99.902582,0.000000
sensor02572,1,-4.475722,99.899789,0.000000
sensor02573,1,-4.538496,99.896957,0.000000
sensor02574,1,-4.601268,99.894086,0.000000
sensor02575,1,-4.664039,99.891174,0.000000
sensor02576,1,-4.726808,99.888224,0.000000
sensor02577,1,-4.789575,99.885234,0.000000
sensor02578,1,-4.852340,99.882205,0.000000
sensor02579,1,-4.915103,99.879136,0.000000
sensor02580,1,-4.977864,99.876027,0.000000
sensor02581,1,-5.040624,99.872880,0.000000
sensor02582,1,-5.103381,99.869693,0.000000
sensor02583,1,-5.166136,99.866466,0.000000
sensor02584,1,-5.228889,99.863200,0.000000
sensor02585,1,-5.291640,99.859895,0.000000
sensor02586,1,-5.354389,99.856550,0.000000
sensor02587,1,-5.417136,99.853165,0.000000
sensor02588,1,-5.479881,99.849742,0.000000
sensor02589,1,-5.542624,99.846278,0.000000
sensor02590,1,-5.605364,99.842776,0.000000
sensor02591,1,-5.668102,99.839234,0.000000
sensor02592,1,-5.730838,99.835652,0.000000
sensor02593,1,-5.793572,99.832032,0.000000
sensor02594,1,-5.856304,99.828371,0.000000
sensor02595,1,-5.919033,99.824672,0.000000
sensor02596,1,-5.981760,99.820932,0.000000
sensor02597,1,-6.044484,99.817154,0.000000
sensor02598,1,-6.107206,99.813336,0.000000
sensor02599,1,-6.169926,99.809479,0.000000
sensor02600,1,-6.232643,99.805582,0.000000
sensor02601,1,-6.295358,99.801646,0.000000
sensor02602,1,-6.358070,99.797670,0.000000
sensor02603,1,-6.420780,99.793655,0.000000
sensor02604,1,-6.483487,99.789601,0.000000
sensor02605,1,-6.546191,99.785507,0.000000
sensor02606,1,-6.608893,99.781374,0.000000
sensor02607,1,-6.671593,99.777201,0.000000
sensor02608,1,-6.734290,99.772989,0.000000
sensor02609,1,-6.796984,99.768738,0.000000
sensor02610,1,-6.859675,99.764447,0.000000
sensor02611,1,-6.922364,99.760117,0.000000
sensor02612,1,-6.985050,99.755747,0.000000
sensor02613,1,-7.047733,99.751338,0.000000
sensor02614,1,-7.110414,99.746890,0.000000
sensor02615,1,-7.173092,99.742402,0.000000
sensor02616,1,-7.235766,99.737875,0.000000
sensor02617,1,-7.298438,99.733308,0.000000
sensor02618,1,-7.361107,99.728702,0.000000
sensor02619,1,-7.423774,99.724057,0.000000
sensor02620,1,-7.486437,99.719373,0.000000
sensor02621,1,-7.549097,99.714649,0.000000
sensor02622,1,-7.611755,99.709885,0.000000
sensor02623,1,-7.674409,99.705082,0.000000
sensor02624,1,-7.737060,99.700240,0.000000
sensor02625,1,-7.799708,99.695359,0.000000
sensor02626,1,-7.862354,99.690438,0.000000
sensor02627,1,-7.924996,99.685478,0.000000
sensor02628,1,-7.987635,99.680478,0.000000
sensor02629,1,-8.050270,99.675439,0.000000
sensor02630,1,-8.112903,99.670361,0.000000
sensor02631,1,-8.175532,99.665243,0.000000
sensor02632,1,-8.238159,99.660086,0.000000
sensor02633,1,-8.300781,99.654890,0.000000
sensor02634,1,-8.363401,99.649654,0.000000
sensor02635,1,-8.426017,99.644379,0.000000
sensor02636,1,-8.488630,99.639064,0.000000
sensor02637,1,-8.551240,99.633711,0.000000
sensor02638,1,-8.613846,99.628318,0.000000
sensor02639,1,-8.676449,99.622885,0.000000
sensor02640,1,-8.739049,99.617413,0.000000
sensor02641,1,-8.801645,99.611902,0.000000
sensor02642,1,-8.864237,99.606352,0.000000
sensor02643,1,-8.926826,99.600762,0.000000
sensor02644,1,-8.989412,99.595133,0.000000
sensor02645,1,-9.051994,99.589464,0.000000
sensor02646,1,-9.114572,99.583757,0.000000
sensor02647,1,-9.177147,99.578010,0.000000
sensor02648,1,-9.239718,99.572223,0.000000
sensor02649,1,-9.302285,99.566397,0.000000
sensor02650,1,-9.364849,99.560532,0.000000
sensor02651,1,-9.427409,99.554628,0.000000
sensor02652,1,-9.489966,99.548684,0.000000
sensor02653,1,-9.552518,99.542701,0.000000
sensor02654,1,-9.615067,99.536679,0.000000
sensor02655,1,-9.677612,99.530617,0.000000
sensor02656,1,-9.740154,99.524517,0.000000
sensor02657,1,-9.802691,99.518376,0.000000
sensor02658,1,-9.865225,99.512197,0.000000
sensor02659,1,-9.927754,99.505978,0.000000
sensor02660,1,-9.990280,99.499720,0.000000
sensor02661,1,-10.052802,99.493423,0.000000
sensor02662,1,-10.115320,99.487086,0.000000
sensor02663,1,-10.177834,99.480710,0.000000
sensor02664,1,-10.240343,99.474295,0.000000
sensor02665,1,-10.302849,99.467841,0.000000
sensor02666,1,-10.365351,99.461347,0.000000
sensor02667,1,-10.427848,99.454814,0.000000
sensor02668,1,-10.490342,99.448241,0.000000
sensor02669,1,-10.552831,99.441630,0.000000
sensor02670,1,-10.615316,99.434979,0.000000
sensor02671,1,-10.677797,99.428289,0.000000
sensor02672,1,-10.740274,99.421560,0.000000
sensor02673,1,-10.802747,99.414791,0.000000
sensor02674,1,-10.865215,99.407983,0.000000
sensor02675,1,-10.927679,99.401136,0.000000
sensor02676,1,-10.990139,99.394250,0.000000
sensor02677,1,-11.052594,99.387324,0.000000
sensor02678,1,-11.115045,99.380359,0.000000
sensor02679,1,-11.177491,99.373355,0.000000
sensor02680,1,-11.239934,99.366312,0.000000
sensor02681,1,-11.302371,99.359229,0.000000
sensor02682,1,-11.364805,99.352107,0.000000
sensor02683,1,-11.427233,99.344946,0.000000
sensor02684,1,-11.489658,99.337746,0.000000
sensor02685,1,-11.552077,99.330506,0.000000
sensor02686,1,-11.614493,99.323228,0.000000
sensor02687,1,-11.676903,99.315910,0.000000
sensor02688,1,-11.739309,99.308553,0.000000
sensor02689,1,-11.801710,99.301156,0.000000
sensor02690,1,-11.864107,99.293721,0.000000
sensor02691,1,-11.926499,99.286246,0.000000
sensor02692,1,-11.988886,99.278732,0.000000
sensor02693,1,-12.051269,99.271179,0.000000
sensor02694,1,-12.113647,99.263586,0.000000
sensor02695,1,-12.176020,99.255955,0.000000
sensor02696,1,-12.238388,99.248284,0.000000
sensor02697,1,-12.300751,99.240574,0.000000
sensor02698,1,-12.363110,99.232825,0.000000
sensor02699,1,-12.425463,99.225036,0.000000
sensor02700,1,-12.487812,99.217209,0.000000
sensor02701,1,-12.550156,99.209342,0.000000
sensor02702,1,-12.612495,99.201436,0.000000
sensor02703,1,-12.674828,99.193491,0.000000
sensor02704,1,-12.737157,99.185507,0.000000
sensor02705,1,-12.799481,99.177484,0.000000
sensor02706,1,-12.861800,99.169421,0.000000
sensor02707,1,-12.924113,99.161320,0.000000
sensor02708,1,-12.986422,99.153179,0.000000
sensor02709,1,-13.048725,99.144999,0.000000
sensor02710,1,-13.111024,99.136780,0.000000
sensor02711,1,-13.173317,99.128521,0.000000
sensor02712,1,-13.235605,99.120224,0.000000
sensor02713,1,-13.297887,99.111887,0.000000
sensor02714,1,-13.360165,99.103512,0.000000
sensor02715,1,-13.422437,99.095097,0.000000
sensor02716,1,-13.484704,99.086643,0.000000
sensor02717,1,-13.546965,99.078150,0.000000
sensor02718,1,-13.609222,99.069617,0.000000
sensor02719,1,-13.671472,99.061046,0.000000
sensor02720,1,-13.733718,99.052436,0.000000
sensor02721,1,-13.795958,99.043786,0.000000
sensor02722,1,-13.858192,99.035097,0.000000
sensor02723,1,-13.920421,99.026370,0.000000
sensor02724,1,-13.982645,99.017603,0.000000
sensor02725,1,-14.044863,99.008797,0.000000
sensor02726,1,-14.107076,98.999952,0.000000
sensor02727,1,-14.169282,98.991067,0.000000
sensor02728,1,-14.231484,98.982144,0.000000
sensor02729,1,-14.293680,98.973182,0.000000
sensor02730,1,-14.355870,98.964180,0.000000
sensor02731,1,-14.418054,98.955140,0.000000
sensor02732,1,-14.480233,98.946060,0.000000
sensor02733,1,-14.542406,98.936942,0.000000
sensor02734,1,-14.604573,98.927784,0.000000
sensor02735,1,-14.666734,98.918587,0.000000
sensor02736,1,-14.728890,98.909351,0.000000
sensor02737,1,-14.791040,98.900077,0.000000
sensor02738,1,-14.853184,98.890763,0.000000
sensor02739,1,-14.915322,98.881410,0.000000
sensor02740,1,-14.977455,98.872018,0.000000
sensor02741,1,-15.039581,98.862586,0.000000
sensor02742,1,-15.101701,98.853116,0.000000
sensor02743,1,-15.163816,98.843607,0.000000
sensor02744,1,-15.225924,98.834059,0.000000
sensor02745,1,-15.288027,98.824472,0.000000
sensor02746,1,-15.350123,98.814846,0.000000
sensor02747,1,-15.412214,98.805180,0.000000
sensor02748,1,-15.474298,98.795476,0.000000
sensor02749,1,-15.536376,98.785733,0.000000
sensor02750,1,-15.598448,98.775951,0.000000
sensor02751,1,-15.660514,98.766129,0.000000
sensor02752,1,-15.722574,98.756269,0.000000
sensor02753,1,-15.784627,98.746370,0.000000
sensor02754,1,-15.846674,98.736432,0.000000
sensor02755,1,-15.908715,98.726454,0.000000
sensor02756,1,-15.970750,98.716438,0.000000
sensor02757,1,-16.032779,98.706383,0.000000
sensor02758,1,-16.094801,98.696289,0.000000
sensor02759,1,-16.156816,98.686155,0.000000
sensor02760,1,-16.218826,98.675983,0.000000
sensor02761,1,-16.280829,98.665772,0.000000
sensor02762,1,-16.342825,98.655522,0.000000
sensor02763,1,-16.404815,98.645233,0.000000
sensor02764,1,-16.466799,98.634905,0.000000
sensor02765,1,-16.528776,98.624538,0.000000
sensor02766,1,-16.590746,98.614133,0.000000
sensor02767,1,-16.652710,98.603688,0.000000
sensor02768,1,-16.714668,98.593204,0.000000
sensor02769,1,-16.776619,98.582681,0.000000
sensor02770,1,-16.838563,98.572120,0.000000
sensor02771,1,-16.900501,98.561519,0.000000
sensor02772,1,-16.962431,98.550880,0.000000
sensor02773,1,-17.024356,98.540202,0.000000
sensor02774,1,-17.086273,98.529484,0.000000
sensor02775,1,-17.148184,98.518728,0.000000
sensor02776,1,-17.210088,98.507933,0.000000
sensor02777,1,-17.271985,98.497099,0.000000
sensor02778,1,-17.333875,98.486226,0.000000
sensor02779,1,-17.395759,98.475315,0.000000
sensor02780,1,-17.457635,98.464364,0.000000
sensor02781,1,-17.519505,98.453374,0.000000
sensor02782,1,-17.581368,98.442346,0.000000
sensor02783,1,-17.643224,98.431279,0.000000
sensor02784,1,-17.705073,98.420173,0.000000
sensor02785,1,-17.766914,98.409028,0.000000
sensor02786,1,-17.828749,98.397844,0.000000
sensor02787,1,-17.890577,98.386621,0.000000
sensor02788,1,-17.952398,98.375360,0.000000
sensor02789,1,-18.014212,98.364059,0.000000
sensor02790,1,-18.076018,98.352720,0.000000
sensor02791,1,-18.137818,98.341342,0.000000
sensor02792,1,-18.199610,98.329925,0.000000
sensor02793,1,-18.261395,98.318470,0.000000
sensor02794,1,-18.323173,98.306975,0.000000
sensor02795,1,-18.384944,98.295442,0.000000
sensor02796,1,-18.446707,98.283869,0.000000
sensor02797,1,-18.508463,98.272259,0.000000
sensor02798,1,-18.570212,98.260609,0.000000
sensor02799,1,-18.631953,98.248920,0.000000
sensor02800,1,-18.693687,98.237193,0.000000
sensor02801,1,-18.755414,98.225427,0.000000
sensor02802,1,-18.817134,98.213622,0.000000
sensor02803,1,-18.878845,98.201778,0.000000
sensor02804,1,-18.940550,98.189895,0.000000
sensor02805,1,-19.002247,98.177974,0.000000
sensor02806,1,-19.063936,98.166014,0.000000
sensor02807,1,-19.125618,98.154015,0.000000
sensor02808,1,-19.187293,98.141978,0.000000
sensor02809,1,-19.248959,98.129901,0.000000
sensor02810,1,-19.310619,98.117786,0.000000
sensor02811,1,-19.372270,98.105633,0.000000
sensor02812,1,-19.433914,98.093440,0.000000
sensor02813,1,-19.495550,98.081209,0.000000
sensor02814,1,-19.557179,98.068939,0.000000
sensor02815,1,-19.618800,98.056630,0.000000
sensor02816,1,-19.680413,98.044283,0.000000
sensor02817,1,-19.742018,98.031896,0.000000
sensor02818,1,-19.803616,98.019472,0.000000
sensor02819,1,-19.865205,98.007008,0.000000
sensor02820,1,-19.926787,97.994506,0.000000
sensor02821,1,-19.988361,97.981965,0.000000
sensor02822,1,-20.049927,97.969385,0.000000
sensor02823,1,-20.111485,97.956767,0.000000
sensor02824,1,-20.173036,97.944110,0.000000
sensor02825,1,-20.234578,97.931414,0.000000
sensor02826,1,-20.296112,97.918680,0.000000
sensor02827,1,-20.357638,97.905907,0.000000
sensor02828,1,-20.419157,97.893095,0.000000
sensor02829,1,-20.480667,97.880245,0.000000
sensor02830,1,-20.542169,97.867356,0.000000
sensor02831,1,-20.603663,97.854428,0.000000
sensor02832,1,-20.665149,97.841462,0.000000
sensor02833,1,-20.726626,97.828457,0.000000
sensor02834,1,-20.788096,97.815413,0.000000
sensor02835,1,-20.849557,97.802331,0.000000
sensor02836,1,-20.911010,97.789210,0.000000
sensor02837,1,-20.972455,97.776051,0.000000
sensor02838,1,-21.033891,97.762853,0.000000
sensor02839,1,-21.095320,97.749616,0.000000
sensor02840,1,-21.156739,97.736341,0.000000
sensor02841,1,-21.218151,97.723027,0.000000
sensor02842,1,-21.279554,97.709675,0.000000
sensor02843,1,-21.340949,97.696284,0.000000
sensor02844,1,-21.402335,97.682854,0.000000
sensor02845,1,-21.463713,97.669386,0.000000
sensor02846,1,-21.525082,97.655880,0.000000
sensor02847,1,-21.586443,97.642334,0.000000
sensor02848,1,-21.647796,97.628751,0.000000
sensor02849,1,-21.709139,97.615128,0.000000
sensor02850,1,-21.770475,97.601467,0.000000
sensor02851,1,-21.831801,97.587768,0.000000
sensor02852,1,-21.893119,97.574030,0.000000
sensor02853,1,-21.954429,97.560253,0.000000
sensor02854,1,-22.015729,97.546438,0.000000
sensor02855,1,-22.077021,97.532585,0.000000
sensor02856,1,-22.138305,97.518693,0.000000
sensor02857,1,-22.199579,97.504762,0.000000
sensor02858,1,-22.260845,97.490793,0.000000
sensor02859,1,-22.322102,97.476786,0.000000
sensor02860,1,-22.383350,97.462740,0.000000
sensor02861,1,-22.444590,97.448655,0.000000
sensor02862,1,-22.505820,97.434532,0.000000
sensor02863,1,-22.567042,97.420371,0.000000
sensor02864,1,-22.628254,97.406171,0.000000
sensor02865,1,-22.689458,97.391932,0.000000
sensor02866,1,-22.750653,97.377655,0.000000
sensor02867,1,-22.811839,97.363340,0.000000
sensor02868,1,-22.873016,97.348986,0.000000
sensor02869,1,-22.934183,97.334594,0.000000
sensor02870,1,-22.995342,97.320164,0.000000
sensor02871,1,-23.056492,97.305695,0.000000
sensor02872,1,-23.117632,97.291187,0.000000
sensor02873,1,-23.178764,97.276641,0.000000
sensor02874,1,-23.239886,97.262057,0.000000
sensor02875,1,-23.300999,97.247434,0.000000
sensor02876,1,-23.362103,97.232773,0.000000
sensor02877,1,-23.423197,97.218074,0.000000
sensor02878,1,-23.484283,97.203336,0.000000
sensor02879,1,-23.545359,97.188559,0.000000
sensor02880,1,-23.606426,97.173745,0.000000
sensor02881,1,-23.667483,97.158892,0.000000
sensor02882,1,-23.728531,97.144000,0.000000
sensor02883,1,-23.789570,97.129071,0.000000
sensor02884,1,-23.850600,97.114102,0.000000
sensor02885,1,-23.911620,97.099096,0.000000
sensor02886,1,-23.972630,97.084051,0.000000
sensor02887,1,-24.033631,97.068968,0.000000
sensor02888,1,-24.094623,97.053847,0.000000
sensor02889,1,-24.155605,97.038687,0.000000
sensor02890,1,-24.216577,97.023489,0.000000
sensor02891,1,-24.277540,97.008252,0.000000
sensor02892,1,-24.338494,96.992978,0.000000
sensor02893,1,-24.399438,96.977665,0.000000
sensor02894,1,-24.460372,96.962313,0.000000
sensor02895,1,-24.521296,96.946924,0.000000
sensor02896,1,-24.582211,96.931496,0.000000
sensor02897,1,-24.643116,96.916030,0.000000
sensor02898,1,-24.704011,96.900525,0.000000
sensor02899,1,-24.764897,96.884983,0.000000
sensor02900,1,-24.825773,96.869402,0.000000
sensor02901,1,-24.886639,96.853783,0.000000
sensor02902,1,-24.947495,96.838125,0.000000
sensor02903,1,-25.008341,96.822430,0.000000
sensor02904,1,-25.069178,96.806696,0.000000
sensor02905,1,-25.130004,96.790924,0.000000
sensor02906,1,-25.190821,96.775113,0.000000
sensor02907,1,-25.251628,96.759265,0.000000
sensor02908,1,-25.312425,96.743378,0.000000
sensor02909,1,-25.373211,96.727453,0.000000
sensor02910,1,-25.433988,96.711490,0.000000
sensor02911,1,-25.494755,96.695488,0.000000
sensor02912,1,-25.555511,96.679449,0.000000
sensor02913,1,-25.616258,96.663371,0.000000
sensor02914,1,-25.676994,96.647255,0.000000
sensor02915,1,-25.737720,96.631101,0.000000
sensor02916,1,-25.798437,96.614909,0.000000
sensor02917,1,-25.859142,96.598679,0.000000
sensor02918,1,-25.919838,96.582410,0.000000
sensor02919,1,-25.980524,96.566104,0.000000
sensor02920,1,-26.041199,96.549759,0.000000
sensor02921,1,-26.101864,96.533376,0.000000
sensor02922,1,-26.162518,96.516955,0.000000
sensor02923,1,-26.223163,96.500496,0.000000
sensor02924,1,-26.283797,96.483999,0.000000
sensor02925,1,-26.344420,96.467464,0.000000
sensor02926,1,-26.405033,96.450890,0.000000
sensor02927,1,-26.465636,96.434279,0.000000
sensor02928,1,-26.526228,96.417629,0.000000
sensor02929,1,-26.586810,96.400942,0.000000
sensor02930,1,-26.647381,96.384216,0.000000
sensor02931,1,-26.707942,96.367452,0.000000
sensor02932,1,-26.768492,96.350650,0.000000
sensor02933,1,-26.829032,96.333810,0.000000
sensor02934,1,-26.889561,96.316933,0.000000
sensor02935,1,-26.950080,96.300017,0.000000
sensor02936,1,-27.010587,96.283063,0.000000
sensor02937,1,-27.071085,96.266071,0.000000
sensor02938,1,-27.131571,96.249041,0.000000
sensor02939,1,-27.192047,96.231973,0.000000
sensor02940,1,-27.252512,96.214867,0.000000
sensor02941,1,-27.312966,96.197723,0.000000
sensor02942,1,-27.373409,96.180541,0.000000
sensor02943,1,-27.433842,96.163321,0.000000
sensor02944,1,-27.494264,96.146063,0.000000
sensor02945,1,-27.554675,96.128767,0.000000
sensor02946,1,-27.615075,96.111433,0.000000
sensor02947,1,-27.675464,96.094062,0.000000
sensor02948,1,-27.735842,96.076652,0.000000
sensor02949,1,-27.796210,96.059204,0.000000
sensor02950,1,-27.856566,96.041719,0.000000
sensor02951,1,-27.916911,96.024195,0.000000
sensor02952,1,-27.977246,96.006634,0.000000
sensor02953,1,-28.037569,95.989034,0.000000
sensor02954,1,-28.097881,95.971397,0.000000
sensor02955,1,-28.158182,95.953722,0.000000
sensor02956,1,-28.218472,95.936009,0.000000
sensor02957,1,-28.278751,95.918258,0.000000
sensor02958,1,-28.339019,95.900469,0.000000
sensor02959,1,-28.399275,95.882643,0.000000
sensor02960,1,-28.459520,95.864778,0.000000
sensor02961,1,-28.519754,95.846876,0.000000
sensor02962,1,-28.579977,95.828936,0.000000
sensor02963,1,-28.640189,95.810958,0.000000
sensor02964,1,-28.700389,95.792942,0.000000
sensor02965,1,-28.760578,95.774888,0.000000
sensor02966,1,-28.820755,95.756797,0.000000
sensor02967,1,-28.880921,95.738667,0.000000
sensor02968,1,-28.941076,95.720500,0.000000
sensor02969,1,-29.001219,95.702295,0.000000
sensor02970,1,-29.061351,95.684052,0.000000
sensor02971,1,-29.121471,95.665772,0.000000
sensor02972,1,-29.181580,95.647454,0.000000
sensor02973,1,-29.241677,95.629098,0.000000
sensor02974,1,-29.301763,95.610704,0.000000
sensor02975,1,-29.361837,95.592272,0.000000
sensor02976,1,-29.421900,95.573803,0.000000
sensor02977,1,-29.481951,95.555296,0.000000
sensor02978,1,-29.541990,95.536751,0.000000
sensor02979,1,-29.602018,95.518169,0.000000
sensor02980,1,-29.662034,95.499548,0.000000
sensor02981,1,-29.722038,95.480890,0.000000
sensor02982,1,-29.782031,95.462195,0.000000
sensor02983,1,-29.842012,95.443462,0.000000
sensor02984,1,-29.901981,95.424691,0.000000
sensor02985,1,-29.961938,95.405882,0.000000
sensor02986,1,-30.021883,95.387035,0.000000
sensor02987,1,-30.081817,95.368151,0.000000
sensor02988,1,-30.141738,95.349230,0.000000
sensor02989,1,-30.201648,95.330270,0.000000
sensor02990,1,-30.261546,95.311273,0.000000
sensor02991,1,-30.321432,95.292239,0.000000
sensor02992,1,-30.381305,95.273167,0.000000
sensor02993,1,-30.441167,95.254057,0.000000
sensor02994,1,-30.501017,95.234909,0.000000
sensor02995,1,-30.560855,95.215724,0.000000
sensor02996,1,-30.620681,95.196502,0.000000
sensor02997,1,-30.680494,95.177241,0.000000
sensor02998,1,-30.740296,95.157943,0.000000
sensor02999,1,-30.800085,95.138608,0.000000
sensor03000,1,-30.859863,95.119235,0.000000
sensor03001,1,-30.919628,95.099825,0.000000
sensor03002,1,-30.979381,95.080376,0.000000
sensor03003,1,-31.039121,95.060891,0.000000
sensor03004,1,-31.098850,95.041368,0.000000
sensor03005,1,-31.158566,95.021807,0.000000
sensor03006,1,-31.218269,95.002209,0.000000
sensor03007,1,-31.277961,94.982573,0.000000
sensor03008,1,-31.337640,94.962900,0.000000
sensor03009,1,-31.397307,94.943189,0.000000
sensor03010,1,-31.456961,94.923441,0.000000
sensor03011,1,-31.516603,94.903655,0.000000
sensor03012,1,-31.576232,94.883832,0.000000
sensor03013,1,-31.635849,94.863971,0.000000
sensor03014,1,-31.695454,94.844073,0.000000
sensor03015,1,-31.755046,94.824138,0.000000
sensor03016,1,-31.814625,94.804165,0.000000
sensor03017,1,-31.874192,94.784154,0.000000
sensor03018,1,-31.933746,94.764106,0.000000
sensor03019,1,-31.993288,94.744021,0.000000
sensor03020,1,-32.052817,94.723898,0.000000
sensor03021,1,-32.112334,94.703738,0.000000
sensor03022,1,-32.171837,94.683541,0.000000
sensor03023,1,-32.231328,94.663306,0.000000
sensor03024,1,-32.290807,94.643034,0.000000
sensor03025,1,-32.350272,94.622724,0.000000
sensor03026,1,-32.409725,94.602377,0.000000
sensor03027,1,-32.469165,94.581993,0.000000
sensor03028,1,-32.528592,94.561571,0.000000
sensor03029,1,-32.588006,94.541112,0.000000
sensor03030,1,-32.647408,94.520616,0.000000
sensor03031,1,-32.706796,94.500082,0.000000
sensor03032,1,-32.766172,94.479511,0.000000
sensor03033,1,-32.825535,94.458903,0.000000
sensor03034,1,-32.884884,94.438257,0.000000
sensor03035,1,-32.944221,94.417574,0.000000
sensor03036,1,-33.003545,94.396854,0.000000
sensor03037,1,-33.062856,94.376096,0.000000
sensor03038,1,-33.122153,94.355302,0.000000
sensor03039,1,-33.181438,94.334470,0.000000
sensor03040,1,-33.240709,94.313601,0.000000
sensor03041,1,-33.299968,94.292694,0.000000
sensor03042,1,-33.359213,94.271750,0.000000
sensor03043,1,-33.418445,94.250769,0.000000
sensor03044,1,-33.477664,94.229751,0.000000
sensor03045,1,-33.536869,94.208696,0.000000
sensor03046,1,-33.596062,94.187603,0.000000
sensor03047,1,-33.655241,94.166474,0.000000
sensor03048,1,-33.714407,94.145307,0.000000
sensor03049,1,-33.773559,94.124103,0.000000
sensor03050,1,-33.832698,94.102861,0.000000
sensor03051,1,-33.891824,94.081583,0.000000
sensor03052,1,-33.950936,94.060267,0.000000
sensor03053,1,-34.010035,94.038915,0.000000
sensor03054,1,-34.069121,94.017525,0.000000
sensor03055,1,-34.128193,93.996098,0.000000
sensor03056,1,-34.187252,93.974634,0.000000
sensor03057,1,-34.246297,93.953133,0.000000
sensor03058,1,-34.305329,93.931594,0.000000
sensor03059,1,-34.364347,93.910019,0.000000
sensor03060,1,-34.423351,93.888407,0.000000
sensor03061,1,-34.482342,93.866757,0.000000
sensor03062,1,-34.541319,93.845070,0.000000
sensor03063,1,-34.600283,93.823347,0.000000
sensor03064,1,-34.659233,93.801586,0.000000
sensor03065,1,-34.718169,93.779788,0.000000
sensor03066,1,-34.777092,93.757954,0.000000
sensor03067,1,-34.836001,93.736082,0.000000
sensor03068,1,-34.894896,93.714173,0.000000
sensor03069,1,-34.953777,93.692227,0.000000
sensor03070,1,-35.012645,93.670244,0.000000
sensor03071,1,-35.071499,93.648225,0.000000
sensor03072,1,-35.130339,93.626168,0.000000
sensor03073,1,-35.189165,93.604074,0.000000
sensor03074,1,-35.247977,93.581943,0.000000
sensor03075,1,-35.306775,93.559776,0.000000
sensor03076,1,-35.365559,93.537571,0.000000
sensor03077,1,-35.424329,93.515330,0.000000
sensor03078,1,-35.483086,93.493051,0.000000
sensor03079,1,-35.541828,93.470736,0.000000
sensor03080,1,-35.600556,93.448384,0.000000
sensor03081,1,-35.659270,93.425994,0.000000
sensor03082,1,-35.717970,93.403568,0.000000
sensor03083,1,-35.776656,93.381105,0.000000
sensor03084,1,-35.835328,93.358606,0.000000
sensor03085,1,-35.893986,93.336069,0.000000
sensor03086,1,-35.952630,93.313495,0.000000
sensor03087,1,-36.011259,93.290885,0.000000
sensor03088,1,-36.069874,93.268238,0.000000
sensor03089,1,-36.128475,93.245554,0.000000
sensor03090,1,-36.187062,93.222833,0.000000
sensor03091,1,-36.245634,93.200075,0.000000
sensor03092,1,-36.304192,93.177281,0.000000
sensor03093,1,-36.362736,93.154449,0.000000
sensor03094,1,-36.421265,93.131581,0.000000
sensor03095,1,-36.479780,93.108677,0.000000
sensor03096,1,-36.538281,93.085735,0.000000
sensor03097,1,-36.596767,93.062757,0.000000
sensor03098,1,-36.655238,93.039742,0.000000
sensor03099,1,-36.713696,93.016690,0.000000
sensor03100,1,-36.772138,92.993601,0.000000
sensor03101,1,-36.830566,92.970476,0.000000
sensor03102,1,-36.888980,92.947314,0.000000
sensor03103,1,-36.947379,92.924115,0.000000
sensor03104,1,-37.005764,92.900880,0.000000
sensor03105,1,-37.064134,92.877608,0.000000
sensor03106,1,-37.122489,92.854299,0.000000
sensor03107,1,-37.180829,92.830954,0.000000
sensor03108,1,-37.239155,92.807571,0.000000
sensor03109,1,-37.297466,92.784153,0.000000
sensor03110,1,-37.355763,92.760697,0.000000
sensor03111,1,-37.414045,92.737205,0.000000
sensor03112,1,-37.472312,92.713677,0.000000
sensor03113,1,-37.530564,92.690112,0.000000
sensor03114,1,-37.588801,92.666510,0.000000
sensor03115,1,-37.647024,92.642871,0.000000
sensor03116,1,-37.705231,92.619196,0.000000
sensor03117,1,-37.763424,92.595485,0.000000
sensor03118,1,-37.821602,92.571737,0.000000
sensor03119,1,-37.879765,92.547952,0.000000
sensor03120,1,-37.937912,92.524131,0.000000
sensor03121,1,-37.996045,92.500273,0.000000
sensor03122,1,-38.054163,92.476379,0.000000
sensor03123,1,-38.112266,92.452448,0.000000
sensor03124,1,-38.170354,92.428481,0.000000
sensor03125,1,-38.228427,92.404477,0.000000
sensor03126,1,-38.286485,92.380437,0.000000
sensor03127,1,-38.344527,92.356360,0.000000
sensor03128,1,-38.402555,92.332247,0.000000
sensor03129,1,-38.460567,92.308097,0.000000
sensor03130,1,-38.518564,92.283911,0.000000
sensor03131,1,-38.576546,92.259688,0.000000
sensor03132,1,-38.634513,92.235429,0.000000
sensor03133,1,-38.692464,92.211134,0.000000
sensor03134,1,-38.750400,92.186802,0.000000
sensor03135,1,-38.808321,92.162434,0.000000
sensor03136,1,-38.866226,92.138029,0.000000
sensor03137,1,-38.924117,92.113588,0.000000
sensor03138,1,-38.981991,92.089111,0.000000
sensor03139,1,-39.039851,92.064597,0.000000
sensor03140,1,-39.097695,92.040047,0.000000
sensor03141,1,-39.155523,92.015461,0.000000
sensor03142,1,-39.213336,91.990838,0.000000
sensor03143,1,-39.271134,91.966179,0.000000
sensor03144,1,-39.328916,91.941483,0.000000
sensor03145,1,-39.386682,91.916752,0.000000
sensor03146,1,-39.444433,91.891984,0.000000
sensor03147,1,-39.502169,91.867179,0.000000
sensor03148,1,-39.559889,91.842339,0.000000
sensor03149,1,-39.617593,91.817462,0.000000
sensor03150,1,-39.675281,91.792549,0.000000
sensor03151,1,-39.732954,91.767600,0.000000
sensor03152,1,-39.790612,91.742614,0.000000
sensor03153,1,-39.848253,91.717592,0.000000
sensor03154,1,-39.905879,91.692534,0.000000
sensor03155,1,-39.963489,91.667440,0.000000
sensor03156,1,-40.021083,91.642310,0.000000
sensor03157,1,-40.078661,91.617143,0.000000
sensor03158,1,-40.136224,91.591940,0.000000
sensor03159,1,-40.193771,91.566701,0.000000
sensor03160,1,-40.251302,91.541426,0.000000
sensor03161,1,-40.308817,91.516115,0.000000
sensor03162,1,-40.366316,91.490768,0.000000
sensor03163,1,-40.423799,91.465384,0.000000
sensor03164,1,-40.481266,91.439965,0.000000
sensor03165,1,-40.538717,91.414509,0.000000
sensor03166,1,-40.596152,91.389017,0.000000
sensor03167,1,-40.653571,91.363489,0.000000
sensor03168,1,-40.710974,91.337925,0.000000
sensor03169,1,-40.768361,91.312325,0.000000
sensor03170,1,-40.825732,91.286689,0.000000
sensor03171,1,-40.883087,91.261017,0.000000
sensor03172,1,-40.940426,91.235309,0.000000
sensor03173,1,-40.997748,91.209564,0.000000
sensor03174,1,-41.055055,91.183784,0.000000
sensor03175,1,-41.112345,91.157968,0.000000
sensor03176,1,-41.169619,91.132116,0.000000
sensor03177,1,-41.226876,91.106227,0.000000
sensor03178,1,-41.284117,91.080303,0.000000
sensor03179,1,-41.341342,91.054343,0.000000
sensor03180,1,-41.398551,91.028347,0.000000
sensor03181,1,-41.455743,91.002315,0.000000
sensor03182,1,-41.512919,90.976247,0.000000
sensor03183,1,-41.570079,90.950143,0.000000
sensor03184,1,-41.627222,90.924003,0.000000
sensor03185,1,-41.684349,90.897828,0.000000
sensor03186,1,-41.741459,90.871616,0.000000
sensor03187,1,-41.798553,90.845368,0.000000
sensor03188,1,-41.855630,90.819085,0.000000
sensor03189,1,-41.912691,90.792766,0.000000
sensor03190,1,-41.969735,90.766411,0.000000
sensor03191,1,-42.026763,90.740020,0.000000
sensor03192,1,-42.083774,90.713593,0.000000
sensor03193,1,-42.140768,90.687131,0.000000
sensor03194,1,-42.197746,90.660632,0.000000
sensor03195,1,-42.254707,90.634098,0.000000
sensor03196,1,-42.311652,90.607528,0.000000
sensor03197,1,-42.368579,90.580922,0.000000
sensor03198,1,-42.425490,90.554281,0.000000
sensor03199,1,-42.482385,90.527604,0.000000
sensor03200,1,-42.539262,90.500891,0.000000
sensor03201,1,-42.596123,90.474142,0.000000
sensor03202,1,-42.652967,90.447357,0.000000
sensor03203,1,-42.709794,90.420537,0.000000
sensor03204,1,-42.766604,90.393681,0.000000
sensor03205,1,-42.823397,90.366790,0.000000
sensor03206,1,-42.880173,90.339862,0.000000
sensor03207,1,-42.936933,90.312899,0.000000
sensor03208,1,-42.993675,90.285901,0.000000
sensor03209,1,-43.050401,90.258867,0.000000
sensor03210,1,-43.107109,90.231797,0.000000
sensor03211,1,-43.163801,90.204691,0.000000
sensor03212,1,-43.220475,90.177550,0.000000
sensor03213,1,-43.277132,90.150373,0.000000
sensor03214,1,-43.333773,90.123161,0.000000
sensor03215,1,-43.390396,90.095913,0.000000
sensor03216,1,-43.447002,90.068630,0.000000
sensor03217,1,-43.503591,90.041310,0.000000
sensor03218,1,-43.560162,90.013956,0.000000
sensor03219,1,-43.616717,89.986566,0.000000
sensor03220,1,-43.673254,89.959140,0.000000
sensor03221,1,-43.729774,89.931679,0.000000
sensor03222,1,-43.786277,89.904182,0.000000
sensor03223,1,-43.842762,89.876650,0.000000
sensor03224,1,-43.899231,89.849082,0.000000
sensor03225,1,-43.955681,89.821479,0.000000
sensor03226,1,-44.012115,89.793840,0.000000
sensor03227,1,-44.068531,89.766166,0.000000
sensor03228,1,-44.124930,89.738457,0.000000
sensor03229,1,-44.181311,89.710712,0.000000
sensor03230,1,-44.237675,89.682931,0.000000
sensor03231,1,-44.294021,89.655115,0.000000
sensor03232,1,-44.350350,89.627264,0.000000
sensor03233,1,-44.406661,89.599377,0.000000
sensor03234,1,-44.462955,89.571455,0.000000
sensor03235,1,-44.519231,89.543498,0.000000
sensor03236,1,-44.575490,89.515505,0.000000
sensor03237,1,-44.631731,89.487477,0.000000
sensor03238,1,-44.687955,89.459414,0.000000
sensor03239,1,-44.744160,89.431315,0.000000
sensor03240,1,-44.800348,89.403181,0.000000
sensor03241,1,-44.856519,89.375012,0.000000
sensor03242,1,-44.912672,89.346807,0.000000
sensor03243,1,-44.968807,89.318567,0.000000
sensor03244,1,-45.024924,89.290292,0.000000
sensor03245,1,-45.081023,89.261981,0.000000
sensor03246,1,-45.137105,89.233636,0.000000
sensor03247,1,-45.193169,89.205255,0.000000
sensor03248,1,-45.249215,89.176839,0.000000
sensor03249,1,-45.305243,89.148387,0.000000
sensor03250,1,-45.361253,89.119901,0.000000
sensor03251,1,-45.417246,89.091379,0.000000
sensor03252,1,-45.473220,89.062822,0.000000
sensor03253,1,-45.529176,89.034230,0.000000
sensor03254,1,-45.585115,89.005603,0.000000
sensor03255,1,-45.641035,88.976940,0.000000
sensor03256,1,-45.696938,88.948243,0.000000
sensor03257,1,-45.752822,88.919510,0.000000
sensor03258,1,-45.808688,88.890742,0.000000
sensor03259,1,-45.864537,88.861939,0.000000
sensor03260,1,-45.920367,88.833101,0.000000
sensor03261,1,-45.976179,88.804228,0.000000
sensor03262,1,-46.031973,88.775320,0.000000
sensor03263,1,-46.087748,88.746377,0.000000
sensor03264,1,-46.143506,88.717399,0.000000
sensor03265,1,-46.199245,88.688386,0.000000
sensor03266,1,-46.254966,88.659337,0.000000
sensor03267,1,-46.310669,88.630254,0.000000
sensor03268,1,-46.366353,88.601136,0.000000
sensor03269,1,-46.422019,88.571983,0.000000
sensor03270,1,-46.477667,88.542794,0.000000
sensor03271,1,-46.533297,88.513571,0.000000
sensor03272,1,-46.588908,88.484313,0.000000
sensor03273,1,-46.644500,88.455020,0.000000
sensor03274,1,-46.700075,88.425692,0.000000
sensor03275,1,-46.755631,88.396329,0.000000
sensor03276,1,-46.811168,88.366931,0.000000
sensor03277,1,-46.866687,88.337499,0.000000
sensor03278,1,-46.922187,88.308031,0.000000
sensor03279,1,-46.977669,88.278529,0.000000
sensor03280,1,-47.033132,88.248991,0.000000
sensor03281,1,-47.088577,88.219419,0.000000
sensor03282,1,-47.144003,88.189812,0.000000
sensor03283,1,-47.199411,88.160170,0.000000
sensor03284,1,-47.254800,88.130494,0.000000
sensor03285,1,-47.310170,88.100782,0.000000
sensor03286,1,-47.365521,88.071036,0.000000
sensor03287,1,-47.420854,88.041255,0.000000
sensor03288,1,-47.476168,88.011439,0.000000
sensor03289,1,-47.531464,87.981589,0.000000
sensor03290,1,-47.586740,87.951703,0.000000
sensor03291,1,-47.641998,87.921784,0.000000
sensor03292,1,-47.697237,87.891829,0.000000
sensor03293,1,-47.752457,87.861839,0.000000
sensor03294,1,-47.807659,87.831815,0.000000
sensor03295,1,-47.862841,87.801757,0.000000
sensor03296,1,-47.918005,87.771663,0.000000
sensor03297,1,-47.973149,87.741535,0.000000
sensor03298,1,-48.028275,87.711372,0.000000
sensor03299,1,-48.083382,87.681175,0.000000
sensor03300,1,-48.138469,87.650943,0.000000
sensor03301,1,-48.193538,87.620676,0.000000
sensor03302,1,-48.248588,87.590375,0.000000
sensor03303,1,-48.303618,87.560039,0.000000
sensor03304,1,-48.358630,87.529669,0.000000
sensor03305,1,-48.413622,87.499264,0.000000
sensor03306,1,-48.468596,87.468824,0.000000
sensor03307,1,-48.523550,87.438350,0.000000
sensor03308,1,-48.578485,87.407842,0.000000
sensor03309,1,-48.633401,87.377299,0.000000
sensor03310,1,-48.688297,87.346721,0.000000
sensor03311,1,-48.743175,87.316109,0.000000
sensor03312,1,-48.798033,87.285463,0.000000
sensor03313,1,-48.852872,87.254782,0.000000
sensor03314,1,-48.907692,87.224066,0.000000
sensor03315,1,-48.962492,87.193316,0.000000
sensor03316,1,-49.017273,87.162532,0.000000
sensor03317,1,-49.072035,87.131713,0.000000
sensor03318,1,-49.126777,87.100860,0.000000
sensor03319,1,-49.181500,87.069972,0.000000
sensor03320,1,-49.236203,87.039050,0.000000
sensor03321,1,-49.290887,87.008094,0.000000
sensor03322,1,-49.345552,86.977104,0.000000
sensor03323,1,-49.400197,86.946079,0.000000
sensor03324,1,-49.454822,86.915019,0.000000
sensor03325,1,-49.509428,86.883926,0.000000
sensor03326,1,-49.564015,86.852798,0.000000
sensor03327,1,-49.618582,86.821635,0.000000
sensor03328,1,-49.673129,86.790439,0.000000
sensor03329,1,-49.727657,86.759208,0.000000
sensor03330,1,-49.782165,86.727943,0.000000
sensor03331,1,-49.836653,86.696644,0.000000
sensor03332,1,-49.891122,86.665310,0.000000
sensor03333,1,-49.945571,86.633942,0.000000
sensor03334,1,-50.000000,86.602540,0.000000
sensor03335,1,-50.054410,86.571104,0.000000
sensor03336,1,-50.108799,86.539634,0.000000
sensor03337,1,-50.163169,86.508129,0.000000
sensor03338,1,-50.217520,86.476591,0.000000
sensor03339,1,-50.271850,86.445018,0.000000
sensor03340,1,-50.326160,86.413411,0.000000
sensor03341,1,-50.380451,86.381770,0.000000
sensor03342,1,-50.434722,86.350095,0.000000
sensor03343,1,-50.488973,86.318385,0.000000
sensor03344,1,-50.543203,86.286642,0.000000
sensor03345,1,-50.597414,86.254865,0.000000
sensor03346,1,-50.651605,86.223053,0.000000
sensor03347,1,-50.705776,86.191207,0.000000
sensor03348,1,-50.759927,86.159328,0.000000
sensor03349,1,-50.814058,86.127414,0.000000
sensor03350,1,-50.868169,86.095467,0.000000
sensor03351,1,-50.922260,86.063485,0.000000
sensor03352,1,-50.976330,86.031469,0.000000
sensor03353,1,-51.030381,85.999420,0.000000
sensor03354,1,-51.084411,85.967336,0.000000
sensor03355,1,-51.138421,85.935219,0.000000
sensor03356,1,-51.192411,85.903068,0.000000
sensor03357,1,-51.246381,85.870882,0.000000
sensor03358,1,-51.300331,85.838663,0.000000
sensor03359,1,-51.354260,85.806410,0.000000
sensor03360,1,-51.408169,85.774123,0.000000
sensor03361,1,-51.462058,85.741802,0.000000
sensor03362,1,-51.515926,85.709447,0.000000
sensor03363,1,-51.569774,85.677059,0.000000
sensor03364,1,-51.623602,85.644636,0.000000
sensor03365,1,-51.677409,85.612180,0.000000
sensor03366,1,-51.731196,85.579690,0.000000
sensor03367,1,-51.784962,85.547166,0.000000
sensor03368,1,-51.838709,85.514609,0.000000
sensor03369,1,-51.892434,85.482017,0.000000
sensor03370,1,-51.946139,85.449392,0.000000
sensor03371,1,-51.999824,85.416733,0.000000
sensor03372,1,-52.053488,85.384041,0.000000
sensor03373,1,-52.107131,85.351314,0.000000
sensor03374,1,-52.160754,85.318554,0.000000
sensor03375,1,-52.214356,85.285761,0.000000
sensor03376,1,-52.267938,85.252933,0.000000
sensor03377,1,-52.321499,85.220072,0.000000
sensor03378,1,-52.375039,85.187178,0.000000
sensor03379,1,-52.428559,85.154249,0.000000
sensor03380,1,-52.482058,85.121287,0.000000
sensor03381,1,-52.535536,85.088292,0.000000
sensor03382,1,-52.588994,85.055263,0.000000
sensor03383,1,-52.642431,85.022200,0.000000
sensor03384,1,-52.695847,84.989104,0.000000
sensor03385,1,-52.749242,84.955974,0.000000
sensor03386,1,-52.802616,84.922810,0.000000
sensor03387,1,-52.855970,84.889614,0.000000
sensor03388,1,-52.909302,84.856383,0.000000
sensor03389,1,-52.962614,84.823119,0.000000
sensor03390,1,-53.015905,84.789822,0.000000
sensor03391,1,-53.069175,84.756491,0.000000
sensor03392,1,-53.122423,84.723126,0.000000
sensor03393,1,-53.175651,84.689728,0.000000
sensor03394,1,-53.228858,84.656297,0.000000
sensor03395,1,-53.282044,84.622832,0.000000
sensor03396,1,-53.335209,84.589334,0.000000
sensor03397,1,-53.388353,84.555803,0.000000
sensor03398,1,-53.441476,84.522238,0.000000
sensor03399,1,-53.494577,84.488639,0.000000
sensor03400,1,-53.547658,84.455008,0.000000
sensor03401,1,-53.600717,84.421343,0.000000
sensor03402,1,-53.653756,84.387644,0.000000
sensor03403,1,-53.706773,84.353913,0.000000
sensor03404,1,-53.759768,84.320148,0.000000
sensor03405,1,-53.812743,84.286349,0.000000
sensor03406,1,-53.865696,84.252518,0.000000
sensor03407,1,-53.918628,84.218653,0.000000
sensor03408,1,-53.971539,84.184755,0.000000
sensor03409,1,-54.024429,84.150824,0.000000
sensor03410,1,-54.077297,84.116859,0.000000
sensor03411,1,-54.130144,84.082861,0.000000
sensor03412,1,-54.182969,84.048830,0.000000
sensor03413,1,-54.235773,84.014766,0.000000
sensor03414,1,-54.288556,83.980669,0.000000
sensor03415,1,-54.341317,83.946538,0.000000
sensor03416,1,-54.394056,83.912375,0.000000
sensor03417,1,-54.446775,83.878178,0.000000
sensor03418,1,-54.499471,83.843948,0.000000
sensor03419,1,-54.552147,83.809685,0.000000
sensor03420,1,-54.604800,83.775389,0.000000
sensor03421,1,-54.657432,83.741060,0.000000
sensor03422,1,-54.710043,83.706697,0.000000
sensor03423,1,-54.762632,83.672302,0.000000
sensor03424,1,-54.815199,83.637874,0.000000
sensor03425,1,-54.867745,83.603412,0.000000
sensor03426,1,-54.920269,83.568918,0.000000
sensor03427,1,-54.972771,83.534391,0.000000
sensor03428,1,-55.025252,83.499830,0.000000
sensor03429,1,-55.077711,83.465237,0.000000
sensor03430,1,-55.130148,83.430611,0.000000
sensor03431,1,-55.182563,83.395952,0.000000
sensor03432,1,-55.234957,83.361259,0.000000
sensor03433,1,-55.287328,83.326534,0.000000
sensor03434,1,-55.339678,83.291776,0.000000
sensor03435,1,-55.392006,83.256985,0.000000
sensor03436,1,-55.444313,83.222162,0.000000
sensor03437,1,-55.496597,83.187305,0.000000
sensor03438,1,-55.548859,83.152416,0.000000
sensor03439,1,-55.601100,83.117493,0.000000
sensor03440,1,-55.653318,83.082538,0.000000
sensor03441,1,-55.705515,83.047550,0.000000
sensor03442,1,-55.757689,83.012530,0.000000
sensor03443,1,-55.809842,82.977476,0.000000
sensor03444,1,-55.861972,82.942390,0.000000
sensor03445,1,-55.914081,82.907271,0.000000
sensor03446,1,-55.966167,82.872119,0.000000
sensor03447,1,-56.018231,82.836935,0.000000
sensor03448,1,-56.070273,82.801718,0.000000
sensor03449,1,-56.122293,82.766468,0.000000
sensor03450,1,-56.174291,82.731185,0.000000
sensor03451,1,-56.226267,82.695870,0.000000
sensor03452,1,-56.278220,82.660522,0.000000
sensor03453,1,-56.330152,82.625142,0.000000
sensor03454,1,-56.382061,82.589728,0.000000
sensor03455,1,-56.433947,82.554283,0.000000
sensor03456,1,-56.485812,82.518804,0.000000
sensor03457,1,-56.537654,82.483293,0.000000
sensor03458,1,-56.589474,82.447750,0.000000
sensor03459,1,-56.641271,82.412174,0.000000
sensor03460,1,-56.693046,82.376565,0.000000
sensor03461,1,-56.744799,82.340924,0.000000
sensor03462,1,-56.796529,82.305251,0.000000
sensor03463,1,-56.848237,82.269545,0.000000
sensor03464,1,-56.899922,82.233806,0.000000
sensor03465,1,-56.951585,82.198035,0.000000
sensor03466,1,-57.003226,82.162231,0.000000
sensor03467,1,-57.054844,82.126395,0.000000
sensor03468,1,-57.106439,82.090527,0.000000
sensor03469,1,-57.158012,82.054626,0.000000
sensor03470,1,-57.209562,82.018693,0.000000
sensor03471,1,-57.261090,81.982727,0.000000
sensor03472,1,-57.312595,81.946729,0.000000
sensor03473,1,-57.364078,81.910699,0.000000
sensor03474,1,-57.415538,81.874636,0.000000
sensor03475,1,-57.466975,81.838541,0.000000
sensor03476,1,-57.518389,81.802414,0.000000
sensor03477,1,-57.569781,81.766254,0.000000
sensor03478,1,-57.621150,81.730062,0.000000
sensor03479,1,-57.672496,81.693838,0.000000
sensor03480,1,-57.723820,81.657582,0.000000
sensor03481,1,-57.775120,81.621293,0.000000
sensor03482,1,-57.826398,81.584972,0.000000
sensor03483,1,-57.877653,81.548619,0.000000
sensor03484,1,-57.928886,81.512234,0.000000
sensor03485,1,-57.980095,81.475816,0.000000
sensor03486,1,-58.031281,81.439366,0.000000
sensor03487,1,-58.082445,81.402884,0.000000
sensor03488,1,-58.133585,81.366370,0.000000
sensor03489,1,-58.184703,81.329824,0.000000
sensor03490,1,-58.235798,81.293246,0.000000
sensor03491,1,-58.286869,81.256636,0.000000
sensor03492,1,-58.337918,81.219993,0.000000
sensor03493,1,-58.388944,81.183319,0.000000
sensor03494,1,-58.439946,81.146612,0.000000
sensor03495,1,-58.490926,81.109874,0.000000
sensor03496,1,-58.541882,81.073103,0.000000
sensor03497,1,-58.592815,81.036300,0.000000
sensor03498,1,-58.643725,80.999466,0.000000
sensor03499,1,-58.694612,80.962599,0.000000
sensor03500,1,-58.745476,80.925701,0.000000
sensor03501,1,-58.796317,80.888770,0.000000
sensor03502,1,-58.847134,80.851808,0.000000
sensor03503,1,-58.897928,80.814813,0.000000
sensor03504,1,-58.948699,80.777787,0.000000
sensor03505,1,-58.999447,80.740729,0.000000
sensor03506,1,-59.050171,80.703639,0.000000
sensor03507,1,-59.100872,80.666517,0.000000
sensor03508,1,-59.151550,80.629363,0.000000
sensor03509,1,-59.202204,80.592177,0.000000
sensor03510,1,-59.252835,80.554960,0.000000
sensor03511,1,-59.303443,80.517710,0.000000
sensor03512,1,-59.354027,80.480429,0.000000
sensor03513,1,-59.404587,80.443117,0.000000
sensor03514,1,-59.455125,80.405772,0.000000
sensor03515,1,-59.505638,80.368396,0.000000
sensor03516,1,-59.556129,80.330987,0.000000
sensor03517,1,-59.606595,80.293548,0.000000
sensor03518,1,-59.657039,80.256076,0.000000
sensor03519,1,-59.707458,80.218573,0.000000
sensor03520,1,-59.757854,80.181038,0.000000
sensor03521,1,-59.808227,80.143471,0.000000
sensor03522,1,-59.858576,80.105873,0.000000
sensor03523,1,-59.908901,80.068243,0.000000
sensor03524,1,-59.959202,80.030582,0.000000
sensor03525,1,-60.009480,79.992889,0.000000
sensor03526,1,-60.059734,79.955164,0.000000
sensor03527,1,-60.109965,79.917408,0.000000
sensor03528,1,-60.160172,79.879620,0.000000
sensor03529,1,-60.210355,79.841801,0.000000
sensor03530,1,-60.260514,79.803950,0.000000
sensor03531,1,-60.310649,79.766068,0.000000
sensor03532,1,-60.360761,79.728154,0.000000
sensor03533,1,-60.410849,79.690209,0.000000
sensor03534,1,-60.460913,79.652232,0.000000
sensor03535,1,-60.510953,79.614224,0.000000
sensor03536,1,-60.560969,79.576184,0.000000
sensor03537,1,-60.610961,79.538113,0.000000
sensor03538,1,-60.660929,79.500010,0.000000
sensor03539,1,-60.710874,79.461877,0.000000
sensor03540,1,-60.760794,79.423711,0.000000
sensor03541,1,-60.810690,79.385515,0.000000
sensor03542,1,-60.860563,79.347287,0.000000
sensor03543,1,-60.910411,79.309027,0.000000
sensor03544,1,-60.960235,79.270737,0.000000
sensor03545,1,-61.010036,79.232415,0.000000
sensor03546,1,-61.059812,79.194062,0.000000
sensor03547,1,-61.109564,79.155677,0.000000
sensor03548,1,-61.159292,79.117261,0.000000
sensor03549,1,-61.208995,79.078814,0.000000
sensor03550,1,-61.258675,79.040336,0.000000
sensor03551,1,-61.308330,79.001827,0.000000
sensor03552,1,-61.357961,78.963286,0.000000
sensor03553,1,-61.407568,78.924714,0.000000
sensor03554,1,-61.457151,78.886111,0.000000
sensor03555,1,-61.506709,78.847477,0.000000
sensor03556,1,-61.556244,78.808812,0.000000
sensor03557,1,-61.605753,78.770116,0.000000
sensor03558,1,-61.655239,78.731388,0.000000
sensor03559,1,-61.704700,78.692630,0.000000
sensor03560,1,-61.754137,78.653840,0.000000
sensor03561,1,-61.803549,78.615019,0.000000
sensor03562,1,-61.852937,78.576168,0.000000
sensor03563,1,-61.902301,78.537285,0.000000
sensor03564,1,-61.951640,78.498371,0.000000
sensor03565,1,-62.000955,78.459427,0.000000
sensor03566,1,-62.050245,78.420451,0.000000
sensor03567,1,-62.099511,78.381444,0.000000
sensor03568,1,-62.148752,78.342406,0.000000
sensor03569,1,-62.197968,78.303338,0.000000
sensor03570,1,-62.247161,78.264238,0.000000
sensor03571,1,-62.296328,78.225108,0.000000
sensor03572,1,-62.345471,78.185947,0.000000
sensor03573,1,-62.394589,78.146754,0.000000
sensor03574,1,-62.443683,78.107531,0.000000
sensor03575,1,-62.492752,78.068278,0.000000
sensor03576,1,-62.541796,78.028993,0.000000
sensor03577,1,-62.590816,77.989677,0.000000
sensor03578,1,-62.639811,77.950331,0.000000
sensor03579,1,-62.688781,77.910954,0.000000
sensor03580,1,-62.737726,77.871546,0.000000
sensor03581,1,-62.786647,77.832108,0.000000
sensor03582,1,-62.835543,77.792638,0.000000
sensor03583,1,-62.884414,77.753138,0.000000
sensor03584,1,-62.933260,77.713608,0.000000
sensor03585,1,-62.982081,77.674046,0.000000
sensor03586,1,-63.030878,77.634454,0.000000
sensor03587,1,-63.079649,77.594831,0.000000
sensor03588,1,-63.128396,77.555178,0.000000
sensor03589,1,-63.177118,77.515494,0.000000
sensor03590,1,-63.225815,77.475779,0.000000
sensor03591,1,-63.274487,77.436034,0.000000
sensor03592,1,-63.323133,77.396258,0.000000
sensor03593,1,-63.371755,77.356452,0.000000
sensor03594,1,-63.420352,77.316615,0.000000
sensor03595,1,-63.468924,77.276747,0.000000
sensor03596,1,-63.517471,77.236850,0.000000
sensor03597,1,-63.565992,77.196921,0.000000
sensor03598,1,-63.614489,77.156962,0.000000
sensor03599,1,-63.662960,77.116973,0.000000
sensor03600,1,-63.711407,77.076953,0.000000
sensor03601,1,-63.759828,77.036903,0.000000
sensor03602,1,-63.808224,76.996822,0.000000
sensor03603,1,-63.856594,76.956711,0.000000
sensor03604,1,-63.904940,76.916569,0.000000
sensor03605,1,-63.953260,76.876398,0.000000
sensor03606,1,-64.001555,76.836195,0.000000
sensor03607,1,-64.049825,76.795963,0.000000
sensor03608,1,-64.098070,76.755700,0.000000
sensor03609,1,-64.146289,76.715407,0.000000
sensor03610,1,-64.194483,76.675083,0.000000
sensor03611,1,-64.242651,76.634729,0.000000
sensor03612,1,-64.290794,76.594345,0.000000
sensor03613,1,-64.338912,76.553931,0.000000
sensor03614,1,-64.387004,76.513487,0.000000
sensor03615,1,-64.435071,76.473012,0.000000
sensor03616,1,-64.483113,76.432507,0.000000
sensor03617,1,-64.531129,76.391972,0.000000
sensor03618,1,-64.579120,76.351407,0.000000
sensor03619,1,-64.627085,76.310811,0.000000
sensor03620,1,-64.675024,76.270186,0.000000
sensor03621,1,-64.722938,76.229530,0.000000
sensor03622,1,-64.770827,76.188845,0.000000
sensor03623,1,-64.818689,76.148129,0.000000
sensor03624,1,-64.866527,76.107383,0.000000
sensor03625,1,-64.914338,76.066607,0.000000
sensor03626,1,-64.962124,76.025801,0.000000
sensor03627,1,-65.009885,75.984965,0.000000
sensor03628,1,-65.057619,75.944099,0.000000
sensor03629,1,-65.105328,75.903203,0.000000
sensor03630,1,-65.153012,75.862277,0.000000
sensor03631,1,-65.200669,75.821321,0.000000
sensor03632,1,-65.248301,75.780335,0.000000
sensor03633,1,-65.295907,75.739319,0.000000
sensor03634,1,-65.343487,75.698274,0.000000
sensor03635,1,-65.391042,75.657198,0.000000
sensor03636,1,-65.438571,75.616093,0.000000
sensor03637,1,-65.486073,75.574957,0.000000
sensor03638,1,-65.533550,75.533792,0.000000
sensor03639,1,-65.581001,75.492597,0.000000
sensor03640,1,-65.628427,75.451373,0.000000
sensor03641,1,-65.675826,75.410118,0.000000
sensor03642,1,-65.723199,75.368834,0.000000
sensor03643,1,-65.770547,75.327519,0.000000
sensor03644,1,-65.817868,75.286176,0.000000
sensor03645,1,-65.865164,75.244802,0.000000
sensor03646,1,-65.912433,75.203399,0.000000
sensor03647,1,-65.959676,75.161966,0.000000
sensor03648,1,-66.006894,75.120503,0.000000
sensor03649,1,-66.054085,75.079011,0.000000
sensor03650,1,-66.101250,75.037489,0.000000
sensor03651,1,-66.148389,74.995937,0.000000
sensor03652,1,-66.195502,74.954356,0.000000
sensor03653,1,-66.242589,74.912745,0.000000
sensor03654,1,-66.289650,74.871105,0.000000
sensor03655,1,-66.336684,74.829435,0.000000
sensor03656,1,-66.383693,74.787735,0.000000
sensor03657,1,-66.430675,74.746006,0.000000
sensor03658,1,-66.477631,74.704248,0.000000
sensor03659,1,-66.524560,74.662460,0.000000
sensor03660,1,-66.571464,74.620642,0.000000
sensor03661,1,-66.618341,74.578795,0.000000
sensor03662,1,-66.665191,74.536919,0.000000
sensor03663,1,-66.712016,74.495013,0.000000
sensor03664,1,-66.758814,74.453078,0.000000
sensor03665,1,-66.805586,74.411113,0.000000
sensor03666,1,-66.852331,74.369119,0.000000
sensor03667,1,-66.899050,74.327095,0.000000
sensor03668,1,-66.945743,74.285043,0.000000
sensor03669,1,-66.992409,74.242960,0.000000
sensor03670,1,-67.039048,74.200849,0.000000
sensor03671,1,-67.085662,74.158708,0.000000
sensor03672,1,-67.132248,74.116538,0.000000
sensor03673,1,-67.178809,74.074339,0.000000
sensor03674,1,-67.225342,74.032110,0.000000
sensor03675,1,-67.271849,73.989853,0.000000
sensor03676,1,-67.318330,73.947566,0.000000
sensor03677,1,-67.364784,73.905249,0.000000
sensor03678,1,-67.411211,73.862904,0.000000
sensor03679,1,-67.457612,73.820530,0.000000
sensor03680,1,-67.503986,73.778126,0.000000
sensor03681,1,-67.550334,73.735693,0.000000
sensor03682,1,-67.596654,73.693231,0.000000
sensor03683,1,-67.642948,73.650740,0.000000
sensor03684,1,-67.689216,73.608220,0.000000
sensor03685,1,-67.735457,73.565671,0.000000
sensor03686,1,-67.781670,73.523093,0.000000
sensor03687,1,-67.827858,73.480485,0.000000
sensor03688,1,-67.874018,73.437849,0.000000
sensor03689,1,-67.920152,73.395184,0.000000
sensor03690,1,-67.966258,73.352490,0.000000
sensor03691,1,-68.012338,73.309766,0.000000
sensor03692,1,-68.058391,73.267014,0.000000
sensor03693,1,-68.104417,73.224233,0.000000
sensor03694,1,-68.150417,73.181423,0.000000
sensor03695,1,-68.196389,73.138584,0.000000
sensor03696,1,-68.242335,73.095716,0.000000
sensor03697,1,-68.288253,73.052820,0.000000
sensor03698,1,-68.334145,73.009894,0.000000
sensor03699,1,-68.380009,72.966940,0.000000
sensor03700,1,-68.425847,72.923957,0.000000
sensor03701,1,-68.471657,72.880945,0.000000
sensor03702,1,-68.517441,72.837904,0.000000
sensor03703,1,-68.563197,72.794835,0.000000
sensor03704,1,-68.608927,72.751737,0.000000
sensor03705,1,-68.654629,72.708610,0.000000
sensor03706,1,-68.700304,72.665454,0.000000
sensor03707,1,-68.745952,72.622270,0.000000
sensor03708,1,-68.791573,72.579057,0.000000
sensor03709,1,-68.837167,72.535815,0.000000
sensor03710,1,-68.882733,72.492545,0.000000
sensor03711,1,-68.928273,72.449246,0.000000
sensor03712,1,-68.973785,72.405918,0.000000
sensor03713,1,-69.019270,72.362562,0.000000
sensor03714,1,-69.064727,72.319177,0.000000
sensor03715,1,-69.110158,72.275764,0.000000
sensor03716,1,-69.155561,72.232322,0.000000
sensor03717,1,-69.200937,72.188852,0.000000
sensor03718,1,-69.246285,72.145353,0.000000
sensor03719,1,-69.291606,72.101826,0.000000
sensor03720,1,-69.336900,72.058270,0.000000
sensor03721,1,-69.382166,72.014686,0.000000
sensor03722,1,-69.427405,71.971073,0.000000
sensor03723,1,-69.472617,71.927432,0.000000
sensor03724,1,-69.517801,71.883763,0.000000
sensor03725,1,-69.562958,71.840065,0.000000
sensor03726,1,-69.608087,71.796338,0.000000
sensor03727,1,-69.653189,71.752584,0.000000
sensor03728,1,-69.698263,71.708801,0.000000
sensor03729,1,-69.743310,71.664990,0.000000
sensor03730,1,-69.788329,71.621150,0.000000
sensor03731,1,-69.833321,71.577282,0.000000
sensor03732,1,-69.878285,71.533386,0.000000
sensor03733,1,-69.923221,71.489462,0.000000
sensor03734,1,-69.968130,71.445509,0.000000
sensor03735,1,-70.013011,71.401529,0.000000
sensor03736,1,-70.057865,71.357520,0.000000
sensor03737,1,-70.102691,71.313482,0.000000
sensor03738,1,-70.147489,71.269417,0.000000
sensor03739,1,-70.192259,71.225324,0.000000
sensor03740,1,-70.237002,71.181202,0.000000
sensor03741,1,-70.281717,71.137052,0.000000
sensor03742,1,-70.326404,71.092875,0.000000
sensor03743,1,-70.371064,71.048669,0.000000
sensor03744,1,-70.415696,71.004435,0.000000
sensor03745,1,-70.460300,70.960173,0.000000
sensor03746,1,-70.504876,70.915883,0.000000
sensor03747,1,-70.549424,70.871565,0.000000
sensor03748,1,-70.593945,70.827219,0.000000
sensor03749,1,-70.638437,70.782845,0.000000
sensor03750,1,-70.682902,70.738443,0.000000
sensor03751,1,-70.727339,70.694014,0.000000
sensor03752,1,-70.771747,70.649556,0.000000
sensor03753,1,-70.816128,70.605070,0.000000
sensor03754,1,-70.860481,70.560557,0.000000
sensor03755,1,-70.904806,70.516016,0.000000
sensor03756,1,-70.949103,70.471446,0.000000
sensor03757,1,-70.993372,70.426849,0.000000
sensor03758,1,-71.037613,70.382225,0.000000
sensor03759,1,-71.081826,70.337572,0.000000
sensor03760,1,-71.126011,70.292892,0.000000
sensor03761,1,-71.170167,70.248183,0.000000
sensor03762,1,-71.214296,70.203448,0.000000
sensor03763,1,-71.258396,70.158684,0.000000
sensor03764,1,-71.302469,70.113893,0.000000
sensor03765,1,-71.346513,70.069074,0.000000
sensor03766,1,-71.390529,70.024227,0.000000
sensor03767,1,-71.434517,69.979353,0.000000
sensor03768,1,-71.478476,69.934451,0.000000
sensor03769,1,-71.522408,69.889521,0.000000
sensor03770,1,-71.566311,69.844564,0.000000
sensor03771,1,-71.610186,69.799579,0.000000
sensor03772,1,-71.654032,69.754567,0.000000
sensor03773,1,-71.697851,69.709527,0.000000
sensor03774,1,-71.741641,69.664460,0.000000
sensor03775,1,-71.785402,69.619365,0.000000
sensor03776,1,-71.829136,69.574243,0.000000
sensor03777,1,-71.872841,69.529093,0.000000
sensor03778,1,-71.916517,69.483916,0.000000
sensor03779,1,-71.960166,69.438711,0.000000
sensor03780,1,-72.003785,69.393479,0.000000
sensor03781,1,-72.047377,69.348219,0.000000
sensor03782,1,-72.090940,69.302932,0.000000
sensor03783,1,-72.134474,69.257618,0.000000
sensor03784,1,-72.177980,69.212276,0.000000
sensor03785,1,-72.221457,69.166907,0.000000
sensor03786,1,-72.264906,69.121511,0.000000
sensor03787,1,-72.308327,69.076088,0.000000
sensor03788,1,-72.351719,69.030637,0.000000
sensor03789,1,-72.395082,68.985159,0.000000
sensor03790,1,-72.438417,68.939653,0.000000
sensor03791,1,-72.481723,68.894121,0.000000
sensor03792,1,-72.525000,68.848561,0.000000
sensor03793,1,-72.568249,68.802974,0.000000
sensor03794,1,-72.611469,68.757360,0.000000
sensor03795,1,-72.654661,68.711719,0.000000
sensor03796,1,-72.697823,68.666050,0.000000
sensor03797,1,-72.740958,68.620355,0.000000
sensor03798,1,-72.784063,68.574632,0.000000
sensor03799,1,-72.827140,68.528883,0.000000
sensor03800,1,-72.870187,68.483106,0.000000
sensor03801,1,-72.913207,68.437302,0.000000
sensor03802,1,-72.956197,68.391471,0.000000
sensor03803,1,-72.999158,68.345613,0.000000
sensor03804,1,-73.042091,68.299729,0.000000
sensor03805,1,-73.084995,68.253817,0.000000
sensor03806,1,-73.127870,68.207878,0.000000
sensor03807,1,-73.170716,68.161912,0.000000
sensor03808,1,-73.213533,68.115920,0.000000
sensor03809,1,-73.256322,68.069900,0.000000
sensor03810,1,-73.299081,68.023854,0.000000
sensor03811,1,-73.341812,67.977781,0.000000
sensor03812,1,-73.384513,67.931681,0.000000
sensor03813,1,-73.427186,67.885554,0.000000
sensor03814,1,-73.469829,67.839400,0.000000
sensor03815,1,-73.512444,67.793220,0.000000
sensor03816,1,-73.555029,67.747013,0.000000
sensor03817,1,-73.597585,67.700779,0.000000
sensor03818,1,-73.640113,67.654518,0.000000
sensor03819,1,-73.682611,67.608230,0.000000
sensor03820,1,-73.725080,67.561916,0.000000
sensor03821,1,-73.767520,67.515575,0.000000
sensor03822,1,-73.809931,67.469208,0.000000
sensor03823,1,-73.852313,67.422814,0.000000
sensor03824,1,-73.894666,67.376393,0.000000
sensor03825,1,-73.936989,67.329946,0.000000
sensor03826,1,-73.979284,67.283472,0.000000
sensor03827,1,-74.021549,67.236971,0.000000
sensor03828,1,-74.063785,67.190444,0.000000
sensor03829,1,-74.105991,67.143891,0.000000
sensor03830,1,-74.148168,67.097311,0.000000
sensor03831,1,-74.190317,67.050704,0.000000
sensor03832,1,-74.232435,67.004071,0.000000
sensor03833,1,-74.274525,66.957412,0.000000
sensor03834,1,-74.316585,66.910726,0.000000
sensor03835,1,-74.358616,66.864013,0.000000
sensor03836,1,-74.400617,66.817275,0.000000
sensor03837,1,-74.442589,66.770509,0.000000
sensor03838,1,-74.484532,66.723718,0.000000
sensor03839,1,-74.526445,66.676900,0.000000
sensor03840,1,-74.568329,66.630056,0.000000
sensor03841,1,-74.610183,66.583185,0.000000
sensor03842,1,-74.652008,66.536289,0.000000
sensor03843,1,-74.693803,66.489366,0.000000
sensor03844,1,-74.735569,66.442416,0.000000
sensor03845,1,-74.777306,66.395441,0.000000
sensor03846,1,-74.819013,66.348439,0.000000
sensor03847,1,-74.860690,66.301411,0.000000
sensor03848,1,-74.902338,66.254357,0.000000
sensor03849,1,-74.943956,66.207276,0.000000
sensor03850,1,-74.985545,66.160170,0.000000
sensor03851,1,-75.027104,66.113037,0.000000
sensor03852,1,-75.068633,66.065879,0.000000
sensor03853,1,-75.110133,66.018694,0.000000
sensor03854,1,-75.151603,65.971483,0.000000
sensor03855,1,-75.193043,65.924246,0.000000
sensor03856,1,-75.234454,65.876983,0.000000
sensor03857,1,-75.275835,65.829694,0.000000
sensor03858,1,-75.317186,65.782379,0.000000
sensor03859,1,-75.358508,65.735039,0.000000
sensor03860,1,-75.399800,65.687672,0.000000
sensor03861,1,-75.441062,65.640279,0.000000
sensor03862,1,-75.482294,65.592860,0.000000
sensor03863,1,-75.523496,65.545416,0.000000
sensor03864,1,-75.564669,65.497945,0.000000
sensor03865,1,-75.605812,65.450449,0.000000
sensor03866,1,-75.646925,65.402926,0.000000
sensor03867,1,-75.688008,65.355378,0.000000
sensor03868,1,-75.729061,65.307805,0.000000
sensor03869,1,-75.770084,65.260205,0.000000
sensor03870,1,-75.811077,65.212580,0.000000
sensor03871,1,-75.852041,65.164928,0.000000
sensor03872,1,-75.892974,65.117252,0.000000
sensor03873,1,-75.933878,65.069549,0.000000
sensor03874,1,-75.974751,65.021821,0.000000
sensor03875,1,-76.015595,64.974067,0.000000
sensor03876,1,-76.056408,64.926287,0.000000
sensor03877,1,-76.097192,64.878482,0.000000
sensor03878,1,-76.137945,64.830651,0.000000
sensor03879,1,-76.178668,64.782795,0.000000
sensor03880,1,-76.219362,64.734913,0.000000
sensor03881,1,-76.260025,64.687005,0.000000
sensor03882,1,-76.300658,64.639072,0.000000
sensor03883,1,-76.341261,64.591113,0.000000
sensor03884,1,-76.381834,64.543129,0.000000
sensor03885,1,-76.422376,64.495119,0.000000
sensor03886,1,-76.462889,64.447084,0.000000
sensor03887,1,-76.503371,64.399024,0.000000
sensor03888,1,-76.543823,64.350938,0.000000
sensor03889,1,-76.584245,64.302826,0.000000
sensor03890,1,-76.624636,64.254689,0.000000
sensor03891,1,-76.664998,64.206527,0.000000
sensor03892,1,-76.705329,64.158340,0.000000
sensor03893,1,-76.745629,64.110127,0.000000
sensor03894,1,-76.785900,64.061889,0.000000
sensor03895,1,-76.826140,64.013625,0.000000
sensor03896,1,-76.866350,63.965336,0.000000
sensor03897,1,-76.906529,63.917022,0.000000
sensor03898,1,-76.946678,63.868683,0.000000
sensor03899,1,-76.986797,63.820319,0.000000
sensor03900,1,-77.026885,63.771929,0.000000
sensor03901,1,-77.066943,63.723514,0.000000
sensor03902,1,-77.106971,63.675074,0.000000
sensor03903,1,-77.146968,63.626609,0.000000
sensor03904,1,-77.186934,63.578119,0.000000
sensor03905,1,-77.226870,63.529603,0.000000
sensor03906,1,-77.266776,63.481063,0.000000
sensor03907,1,-77.306651,63.432497,0.000000
sensor03908,1,-77.346495,63.383907,0.000000
sensor03909,1,-77.386309,63.335291,0.000000
sensor03910,1,-77.426093,63.286651,0.000000
sensor03911,1,-77.465846,63.237985,0.000000
sensor03912,1,-77.505568,63.189294,0.000000
sensor03913,1,-77.545260,63.140579,0.000000
sensor03914,1,-77.584921,63.091838,0.000000
sensor03915,1,-77.624551,63.043073,0.000000
sensor03916,1,-77.664151,62.994283,0.000000
sensor03917,1,-77.703720,62.945468,0.000000
sensor03918,1,-77.743258,62.896628,0.000000
sensor03919,1,-77.782766,62.847763,0.000000
sensor03920,1,-77.822243,62.798873,0.000000
sensor03921,1,-77.861689,62.749959,0.000000
sensor03922,1,-77.901105,62.701019,0.000000
sensor03923,1,-77.940490,62.652056,0.000000
sensor03924,1,-77.979844,62.603067,0.000000
sensor03925,1,-78.019167,62.554053,0.000000
sensor03926,1,-78.058459,62.505015,0.000000
sensor03927,1,-78.097721,62.455952,0.000000
sensor03928,1,-78.136952,62.406865,0.000000
sensor03929,1,-78.176152,62.357753,0.000000
sensor03930,1,-78.215321,62.308616,0.000000
sensor03931,1,-78.254459,62.259455,0.000000
sensor03932,1,-78.293566,62.210269,0.000000
sensor03933,1,-78.332642,62.161058,0.000000
sensor03934,1,-78.371688,62.111823,0.000000
sensor03935,1,-78.410702,62.062564,0.000000
sensor03936,1,-78.449685,62.013280,0.000000
sensor03937,1,-78.488638,61.963971,0.000000
sensor03938,1,-78.527560,61.914638,0.000000
sensor03939,1,-78.566450,61.865281,0.000000
sensor03940,1,-78.605309,61.815899,0.000000
sensor03941,1,-78.644138,61.766492,0.000000
sensor03942,1,-78.682935,61.717062,0.000000
sensor03943,1,-78.721702,61.667607,0.000000
sensor03944,1,-78.760437,61.618127,0.000000
sensor03945,1,-78.799141,61.568623,0.000000
sensor03946,1,-78.837814,61.519095,0.000000
sensor03947,1,-78.876456,61.469543,0.000000
sensor03948,1,-78.915067,61.419966,0.000000
sensor03949,1,-78.953646,61.370365,0.000000
sensor03950,1,-78.992195,61.320740,0.000000
sensor03951,1,-79.030712,61.271091,0.000000
sensor03952,1,-79.069198,61.221417,0.000000
sensor03953,1,-79.107653,61.171720,0.000000
sensor03954,1,-79.146076,61.121998,0.000000
sensor03955,1,-79.184468,61.072252,0.000000
sensor03956,1,-79.222829,61.022482,0.000000
sensor03957,1,-79.261159,60.972688,0.000000
sensor03958,1,-79.299458,60.922869,0.000000
sensor03959,1,-79.337725,60.873027,0.000000
sensor03960,1,-79.375961,60.823161,0.000000
sensor03961,1,-79.414165,60.773270,0.000000
sensor03962,1,-79.452338,60.723356,0.000000
sensor03963,1,-79.490480,60.673418,0.000000
sensor03964,1,-79.528590,60.623455,0.000000
sensor03965,1,-79.566669,60.573469,0.000000
sensor03966,1,-79.604717,60.523459,0.000000
sensor03967,1,-79.642733,60.473425,0.000000
sensor03968,1,-79.680717,60.423367,0.000000
sensor03969,1,-79.718671,60.373285,0.000000
sensor03970,1,-79.756592,60.323179,0.000000
sensor03971,1,-79.794483,60.273050,0.000000
sensor03972,1,-79.832341,60.222897,0.000000
sensor03973,1,-79.870168,60.172720,0.000000
sensor03974,1,-79.907964,60.122519,0.000000
sensor03975,1,-79.945728,60.072294,0.000000
sensor03976,1,-79.983461,60.022046,0.000000
sensor03977,1,-80.021162,59.971774,0.000000
sensor03978,1,-80.058831,59.921478,0.000000
sensor03979,1,-80.096469,59.871159,0.000000
sensor03980,1,-80.134075,59.820816,0.000000
sensor03981,1,-80.171649,59.770450,0.000000
sensor03982,1,-80.209192,59.720059,0.000000
sensor03983,1,-80.246703,59.669646,0.000000
sensor03984,1,-80.284183,59.619208,0.000000
sensor03985,1,-80.321630,59.568748,0.000000
sensor03986,1,-80.359046,59.518263,0.000000
sensor03987,1,-80.396431,59.467755,0.000000
sensor03988,1,-80.433783,59.417224,0.000000
sensor03989,1,-80.471104,59.366669,0.000000
sensor03990,1,-80.508393,59.316091,0.000000
sensor03991,1,-80.545650,59.265489,0.000000
sensor03992,1,-80.582876,59.214864,0.000000
sensor03993,1,-80.620069,59.164216,0.000000
sensor03994,1,-80.657231,59.113544,0.000000
sensor03995,1,-80.694361,59.062849,0.000000
sensor03996,1,-80.731459,59.012130,0.000000
sensor03997,1,-80.768525,58.961388,0.000000
sensor03998,1,-80.805560,58.910623,0.000000
sensor03999,1,-80.842562,58.859835,0.000000
sensor04000,1,-80.879532,58.809023,0.000000
sensor04001,1,-80.916471,58.758189,0.000000
sensor04002,1,-80.953378,58.707331,0.000000
sensor04003,1,-80.990252,58.656449,0.000000
sensor04004,1,-81.027095,58.605545,0.000000
sensor04005,1,-81.063905,58.554618,0.000000
sensor04006,1,-81.100684,58.503667,0.000000
sensor04007,1,-81.137431,58.452693,0.000000
sensor04008,1,-81.174145,58.401696,0.000000
sensor04009,1,-81.210828,58.350677,0.000000
sensor04010,1,-81.247478,58.299634,0.000000
sensor04011,1,-81.284097,58.248568,0.000000
sensor04012,1,-81.320683,58.197479,0.000000
sensor04013,1,-81.357237,58.146367,0.000000
sensor04014,1,-81.393759,58.095232,0.000000
sensor04015,1,-81.430249,58.044074,0.000000
sensor04016,1,-81.466707,57.992894,0.000000
sensor04017,1,-81.503132,57.941690,0.000000
sensor04018,1,-81.539526,57.890464,0.000000
sensor04019,1,-81.575887,57.839214,0.000000
sensor04020,1,-81.612216,57.787942,0.000000
sensor04021,1,-81.648512,57.736647,0.000000
sensor04022,1,-81.684777,57.685329,0.000000
sensor04023,1,-81.721009,57.633989,0.000000
sensor04024,1,-81.757209,57.582625,0.000000
sensor04025,1,-81.793377,57.531239,0.000000
sensor04026,1,-81.829512,57.479830,0.000000
sensor04027,1,-81.865615,57.428399,0.000000
sensor04028,1,-81.901686,57.376945,0.000000
sensor04029,1,-81.937725,57.325468,0.000000
sensor04030,1,-81.973731,57.273969,0.000000
sensor04031,1,-82.009704,57.222446,0.000000
sensor04032,1,-82.045646,57.170902,0.000000
sensor04033,1,-82.081555,57.119335,0.000000
sensor04034,1,-82.117431,57.067745,0.000000
sensor04035,1,-82.153275,57.016132,0.000000
sensor04036,1,-82.189087,56.964498,0.000000
sensor04037,1,-82.224866,56.912840,0.000000
sensor04038,1,-82.260613,56.861160,0.000000
sensor04039,1,-82.296327,56.809458,0.000000
sensor04040,1,-82.332009,56.757733,0.000000
sensor04041,1,-82.367658,56.705986,0.000000
sensor04042,1,-82.403275,56.654217,0.000000
sensor04043,1,-82.438859,56.602425,0.000000
sensor04044,1,-82.474411,56.550611,0.000000
sensor04045,1,-82.509930,56.498774,0.000000
sensor04046,1,-82.545416,56.446915,0.000000
sensor04047,1,-82.580870,56.395034,0.000000
sensor04048,1,-82.616291,56.343131,0.000000
sensor04049,1,-82.651680,56.291205,0.000000
sensor04050,1,-82.687036,56.239257,0.000000
sensor04051,1,-82.722359,56.187287,0.000000
sensor04052,1,-82.757650,56.135295,0.000000
sensor04053,1,-82.792908,56.083280,0.000000
sensor04054,1,-82.828134,56.031244,0.000000
sensor04055,1,-82.863326,55.979185,0.000000
sensor04056,1,-82.898486,55.927104,0.000000
sensor04057,1,-82.933613,55.875001,0.000000
sensor04058,1,-82.968708,55.822877,0.000000
sensor04059,1,-83.003769,55.770729,0.000000
sensor04060,1,-83.038798,55.718560,0.000000
sensor04061,1,-83.073794,55.666369,0.000000
sensor04062,1,-83.108758,55.614156,0.000000
sensor04063,1,-83.143688,55.561921,0.000000
sensor04064,1,-83.178586,55.509665,0.000000
sensor04065,1,-83.213451,55.457386,0.000000
sensor04066,1,-83.248283,55.405085,0.000000
sensor04067,1,-83.283082,55.352762,0.000000
sensor04068,1,-83.317848,55.300418,0.000000
sensor04069,1,-83.352581,55.248052,0.000000
sensor04070,1,-83.387282,55.195664,0.000000
sensor04071,1,-83.421949,55.143254,0.000000
sensor04072,1,-83.456584,55.090822,0.000000
sensor04073,1,-83.491185,55.038368,0.000000
sensor04074,1,-83.525754,54.985893,0.000000
sensor04075,1,-83.560289,54.933396,0.000000
sensor04076,1,-83.594792,54.880878,0.000000
sensor04077,1,-83.629262,54.828338,0.000000
sensor04078,1,-83.663698,54.775776,0.000000
sensor04079,1,-83.698102,54.723192,0.000000
sensor04080,1,-83.732472,54.670587,0.000000
sensor04081,1,-83.766810,54.617960,0.000000
sensor04082,1,-83.801114,54.565312,0.000000
sensor04083,1,-83.835385,54.512642,0.000000
sensor04084,1,-83.869624,54.459951,0.000000
sensor04085,1,-83.903829,54.407238,0.000000
sensor04086,1,-83.938000,54.354504,0.000000
sensor04087,1,-83.972139,54.301748,0.000000
sensor04088,1,-84.006245,54.248971,0.000000
sensor04089,1,-84.040317,54.196172,0.000000
sensor04090,1,-84.074357,54.143352,0.000000
sensor04091,1,-84.108363,54.090510,0.000000
sensor04092,1,-84.142336,54.037648,0.000000
sensor04093,1,-84.176275,53.984764,0.000000
sensor04094,1,-84.210182,53.931858,0.000000
sensor04095,1,-84.244055,53.878931,0.000000
sensor04096,1,-84.277895,53.825983,0.000000
sensor04097,1,-84.311701,53.773014,0.000000
sensor04098,1,-84.345475,53.720023,0.000000
sensor04099,1,-84.379215,53.667012,0.000000
sensor04100,1,-84.412921,53.613979,0.000000
sensor04101,1,-84.446595,53.560925,0.000000
sensor04102,1,-84.480235,53.507850,0.000000
sensor04103,1,-84.513841,53.454753,0.000000
sensor04104,1,-84.547415,53.401636,0.000000
sensor04105,1,-84.580954,53.348497,0.000000
sensor04106,1,-84.614461,53.295338,0.000000
sensor04107,1,-84.647934,53.242157,0.000000
sensor04108,1,-84.681374,53.188955,0.000000
sensor04109,1,-84.714780,53.135732,0.000000
sensor04110,1,-84.748153,53.082489,0.000000
sensor04111,1,-84.781492,53.029224,0.000000
sensor04112,1,-84.814798,52.975939,0.000000
sensor04113,1,-84.848070,52.922632,0.000000
sensor04114,1,-84.881309,52.869305,0.000000
sensor04115,1,-84.914514,52.815956,0.000000
sensor04116,1,-84.947686,52.762587,0.000000
sensor04117,1,-84.980824,52.709197,0.000000
sensor04118,1,-85.013929,52.655787,0.000000
sensor04119,1,-85.047000,52.602355,0.000000
sensor04120,1,-85.080038,52.548903,0.000000
sensor04121,1,-85.113042,52.495430,0.000000
sensor04122,1,-85.146012,52.441936,0.000000
sensor04123,1,-85.178949,52.388421,0.000000
sensor04124,1,-85.211852,52.334886,0.000000
sensor04125,1,-85.244721,52.281330,0.000000
sensor04126,1,-85.277557,52.227754,0.000000
sensor04127,1,-85.310359,52.174157,0.000000
sensor04128,1,-85.343128,52.120539,0.000000
sensor04129,1,-85.375862,52.066900,0.000000
sensor04130,1,-85.408563,52.013242,0.000000
sensor04131,1,-85.441231,51.959562,0.000000
sensor04132,1,-85.473864,51.905862,0.000000
sensor04133,1,-85.506464,51.852142,0.000000
sensor04134,1,-85.539030,51.798401,0.000000
sensor04135,1,-85.571562,51.744640,0.000000
sensor04136,1,-85.604061,51.690858,0.000000
sensor04137,1,-85.636525,51.637056,0.000000
sensor04138,1,-85.668956,51.583233,0.000000
sensor04139,1,-85.701353,51.529390,0.000000
sensor04140,1,-85.733717,51.475527,0.000000
sensor04141,1,-85.766046,51.421643,0.000000
sensor04142,1,-85.798341,51.367739,0.000000
sensor04143,1,-85.830603,51.313815,0.000000
sensor04144,1,-85.862831,51.259870,0.000000
sensor04145,1,-85.895024,51.205906,0.000000
sensor04146,1,-85.927184,51.151921,0.000000
sensor04147,1,-85.959310,51.097916,0.000000
sensor04148,1,-85.991402,51.043890,0.000000
sensor04149,1,-86.023460,50.989845,0.000000
sensor04150,1,-86.055484,50.935779,0.000000
sensor04151,1,-86.087474,50.881694,0.000000
sensor04152,1,-86.119431,50.827588,0.000000
sensor04153,1,-86.151353,50.773462,0.000000
sensor04154,1,-86.183241,50.719316,0.000000
sensor04155,1,-86.215095,50.665150,0.000000
sensor04156,1,-86.246915,50.610964,0.000000
sensor04157,1,-86.278701,50.556758,0.000000
sensor04158,1,-86.310453,50.502532,0.000000
sensor04159,1,-86.342170,50.448286,0.000000
sensor04160,1,-86.373854,50.394021,0.000000
sensor04161,1,-86.405504,50.339735,0.000000
sensor04162,1,-86.437119,50.285429,0.000000
sensor04163,1,-86.468701,50.231104,0.000000
sensor04164,1,-86.500248,50.176759,0.000000
sensor04165,1,-86.531761,50.122394,0.000000
sensor04166,1,-86.563240,50.068009,0.000000
sensor04167,1,-86.594685,50.013604,0.000000
sensor04168,1,-86.626095,49.959180,0.000000
sensor04169,1,-86.657471,49.904736,0.000000
sensor04170,1,-86.688813,49.850272,0.000000
sensor04171,1,-86.720121,49.795789,0.000000
sensor04172,1,-86.751395,49.741285,0.000000
sensor04173,1,-86.782634,49.686763,0.000000
sensor04174,1,-86.813839,49.632220,0.000000
sensor04175,1,-86.845010,49.577658,0.000000
sensor04176,1,-86.876147,49.523077,0.000000
sensor04177,1,-86.907249,49.468476,0.000000
sensor04178,1,-86.938317,49.413855,0.000000
sensor04179,1,-86.969350,49.359215,0.000000
sensor04180,1,-87.000350,49.304555,0.000000
sensor04181,1,-87.031315,49.249876,0.000000
sensor04182,1,-87.062245,49.195177,0.000000
sensor04183,1,-87.093141,49.140459,0.000000
sensor04184,1,-87.124003,49.085722,0.000000
sensor04185,1,-87.154830,49.030965,0.000000
sensor04186,1,-87.185623,48.976189,0.000000
sensor04187,1,-87.216382,48.921394,0.000000
sensor04188,1,-87.247106,48.866579,0.000000
sensor04189,1,-87.277796,48.811745,0.000000
sensor04190,1,-87.308451,48.756891,0.000000
sensor04191,1,-87.339071,48.702019,0.000000
sensor04192,1,-87.369658,48.647127,0.000000
sensor04193,1,-87.400209,48.592216,0.000000
sensor04194,1,-87.430726,48.537285,0.000000
sensor04195,1,-87.461209,48.482336,0.000000
sensor04196,1,-87.491657,48.427367,0.000000
sensor04197,1,-87.522071,48.372380,0.000000
sensor04198,1,-87.552450,48.317373,0.000000
sensor04199,1,-87.582794,48.262347,0.000000
sensor04200,1,-87.613104,48.207302,0.000000
sensor04201,1,-87.643379,48.152238,0.000000
sensor04202,1,-87.673620,48.097155,0.000000
sensor04203,1,-87.703826,48.042053,0.000000
sensor04204,1,-87.733998,47.986932,0.000000
sensor04205,1,-87.764134,47.931792,0.000000
sensor04206,1,-87.794236,47.876634,0.000000
sensor04207,1,-87.824304,47.821456,0.000000
sensor04208,1,-87.854337,47.766259,0.000000
sensor04209,1,-87.884335,47.711044,0.000000
sensor04210,1,-87.914298,47.655810,0.000000
sensor04211,1,-87.944227,47.600557,0.000000
sensor04212,1,-87.974121,47.545285,0.000000
sensor04213,1,-88.003980,47.489994,0.000000
sensor04214,1,-88.033804,47.434684,0.000000
sensor04215,1,-88.063594,47.379356,0.000000
sensor04216,1,-88.093349,47.324009,0.000000
sensor04217,1,-88.123069,47.268644,0.000000
sensor04218,1,-88.152754,47.213260,0.000000
sensor04219,1,-88.182405,47.157857,0.000000
sensor04220,1,-88.212021,47.102435,0.000000
sensor04221,1,-88.241602,47.046995,0.000000
sensor04222,1,-88.271148,46.991537,0.000000
sensor04223,1,-88.300659,46.936059,0.000000
sensor04224,1,-88.330135,46.880564,0.000000
sensor04225,1,-88.359576,46.825049,0.000000
sensor04226,1,-88.388983,46.769517,0.000000
sensor04227,1,-88.418355,46.713965,0.000000
sensor04228,1,-88.447691,46.658396,0.000000
sensor04229,1,-88.476993,46.602808,0.000000
sensor04230,1,-88.506260,46.547201,0.000000
sensor04231,1,-88.535492,46.491576,0.000000
sensor04232,1,-88.564689,46.435933,0.000000
sensor04233,1,-88.593851,46.380271,0.000000
sensor04234,1,-88.622978,46.324592,0.000000
sensor04235,1,-88.652070,46.268893,0.000000
sensor04236,1,-88.681127,46.213177,0.000000
sensor04237,1,-88.710149,46.157442,0.000000
sensor04238,1,-88.739136,46.101689,0.000000
sensor04239,1,-88.768088,46.045918,0.000000
sensor04240,1,-88.797005,45.990129,0.000000
sensor04241,1,-88.825886,45.934321,0.000000
sensor04242,1,-88.854733,45.878496,0.000000
sensor04243,1,-88.883545,45.822652,0.000000
sensor04244,1,-88.912321,45.766790,0.000000
sensor04245,1,-88.941063,45.710910,0.000000
sensor04246,1,-88.969769,45.655013,0.000000
sensor04247,1,-88.998440,45.599097,0.000000
sensor04248,1,-89.027076,45.543163,0.000000
sensor04249,1,-89.055677,45.487211,0.000000
sensor04250,1,-89.084243,45.431241,0.000000
sensor04251,1,-89.112774,45.375253,0.000000
sensor04252,1,-89.141269,45.319247,0.000000
sensor04253,1,-89.169729,45.263224,0.000000
sensor04254,1,-89.198154,45.207182,0.000000
sensor04255,1,-89.226544,45.151123,0.000000
sensor04256,1,-89.254898,45.095045,0.000000
sensor04257,1,-89.283218,45.038950,0.000000
sensor04258,1,-89.311502,44.982838,0.000000
sensor04259,1,-89.339750,44.926707,0.000000
sensor04260,1,-89.367964,44.870559,0.000000
sensor04261,1,-89.396142,44.814393,0.000000
sensor04262,1,-89.424285,44.758209,0.000000
sensor04263,1,-89.452392,44.702008,0.000000
sensor04264,1,-89.480465,44.645789,0.000000
sensor04265,1,-89.508502,44.589552,0.000000
sensor04266,1,-89.536503,44.533298,0.000000
sensor04267,1,-89.564469,44.477026,0.000000
sensor04268,1,-89.592400,44.420736,0.000000
sensor04269,1,-89.620296,44.364429,0.000000
sensor04270,1,-89.648156,44.308105,0.000000
sensor04271,1,-89.675980,44.251763,0.000000
sensor04272,1,-89.703770,44.195403,0.000000
sensor04273,1,-89.731524,44.139027,0.000000
sensor04274,1,-89.759242,44.082632,0.000000
sensor04275,1,-89.786925,44.026221,0.000000
sensor04276,1,-89.814573,43.969791,0.000000
sensor04277,1,-89.842185,43.913345,0.000000
sensor04278,1,-89.869761,43.856881,0.000000
sensor04279,1,-89.897302,43.800400,0.000000
sensor04280,1,-89.924808,43.743902,0.000000
sensor04281,1,-89.952278,43.687386,0.000000
sensor04282,1,-89.979713,43.630853,0.000000
sensor04283,1,-90.007112,43.574303,0.000000
sensor04284,1,-90.034475,43.517735,0.000000
sensor04285,1,-90.061803,43.461151,0.000000
sensor04286,1,-90.089095,43.404549,0.000000
sensor04287,1,-90.116352,43.347930,0.000000
sensor04288,1,-90.143574,43.291294,0.000000
sensor04289,1,-90.170759,43.234641,0.000000
sensor04290,1,-90.197909,43.177971,0.000000
sensor04291,1,-90.225024,43.121284,0.000000
sensor04292,1,-90.252102,43.064579,0.000000
sensor04293,1,-90.279146,43.007858,0.000000
sensor04294,1,-90.306153,42.951120,0.000000
sensor04295,1,-90.333125,42.894365,0.000000
sensor04296,1,-90.360061,42.837593,0.000000
sensor04297,1,-90.386962,42.780804,0.000000
sensor04298,1,-90.413826,42.723998,0.000000
sensor04299,1,-90.440656,42.667175,0.000000
sensor04300,1,-90.467449,42.610335,0.000000
sensor04301,1,-90.494207,42.553479,0.000000
sensor04302,1,-90.520929,42.496606,0.000000
sensor04303,1,-90.547615,42.439715,0.000000
sensor04304,1,-90.574265,42.382809,0.000000
sensor04305,1,-90.600880,42.325885,0.000000
sensor04306,1,-90.627459,42.268945,0.000000
sensor04307,1,-90.654002,42.211988,0.000000
sensor04308,1,-90.680509,42.155014,0.000000
sensor04309,1,-90.706981,42.098024,0.000000
sensor04310,1,-90.733417,42.041017,0.000000
sensor04311,1,-90.759816,41.983994,0.000000
sensor04312,1,-90.786180,41.926954,0.000000
sensor04313,1,-90.812509,41.869897,0.000000
sensor04314,1,-90.838801,41.812824,0.000000
sensor04315,1,-90.865057,41.755734,0.000000
sensor04316,1,-90.891278,41.698628,0.000000
sensor04317,1,-90.917463,41.641505,0.000000
sensor04318,1,-90.943612,41.584366,0.000000
sensor04319,1,-90.969724,41.527211,0.000000
sensor04320,1,-90.995801,41.470039,0.000000
sensor04321,1,-91.021842,41.412851,0.000000
sensor04322,1,-91.047847,41.355646,0.000000
sensor04323,1,-91.073817,41.298425,0.000000
sensor04324,1,-91.099750,41.241188,0.000000
sensor04325,1,-91.125647,41.183934,0.000000
sensor04326,1,-91.151508,41.126665,0.000000
sensor04327,1,-91.177333,41.069379,0.000000
sensor04328,1,-91.203123,41.012076,0.000000
sensor04329,1,-91.228876,40.954758,0.000000
sensor04330,1,-91.254593,40.897423,0.000000
sensor04331,1,-91.280274,40.840073,0.000000
sensor04332,1,-91.305919,40.782706,0.000000
sensor04333,1,-91.331528,40.725323,0.000000
sensor04334,1,-91.357101,40.667924,0.000000
sensor04335,1,-91.382638,40.610509,0.000000
sensor04336,1,-91.408139,40.553077,0.000000
sensor04337,1,-91.433604,40.495630,0.000000
sensor04338,1,-91.459033,40.438167,0.000000
sensor04339,1,-91.484425,40.380688,0.000000
sensor04340,1,-91.509782,40.323193,0.000000
sensor04341,1,-91.535102,40.265682,0.000000
sensor04342,1,-91.560386,40.208155,0.000000
sensor04343,1,-91.585634,40.150612,0.000000
sensor04344,1,-91.610846,40.093054,0.000000
sensor04345,1,-91.636021,40.035479,0.000000
sensor04346,1,-91.661161,39.977889,0.000000
sensor04347,1,-91.686264,39.920283,0.000000
sensor04348,1,-91.711331,39.862661,0.000000
sensor04349,1,-91.736362,39.805023,0.000000
sensor04350,1,-91.761357,39.747370,0.000000
sensor04351,1,-91.786315,39.689701,0.000000
sensor04352,1,-91.811237,39.632016,0.000000
sensor04353,1,-91.836123,39.574316,0.000000
sensor04354,1,-91.860973,39.516600,0.000000
sensor04355,1,-91.885786,39.458869,0.000000
sensor04356,1,-91.910563,39.401122,0.000000
sensor04357,1,-91.935304,39.343359,0.000000
sensor04358,1,-91.960008,39.285581,0.000000
sensor04359,1,-91.984677,39.227787,0.000000
sensor04360,1,-92.009308,39.169978,0.000000
sensor04361,1,-92.033904,39.112153,0.000000
sensor04362,1,-92.058463,39.054313,0.000000
sensor04363,1,-92.082986,38.996458,0.000000
sensor04364,1,-92.107472,38.938587,0.000000
sensor04365,1,-92.131922,38.880700,0.000000
sensor04366,1,-92.156336,38.822799,0.000000
sensor04367,1,-92.180714,38.764882,0.000000
sensor04368,1,-92.205054,38.706949,0.000000
sensor04369,1,-92.229359,38.649002,0.000000
sensor04370,1,-92.253627,38.591039,0.000000
sensor04371,1,-92.277859,38.533061,0.000000
sensor04372,1,-92.302054,38.475068,0.000000
sensor04373,1,-92.326213,38.417059,0.000000
sensor04374,1,-92.350335,38.359036,0.000000
sensor04375,1,-92.374421,38.300997,0.000000
sensor04376,1,-92.398470,38.242943,0.000000
sensor04377,1,-92.422483,38.184874,0.000000
sensor04378,1,-92.446460,38.126790,0.000000
sensor04379,1,-92.470400,38.068691,0.000000
sensor04380,1,-92.494303,38.010576,0.000000
sensor04381,1,-92.518170,37.952447,0.000000
sensor04382,1,-92.542000,37.894303,0.000000
sensor04383,1,-92.565794,37.836144,0.000000
sensor04384,1,-92.589551,37.777970,0.000000
sensor04385,1,-92.613272,37.719781,0.000000
sensor04386,1,-92.636956,37.661577,0.000000
sensor04387,1,-92.660604,37.603358,0.000000
sensor04388,1,-92.684215,37.545124,0.000000
sensor04389,1,-92.707789,37.486876,0.000000
sensor04390,1,-92.731327,37.428613,0.000000
sensor04391,1,-92.754828,37.370335,0.000000
sensor04392,1,-92.778292,37.312042,0.000000
sensor04393,1,-92.801720,37.253734,0.000000
sensor04394,1,-92.825111,37.195412,0.000000
sensor04395,1,-92.848466,37.137075,0.000000
sensor04396,1,-92.871784,37.078724,0.000000
sensor04397,1,-92.895065,37.020357,0.000000
sensor04398,1,-92.918310,36.961977,0.000000
sensor04399,1,-92.941518,36.903581,0.000000
sensor04400,1,-92.964689,36.845171,0.000000
sensor04401,1,-92.987823,36.786747,0.000000
sensor04402,1,-93.010921,36.728308,0.000000
sensor04403,1,-93.033982,36.669854,0.000000
sensor04404,1,-93.057006,36.611386,0.000000
sensor04405,1,-93.079994,36.552903,0.000000
sensor04406,1,-93.102945,36.494407,0.000000
sensor04407,1,-93.125859,36.435895,0.000000
sensor04408,1,-93.148736,36.377369,0.000000
sensor04409,1,-93.171576,36.318829,0.000000
sensor04410,1,-93.194380,36.260275,0.000000
sensor04411,1,-93.217147,36.201706,0.000000
sensor04412,1,-93.239877,36.143123,0.000000
sensor04413,1,-93.262570,36.084526,0.000000
sensor04414,1,-93.285227,36.025914,0.000000
sensor04415,1,-93.307846,35.967288,0.000000
sensor04416,1,-93.330429,35.908648,0.000000
sensor04417,1,-93.352975,35.849994,0.000000
sensor04418,1,-93.375484,35.791326,0.000000
sensor04419,1,-93.397956,35.732643,0.000000
sensor04420,1,-93.420391,35.673947,0.000000
sensor04421,1,-93.442790,35.615236,0.000000
sensor04422,1,-93.465151,35.556511,0.000000
sensor04423,1,-93.487476,35.497773,0.000000
sensor04424,1,-93.509764,35.439020,0.000000
sensor04425,1,-93.532014,35.380253,0.000000
sensor04426,1,-93.554228,35.321472,0.000000
sensor04427,1,-93.576405,35.262677,0.000000
sensor04428,1,-93.598545,35.203869,0.000000
sensor04429,1,-93.620648,35.145046,0.000000
sensor04430,1,-93.642714,35.086210,0.000000
sensor04431,1,-93.664743,35.027360,0.000000
sensor04432,1,-93.686735,34.968496,0.000000
sensor04433,1,-93.708690,34.909618,0.000000
sensor04434,1,-93.730608,34.850726,0.000000
sensor04435,1,-93.752489,34.791821,0.000000
sensor04436,1,-93.774333,34.732901,0.000000
sensor04437,1,-93.796140,34.673968,0.000000
sensor04438,1,-93.817910,34.615022,0.000000
sensor04439,1,-93.839643,34.556062,0.000000
sensor04440,1,-93.861339,34.497088,0.000000
sensor04441,1,-93.882998,34.438100,0.000000
sensor04442,1,-93.904619,34.379099,0.000000
sensor04443,1,-93.926204,34.320084,0.000000
sensor04444,1,-93.947752,34.261056,0.000000
sensor04445,1,-93.969262,34.202014,0.000000
sensor04446,1,-93.990735,34.142959,0.000000
sensor04447,1,-94.012172,34.083890,0.000000
sensor04448,1,-94.033571,34.024808,0.000000
sensor04449,1,-94.054933,33.965712,0.000000
sensor04450,1,-94.076258,33.906603,0.000000
sensor04451,1,-94.097545,33.847481,0.000000
sensor04452,1,-94.118796,33.788345,0.000000
sensor04453,1,-94.140009,33.729196,0.000000
sensor04454,1,-94.161185,33.670033,0.000000
sensor04455,1,-94.182325,33.610858,0.000000
sensor04456,1,-94.203426,33.551669,0.000000
sensor04457,1,-94.224491,33.492466,0.000000
sensor04458,1,-94.245518,33.433251,0.000000
sensor04459,1,-94.266509,33.374022,0.000000
sensor04460,1,-94.287462,33.314780,0.000000
sensor04461,1,-94.308377,33.255525,0.000000
sensor04462,1,-94.329256,33.196257,0.000000
sensor04463,1,-94.350097,33.136976,0.000000
sensor04464,1,-94.370901,33.077681,0.000000
sensor04465,1,-94.391668,33.018374,0.000000
sensor04466,1,-94.412398,32.959053,0.000000
sensor04467,1,-94.433090,32.899720,0.000000
sensor04468,1,-94.453745,32.840373,0.000000
sensor04469,1,-94.474362,32.781014,0.000000
sensor04470,1,-94.494943,32.721641,0.000000
sensor04471,1,-94.515486,32.662256,0.000000
sensor04472,1,-94.535991,32.602858,0.000000
sensor04473,1,-94.556460,32.543447,0.000000
sensor04474,1,-94.576891,32.484023,0.000000
sensor04475,1,-94.597284,32.424586,0.000000
sensor04476,1,-94.617641,32.365137,0.000000
sensor04477,1,-94.637960,32.305674,0.000000
sensor04478,1,-94.658241,32.246199,0.000000
sensor04479,1,-94.678486,32.186711,0.000000
sensor04480,1,-94.698692,32.127211,0.000000
sensor04481,1,-94.718862,32.067697,0.000000
sensor04482,1,-94.738994,32.008172,0.000000
sensor04483,1,-94.759088,31.948633,0.000000
sensor04484,1,-94.779146,31.889082,0.000000
sensor04485,1,-94.799165,31.829518,0.000000
sensor04486,1,-94.819148,31.769942,0.000000
sensor04487,1,-94.839093,31.710353,0.000000
sensor04488,1,-94.859000,31.650752,0.000000
sensor04489,1,-94.878870,31.591138,0.000000
sensor04490,1,-94.898703,31.531511,0.000000
sensor04491,1,-94.918498,31.471873,0.000000
sensor04492,1,-94.938255,31.412221,0.000000
sensor04493,1,-94.957976,31.352558,0.000000
sensor04494,1,-94.977658,31.292882,0.000000
sensor04495,1,-94.997303,31.233193,0.000000
sensor04496,1,-95.016911,31.173493,0.000000
sensor04497,1,-95.036481,31.113780,0.000000
sensor04498,1,-95.056014,31.054054,0.000000
sensor04499,1,-95.075509,30.994317,0.000000
sensor04500,1,-95.094966,30.934567,0.000000
sensor04501,1,-95.114386,30.874805,0.000000
sensor04502,1,-95.133768,30.815031,0.000000
sensor04503,1,-95.153113,30.755244,0.000000
sensor04504,1,-95.172420,30.695446,0.000000
sensor04505,1,-95.191690,30.635635,0.000000
sensor04506,1,-95.210922,30.575813,0.000000
sensor04507,1,-95.230117,30.515978,0.000000
sensor04508,1,-95.249273,30.456131,0.000000
sensor04509,1,-95.268393,30.396272,0.000000
sensor04510,1,-95.287474,30.336401,0.000000
sensor04511,1,-95.306518,30.276518,0.000000
sensor04512,1,-95.325525,30.216623,0.000000
sensor04513,1,-95.344493,30.156717,0.000000
sensor04514,1,-95.363425,30.096798,0.000000
sensor04515,1,-95.382318,30.036868,0.000000
sensor04516,1,-95.401174,29.976925,0.000000
sensor04517,1,-95.419992,29.916971,0.000000
sensor04518,1,-95.438772,29.857005,0.000000
sensor04519,1,-95.457515,29.797027,0.000000
sensor04520,1,-95.476220,29.737037,0.000000
sensor04521,1,-95.494887,29.677036,0.000000
sensor04522,1,-95.513517,29.617023,0.000000
sensor04523,1,-95.532109,29.556998,0.000000
sensor04524,1,-95.550663,29.496962,0.000000
sensor04525,1,-95.569180,29.436914,0.000000
sensor04526,1,-95.587658,29.376854,0.000000
sensor04527,1,-95.606099,29.316783,0.000000
sensor04528,1,-95.624503,29.256700,0.000000
sensor04529,1,-95.642868,29.196605,0.000000
sensor04530,1,-95.661196,29.136500,0.000000
sensor04531,1,-95.679486,29.076382,0.000000
sensor04532,1,-95.697738,29.016253,0.000000
sensor04533,1,-95.715952,28.956113,0.000000
sensor04534,1,-95.734129,28.895961,0.000000
sensor04535,1,-95.752268,28.835798,0.000000
sensor04536,1,-95.770369,28.775623,0.000000
sensor04537,1,-95.788432,28.715437,0.000000
sensor04538,1,-95.806457,28.655240,0.000000
sensor04539,1,-95.824445,28.595031,0.000000
sensor04540,1,-95.842394,28.534811,0.000000
sensor04541,1,-95.860306,28.474580,0.000000
sensor04542,1,-95.878180,28.414337,0.000000
sensor04543,1,-95.896016,28.354084,0.000000
sensor04544,1,-95.913814,28.293819,0.000000
sensor04545,1,-95.931575,28.233543,0.000000
sensor04546,1,-95.949297,28.173256,0.000000
sensor04547,1,-95.966982,28.112957,0.000000
sensor04548,1,-95.984629,28.052648,0.000000
sensor04549,1,-96.002237,27.992327,0.000000
sensor04550,1,-96.019808,27.931996,0.000000
sensor04551,1,-96.037341,27.871653,0.000000
sensor04552,1,-96.054836,27.811300,0.000000
sensor04553,1,-96.072294,27.750935,0.000000
sensor04554,1,-96.089713,27.690560,0.000000
sensor04555,1,-96.107094,27.630173,0.000000
sensor04556,1,-96.124437,27.569776,0.000000
sensor04557,1,-96.141743,27.509368,0.000000
sensor04558,1,-96.159010,27.448949,0.000000
sensor04559,1,-96.176240,27.388519,0.000000
sensor04560,1,-96.193431,27.328078,0.000000
sensor04561,1,-96.210584,27.267626,0.000000
sensor04562,1,-96.227700,27.207164,0.000000
sensor04563,1,-96.244777,27.146691,0.000000
sensor04564,1,-96.261817,27.086207,0.000000
sensor04565,1,-96.278818,27.025713,0.000000
sensor04566,1,-96.295782,26.965208,0.000000
sensor04567,1,-96.312707,26.904692,0.000000
sensor04568,1,-96.329595,26.844165,0.000000
sensor04569,1,-96.346444,26.783628,0.000000
sensor04570,1,-96.363255,26.723081,0.000000
sensor04571,1,-96.380028,26.662523,0.000000
sensor04572,1,-96.396764,26.601954,0.000000
sensor04573,1,-96.413461,26.541375,0.000000
sensor04574,1,-96.430120,26.480785,0.000000
sensor04575,1,-96.446741,26.420185,0.000000
sensor04576,1,-96.463324,26.359574,0.000000
sensor04577,1,-96.479869,26.298953,0.000000
sensor04578,1,-96.496375,26.238322,0.000000
sensor04579,1,-96.512844,26.177680,0.000000
sensor04580,1,-96.529274,26.117028,0.000000
sensor04581,1,-96.545667,26.056366,0.000000
sensor04582,1,-96.562021,25.995693,0.000000
sensor04583,1,-96.578337,25.935010,0.000000
sensor04584,1,-96.594615,25.874317,0.000000
sensor04585,1,-96.610855,25.813614,0.000000
sensor04586,1,-96.627057,25.752900,0.000000
sensor04587,1,-96.643220,25.692177,0.000000
sensor04588,1,-96.659346,25.631443,0.000000
sensor04589,1,-96.675433,25.570699,0.000000
sensor04590,1,-96.691482,25.509945,0.000000
sensor04591,1,-96.707493,25.449181,0.000000
sensor04592,1,-96.723466,25.388406,0.000000
sensor04593,1,-96.739400,25.327622,0.000000
sensor04594,1,-96.755297,25.266828,0.000000
sensor04595,1,-96.771155,25.206024,0.000000
sensor04596,1,-96.786975,25.145210,0.000000
sensor04597,1,-96.802756,25.084385,0.000000
sensor04598,1,-96.818500,25.023551,0.000000
sensor04599,1,-96.834205,24.962708,0.000000
sensor04600,1,-96.849872,24.901854,0.000000
sensor04601,1,-96.865501,24.840990,0.000000
sensor04602,1,-96.881091,24.780117,0.000000
sensor04603,1,-96.896643,24.719234,0.000000
sensor04604,1,-96.912157,24.658341,0.000000
sensor04605,1,-96.927633,24.597438,0.000000
sensor04606,1,-96.943070,24.536526,0.000000
sensor04607,1,-96.958470,24.475604,0.000000
sensor04608,1,-96.973830,24.414672,0.000000
sensor04609,1,-96.989153,24.353731,0.000000
sensor04610,1,-97.004437,24.292780,0.000000
sensor04611,1,-97.019683,24.231819,0.000000
sensor04612,1,-97.034891,24.170849,0.000000
sensor04613,1,-97.050060,24.109869,0.000000
sensor04614,1,-97.065191,24.048880,0.000000
sensor04615,1,-97.080284,23.987881,0.000000
sensor04616,1,-97.095338,23.926873,0.000000
sensor04617,1,-97.110354,23.865856,0.000000
sensor04618,1,-97.125332,23.804828,0.000000
sensor04619,1,-97.140271,23.743792,0.000000
sensor04620,1,-97.155172,23.682746,0.000000
sensor04621,1,-97.170035,23.621691,0.000000
sensor04622,1,-97.184859,23.560627,0.000000
sensor04623,1,-97.199645,23.499553,0.000000
sensor04624,1,-97.214393,23.438470,0.000000
sensor04625,1,-97.229102,23.377377,0.000000
sensor04626,1,-97.243772,23.316276,0.000000
sensor04627,1,-97.258405,23.255165,0.000000
sensor04628,1,-97.272999,23.194045,0.000000
sensor04629,1,-97.287554,23.132916,0.000000
sensor04630,1,-97.302071,23.071778,0.000000
sensor04631,1,-97.316550,23.010630,0.000000
sensor04632,1,-97.330990,22.949474,0.000000
sensor04633,1,-97.345392,22.888308,0.000000
sensor04634,1,-97.359755,22.827134,0.000000
sensor04635,1,-97.374080,22.765950,0.000000
sensor04636,1,-97.388367,22.704758,0.000000
sensor04637,1,-97.402615,22.643556,0.000000
sensor04638,1,-97.416824,22.582346,0.000000
sensor04639,1,-97.430995,22.521126,0.000000
sensor04640,1,-97.445128,22.459898,0.000000
sensor04641,1,-97.459222,22.398661,0.000000
sensor04642,1,-97.473278,22.337415,0.000000
sensor04643,1,-97.487295,22.276160,0.000000
sensor04644,1,-97.501274,22.214897,0.000000
sensor04645,1,-97.515214,22.153624,0.000000
sensor04646,1,-97.529116,22.092343,0.000000
sensor04647,1,-97.542979,22.031053,0.000000
sensor04648,1,-97.556803,21.969755,0.000000
sensor04649,1,-97.570589,21.908448,0.000000
sensor04650,1,-97.584337,21.847132,0.000000
sensor04651,1,-97.598046,21.785807,0.000000
sensor04652,1,-97.611717,21.724474,0.000000
sensor04653,1,-97.625349,21.663132,0.000000
sensor04654,1,-97.638942,21.601782,0.000000
sensor04655,1,-97.652497,21.540423,0.000000
sensor04656,1,-97.666013,21.479056,0.000000
sensor04657,1,-97.679491,21.417680,0.000000
sensor04658,1,-97.692930,21.356296,0.000000
sensor04659,1,-97.706331,21.294904,0.000000
sensor04660,1,-97.719693,21.233503,0.000000
sensor04661,1,-97.733016,21.172093,0.000000
sensor04662,1,-97.746301,21.110675,0.000000
sensor04663,1,-97.759547,21.049249,0.000000
sensor04664,1,-97.772755,20.987815,0.000000
sensor04665,1,-97.785924,20.926372,0.000000
sensor04666,1,-97.799055,20.864921,0.000000
sensor04667,1,-97.812146,20.803462,0.000000
sensor04668,1,-97.825200,20.741994,0.000000
sensor04669,1,-97.838214,20.680519,0.000000
sensor04670,1,-97.851190,20.619035,0.000000
sensor04671,1,-97.864127,20.557543,0.000000
sensor04672,1,-97.877026,20.496043,0.000000
sensor04673,1,-97.889886,20.434535,0.000000
sensor04674,1,-97.902707,20.373019,0.000000
sensor04675,1,-97.915490,20.311494,0.000000
sensor04676,1,-97.928234,20.249962,0.000000
sensor04677,1,-97.940939,20.188422,0.000000
sensor04678,1,-97.953606,20.126874,0.000000
sensor04679,1,-97.966234,20.065317,0.000000
sensor04680,1,-97.978823,20.003753,0.000000
sensor04681,1,-97.991374,19.942181,0.000000
sensor04682,1,-98.003886,19.880601,0.000000
sensor04683,1,-98.016359,19.819014,0.000000
sensor04684,1,-98.028794,19.757418,0.000000
sensor04685,1,-98.041190,19.695815,0.000000
sensor04686,1,-98.053547,19.634204,0.000000
sensor04687,1,-98.065865,19.572585,0.000000
sensor04688,1,-98.078145,19.510958,0.000000
sensor04689,1,-98.090386,19.449324,0.000000
sensor04690,1,-98.102588,19.387682,0.000000
sensor04691,1,-98.114752,19.326032,0.000000
sensor04692,1,-98.126876,19.264375,0.000000
sensor04693,1,-98.138962,19.202710,0.000000
sensor04694,1,-98.151010,19.141037,0.000000
sensor04695,1,-98.163018,19.079357,0.000000
sensor04696,1,-98.174988,19.017670,0.000000
sensor04697,1,-98.186919,18.955975,0.000000
sensor04698,1,-98.198811,18.894272,0.000000
sensor04699,1,-98.210664,18.832562,0.000000
sensor04700,1,-98.222479,18.770845,0.000000
sensor04701,1,-98.234255,18.709120,0.000000
sensor04702,1,-98.245992,18.647388,0.000000
sensor04703,1,-98.257690,18.585648,0.000000
sensor04704,1,-98.269350,18.523901,0.000000
sensor04705,1,-98.280970,18.462147,0.000000
sensor04706,1,-98.292552,18.400385,0.000000
sensor04707,1,-98.304095,18.338616,0.000000
sensor04708,1,-98.315600,18.276840,0.000000
sensor04709,1,-98.327065,18.215057,0.000000
sensor04710,1,-98.338492,18.153266,0.000000
sensor04711,1,-98.349879,18.091469,0.000000
sensor04712,1,-98.361228,18.029664,0.000000
sensor04713,1,-98.372538,17.967852,0.000000
sensor04714,1,-98.383810,17.906033,0.000000
sensor04715,1,-98.395042,17.844207,0.000000
sensor04716,1,-98.406235,17.782374,0.000000
sensor04717,1,-98.417390,17.720534,0.000000
sensor04718,1,-98.428506,17.658687,0.000000
sensor04719,1,-98.439583,17.596832,0.000000
sensor04720,1,-98.450621,17.534971,0.000000
sensor04721,1,-98.461620,17.473103,0.000000
sensor04722,1,-98.472581,17.411228,0.000000
sensor04723,1,-98.483502,17.349347,0.000000
sensor04724,1,-98.494385,17.287458,0.000000
sensor04725,1,-98.505228,17.225563,0.000000
sensor04726,1,-98.516033,17.163660,0.000000
sensor04727,1,-98.526799,17.101751,0.000000
sensor04728,1,-98.537526,17.039836,0.000000
sensor04729,1,-98.548214,16.977913,0.000000
sensor04730,1,-98.558863,16.915984,0.000000
sensor04731,1,-98.569473,16.854048,0.000000
sensor04732,1,-98.580045,16.792105,0.000000
sensor04733,1,-98.590577,16.730156,0.000000
sensor04734,1,-98.601070,16.668200,0.000000
sensor04735,1,-98.611525,16.606238,0.000000
sensor04736,1,-98.621941,16.544269,0.000000
sensor04737,1,-98.632317,16.482294,0.000000
sensor04738,1,-98.642655,16.420312,0.000000
sensor04739,1,-98.652954,16.358323,0.000000
sensor04740,1,-98.663213,16.296328,0.000000
sensor04741,1,-98.673434,16.234327,0.000000
sensor04742,1,-98.683616,16.172319,0.000000
sensor04743,1,-98.693759,16.110305,0.000000
sensor04744,1,-98.703863,16.048285,0.000000
sensor04745,1,-98.713928,15.986258,0.000000
sensor04746,1,-98.723954,15.924225,0.000000
sensor04747,1,-98.733941,15.862185,0.000000
sensor04748,1,-98.743889,15.800140,0.000000
sensor04749,1,-98.753798,15.738088,0.000000
sensor04750,1,-98.763668,15.676030,0.000000
sensor04751,1,-98.773499,15.613965,0.000000
sensor04752,1,-98.783291,15.551895,0.000000
sensor04753,1,-98.793044,15.489818,0.000000
sensor04754,1,-98.802758,15.427735,0.000000
sensor04755,1,-98.812433,15.365646,0.000000
sensor04756,1,-98.822069,15.303551,0.000000
sensor04757,1,-98.831666,15.241451,0.000000
sensor04758,1,-98.841224,15.179344,0.000000
sensor04759,1,-98.850743,15.117231,0.000000
sensor04760,1,-98.860223,15.055112,0.000000
sensor04761,1,-98.869663,14.992987,0.000000
sensor04762,1,-98.879065,14.930856,0.000000
sensor04763,1,-98.888428,14.868719,0.000000
sensor04764,1,-98.897752,14.806577,0.000000
sensor04765,1,-98.907036,14.744428,0.000000
sensor04766,1,-98.916282,14.682274,0.000000
sensor04767,1,-98.925488,14.620114,0.000000
sensor04768,1,-98.934656,14.557948,0.000000
sensor04769,1,-98.943784,14.495777,0.000000
sensor04770,1,-98.952874,14.433599,0.000000
sensor04771,1,-98.961924,14.371416,0.000000
sensor04772,1,-98.970935,14.309228,0.000000
sensor04773,1,-98.979907,14.247033,0.000000
sensor04774,1,-98.988840,14.184833,0.000000
sensor04775,1,-98.997734,14.122628,0.000000
sensor04776,1,-99.006589,14.060417,0.000000
sensor04777,1,-99.015405,13.998200,0.000000
sensor04778,1,-99.024182,13.935978,0.000000
sensor04779,1,-99.032919,13.873750,0.000000
sensor04780,1,-99.041618,13.811517,0.000000
sensor04781,1,-99.050277,13.749278,0.000000
sensor04782,1,-99.058897,13.687034,0.000000
sensor04783,1,-99.067478,13.624785,0.000000
sensor04784,1,-99.076020,13.562530,0.000000
sensor04785,1,-99.084523,13.500270,0.000000
sensor04786,1,-99.092987,13.438004,0.000000
sensor04787,1,-99.101411,13.375733,0.000000
sensor04788,1,-99.109797,13.313457,0.000000
sensor04789,1,-99.118143,13.251176,0.000000
sensor04790,1,-99.126451,13.188889,0.000000
sensor04791,1,-99.134719,13.126597,0.000000
sensor04792,1,-99.142948,13.064300,0.000000
sensor04793,1,-99.151137,13.001998,0.000000
sensor04794,1,-99.159288,12.939691,0.000000
sensor04795,1,-99.167399,12.877379,0.000000
sensor04796,1,-99.175472,12.815061,0.000000
sensor04797,1,-99.183505,12.752739,0.000000
sensor04798,1,-99.191499,12.690411,0.000000
sensor04799,1,-99.199454,12.628078,0.000000
sensor04800,1,-99.207369,12.565741,0.000000
sensor04801,1,-99.215246,12.503398,0.000000
sensor04802,1,-99.223083,12.441051,0.000000
sensor04803,1,-99.230881,12.378698,0.000000
sensor04804,1,-99.238640,12.316341,0.000000
sensor04805,1,-99.246360,12.253979,0.000000
sensor04806,1,-99.254041,12.191612,0.000000
sensor04807,1,-99.261682,12.129240,0.000000
sensor04808,1,-99.269284,12.066864,0.000000
sensor04809,1,-99.276847,12.004482,0.000000
sensor04810,1,-99.284371,11.942096,0.000000
sensor04811,1,-99.291856,11.879705,0.000000
sensor04812,1,-99.299301,11.817310,0.000000
sensor04813,1,-99.306707,11.754910,0.000000
sensor04814,1,-99.314074,11.692505,0.000000
sensor04815,1,-99.321402,11.630096,0.000000
sensor04816,1,-99.328690,11.567682,0.000000
sensor04817,1,-99.335940,11.505263,0.000000
sensor04818,1,-99.343150,11.442840,0.000000
sensor04819,1,-99.350321,11.380412,0.000000
sensor04820,1,-99.357452,11.317980,0.000000
sensor04821,1,-99.364545,11.255543,0.000000
sensor04822,1,-99.371598,11.193102,0.000000
sensor04823,1,-99.378612,11.130657,0.000000
sensor04824,1,-99.385586,11.068207,0.000000
sensor04825,1,-99.392522,11.005753,0.000000
sensor04826,1,-99.399418,10.943294,0.000000
sensor04827,1,-99.406275,10.880831,0.000000
sensor04828,1,-99.413093,10.818364,0.000000
sensor04829,1,-99.419871,10.755893,0.000000
sensor04830,1,-99.426610,10.693417,0.000000
sensor04831,1,-99.433310,10.630937,0.000000
sensor04832,1,-99.439971,10.568453,0.000000
sensor04833,1,-99.446592,10.505965,0.000000
sensor04834,1,-99.453174,10.443472,0.000000
sensor04835,1,-99.459717,10.380976,0.000000
sensor04836,1,-99.466221,10.318475,0.000000
sensor04837,1,-99.472685,10.255970,0.000000
sensor04838,1,-99.479110,10.193461,0.000000
sensor04839,1,-99.485496,10.130949,0.000000
sensor04840,1,-99.491842,10.068432,0.000000
sensor04841,1,-99.498149,10.005911,0.000000
sensor04842,1,-99.504417,9.943386,0.000000
sensor04843,1,-99.510646,9.880857,0.000000
sensor04844,1,-99.516835,9.818325,0.000000
sensor04845,1,-99.522985,9.755788,0.000000
sensor04846,1,-99.529096,9.693248,0.000000
sensor04847,1,-99.535167,9.630704,0.000000
sensor04848,1,-99.541199,9.568156,0.000000
sensor04849,1,-99.547192,9.505604,0.000000
sensor04850,1,-99.553146,9.443049,0.000000
sensor04851,1,-99.559060,9.380490,0.000000
sensor04852,1,-99.564935,9.317927,0.000000
sensor04853,1,-99.570770,9.255360,0.000000
sensor04854,1,-99.576567,9.192790,0.000000
sensor04855,1,-99.582324,9.130216,0.000000
sensor04856,1,-99.588041,9.067639,0.000000
sensor04857,1,-99.593719,9.005058,0.000000
sensor04858,1,-99.599358,8.942473,0.000000
sensor04859,1,-99.604958,8.879885,0.000000
sensor04860,1,-99.610518,8.817293,0.000000
sensor04861,1,-99.616039,8.754698,0.000000
sensor04862,1,-99.621521,8.692099,0.000000
sensor04863,1,-99.626963,8.629497,0.000000
sensor04864,1,-99.632366,8.566892,0.000000
sensor04865,1,-99.637730,8.504283,0.000000
sensor04866,1,-99.643054,8.441671,0.000000
sensor04867,1,-99.648339,8.379055,0.000000
sensor04868,1,-99.653584,8.316437,0.000000
sensor04869,1,-99.658791,8.253815,0.000000
sensor04870,1,-99.663957,8.191189,0.000000
sensor04871,1,-99.669085,8.128561,0.000000
sensor04872,1,-99.674173,8.065929,0.000000
sensor04873,1,-99.679222,8.003294,0.000000
sensor04874,1,-99.684231,7.940656,0.000000
sensor04875,1,-99.689201,7.878014,0.000000
sensor04876,1,-99.694132,7.815370,0.000000
sensor04877,1,-99.699024,7.752723,0.000000
sensor04878,1,-99.703876,7.690072,0.000000
sensor04879,1,-99.708688,7.627418,0.000000
sensor04880,1,-99.713461,7.564762,0.000000
sensor04881,1,-99.718195,7.502102,0.000000
sensor04882,1,-99.722890,7.439440,0.000000
sensor04883,1,-99.727545,7.376774,0.000000
sensor04884,1,-99.732161,7.314106,0.000000
sensor04885,1,-99.736737,7.251435,0.000000
sensor04886,1,-99.741274,7.188761,0.000000
sensor04887,1,-99.745772,7.126084,0.000000
sensor04888,1,-99.750230,7.063404,0.000000
sensor04889,1,-99.754649,7.000721,0.000000
sensor04890,1,-99.759028,6.938036,0.000000
sensor04891,1,-99.763368,6.875348,0.000000
sensor04892,1,-99.767669,6.812657,0.000000
sensor04893,1,-99.771930,6.749963,0.000000
sensor04894,1,-99.776152,6.687267,0.000000
sensor04895,1,-99.780334,6.624569,0.000000
sensor04896,1,-99.784477,6.561867,0.000000
sensor04897,1,-99.788581,6.499163,0.000000
sensor04898,1,-99.792645,6.436457,0.000000
sensor04899,1,-99.796670,6.373747,0.000000
sensor04900,1,-99.800655,6.311036,0.000000
sensor04901,1,-99.804601,6.248322,0.000000
sensor04902,1,-99.808508,6.185605,0.000000
sensor04903,1,-99.812375,6.122886,0.000000
sensor04904,1,-99.816203,6.060165,0.000000
sensor04905,1,-99.819992,5.997441,0.000000
sensor04906,1,-99.823740,5.934715,0.000000
sensor04907,1,-99.827450,5.871986,0.000000
sensor04908,1,-99.831120,5.809255,0.000000
sensor04909,1,-99.834751,5.746522,0.000000
sensor04910,1,-99.838342,5.683787,0.000000
sensor04911,1,-99.841894,5.621049,0.000000
sensor04912,1,-99.845407,5.558309,0.000000
sensor04913,1,-99.848880,5.495567,0.000000
sensor04914,1,-99.852313,5.432823,0.000000
sensor04915,1,-99.855707,5.370076,0.000000
sensor04916,1,-99.859062,5.307328,0.000000
sensor04917,1,-99.862377,5.244577,0.000000
sensor04918,1,-99.865653,5.181825,0.000000
sensor04919,1,-99.868890,5.119070,0.000000
sensor04920,1,-99.872087,5.056313,0.000000
sensor04921,1,-99.875244,4.993554,0.000000
sensor04922,1,-99.878362,4.930794,0.000000
sensor04923,1,-99.881441,4.868031,0.000000
sensor04924,1,-99.884480,4.805266,0.000000
sensor04925,1,-99.887480,4.742500,0.000000
sensor04926,1,-99.890441,4.679731,0.000000
sensor04927,1,-99.893361,4.616961,0.000000
sensor04928,1,-99.896243,4.554189,0.000000
sensor04929,1,-99.899085,4.491415,0.000000
sensor04930,1,-99.901888,4.428640,0.000000
sensor04931,1,-99.904651,4.365862,0.000000
sensor04932,1,-99.907374,4.303083,0.000000
sensor04933,1,-99.910059,4.240303,0.000000
sensor04934,1,-99.912704,4.177520,0.000000
sensor04935,1,-99.915309,4.114736,0.000000
sensor04936,1,-99.917875,4.051950,0.000000
sensor04937,1,-99.920401,3.989163,0.000000
sensor04938,1,-99.922888,3.926374,0.000000
sensor04939,1,-99.925336,3.863584,0.000000
sensor04940,1,-99.927744,3.800792,0.000000
sensor04941,1,-99.930112,3.737998,0.000000
sensor04942,1,-99.932442,3.675203,0.000000
sensor04943,1,-99.934731,3.612407,0.000000
sensor04944,1,-99.936982,3.549609,0.000000
sensor04945,1,-99.939192,3.486810,0.000000
sensor04946,1,-99.941364,3.424009,0.000000
sensor04947,1,-99.943495,3.361207,0.000000
sensor04948,1,-99.945588,3.298404,0.000000
sensor04949,1,-99.947641,3.235599,0.000000
sensor04950,1,-99.949654,3.172793,0.000000
sensor04951,1,-99.951628,3.109986,0.000000
sensor04952,1,-99.953563,3.047178,0.000000
sensor04953,1,-99.955458,2.984368,0.000000
sensor04954,1,-99.957313,2.921558,0.000000
sensor04955,1,-99.959130,2.858746,0.000000
sensor04956,1,-99.960906,2.795933,0.000000
sensor04957,1,-99.962643,2.733119,0.000000
sensor04958,1,-99.964341,2.670303,0.000000
sensor04959,1,-99.965999,2.607487,0.000000
sensor04960,1,-99.967618,2.544670,0.000000
sensor04961,1,-99.969197,2.481852,0.000000
sensor04962,1,-99.970737,2.419032,0.000000
sensor04963,1,-99.972237,2.356212,0.000000
sensor04964,1,-99.973698,2.293391,0.000000
sensor04965,1,-99.975120,2.230569,0.000000
sensor04966,1,-99.976502,2.167746,0.000000
sensor04967,1,-99.977844,2.104922,0.000000
sensor04968,1,-99.979147,2.042097,0.000000
sensor04969,1,-99.980410,1.979272,0.000000
sensor04970,1,-99.981634,1.916446,0.000000
sensor04971,1,-99.982819,1.853619,0.000000
sensor04972,1,-99.983964,1.790791,0.000000
sensor04973,1,-99.985070,1.727963,0.000000
sensor04974,1,-99.986136,1.665134,0.000000
sensor04975,1,-99.987162,1.602304,0.000000
sensor04976,1,-99.988149,1.539474,0.000000
sensor04977,1,-99.989097,1.476643,0.000000
sensor04978,1,-99.990005,1.413811,0.000000
sensor04979,1,-99.990874,1.350979,0.000000
sensor04980,1,-99.991703,1.288146,0.000000
sensor04981,1,-99.992493,1.225313,0.000000
sensor04982,1,-99.993243,1.162479,0.000000
sensor04983,1,-99.993954,1.099645,0.000000
sensor04984,1,-99.994625,1.036811,0.000000
sensor04985,1,-99.995257,0.973976,0.000000
sensor04986,1,-99.995849,0.911140,0.000000
sensor04987,1,-99.996402,0.848305,0.000000
sensor04988,1,-99.996915,0.785469,0.000000
sensor04989,1,-99.997389,0.722632,0.000000
sensor04990,1,-99.997823,0.659796,0.000000
sensor04991,1,-99.998218,0.596959,0.000000
sensor04992,1,-99.998574,0.534122,0.000000
sensor04993,1,-99.998889,0.471284,0.000000
sensor04994,1,-99.999166,0.408447,0.000000
sensor04995,1,-99.999403,0.345609,0.000000
sensor04996,1,-99.999600,0.282771,0.000000
sensor04997,1,-99.999758,0.219933,0.000000
sensor04998,1,-99.999877,0.157095,0.000000
sensor04999,1,-99.999956,0.094257,0.000000
sensor05000,1,-99.999995,0.031419,0.000000
sensor05001,1,-99.999995,-0.031419,0.000000
sensor05002,1,-99.999956,-0.094257,0.000000
sensor05003,1,-99.999877,-0.157095,0.000000
sensor05004,1,-99.999758,-0.219933,0.000000
sensor05005,1,-99.999600,-0.282771,0.000000
sensor05006,1,-99.999403,-0.345609,0.000000
sensor05007,1,-99.999166,-0.408447,0.000000
sensor05008,1,-99.998889,-0.471284,0.000000
sensor05009,1,-99.998574,-0.534122,0.000000
sensor05010,1,-99.998218,-0.596959,0.000000
sensor05011,1,-99.997823,-0.659796,0.000000
sensor05012,1,-99.997389,-0.722632,0.000000
sensor05013,1,-99.996915,-0.785469,0.000000
sensor05014,1,-99.996402,-0.848305,0.000000
sensor05015,1,-99.995849,-0.911140,0.000000
sensor05016,1,-99.995257,-0.973976,0.000000
sensor05017,1,-99.994625,-1.036811,0.000000
sensor05018,1,-99.993954,-1.099645,0.000000
sensor05019,1,-99.993243,-1.162479,0.000000
sensor05020,1,-99.992493,-1.225313,0.000000
sensor05021,1,-99.991703,-1.288146,0.000000
sensor05022,1,-99.990874,-1.350979,0.000000
sensor05023,1,-99.990005,-1.413811,0.000000
sensor05024,1,-99.989097,-1.476643,0.000000
sensor05025,1,-99.988149,-1.539474,0.000000
sensor05026,1,-99.987162,-1.602304,0.000000
sensor05027,1,-99.986136,-1.665134,0.000000
sensor05028,1,-99.985070,-1.727963,0.000000
sensor05029,1,-99.983964,-1.790791,0.000000
sensor05030,1,-99.982819,-1.853619,0.000000
sensor05031,1,-99.981634,-1.916446,0.000000
sensor05032,1,-99.980410,-1.979272,0.000000
sensor05033,1,-99.979147,-2.042097,0.000000
sensor05034,1,-99.977844,-2.104922,0.000000
sensor05035,1,-99.976502,-2.167746,0.000000
sensor05036,1,-99.975120,-2.230569,0.000000
sensor05037,1,-99.973698,-2.293391,0.000000
sensor05038,1,-99.972237,-2.356212,0.000000
sensor05039,1,-99.970737,-2.419032,0.000000
sensor05040,1,-99.969197,-2.481852,0.000000
sensor05041,1,-99.967618,-2.544670,0.000000
sensor05042,1,-99.965999,-2.607487,0.000000
sensor05043,1,-99.964341,-2.670303,0.000000
sensor05044,1,-99.962643,-2.733119,0.000000
sensor05045,1,-99.960906,-2.795933,0.000000
sensor05046,1,-99.959130,-2.858746,0.000000
sensor05047,1,-99.957313,-2.921558,0.000000
sensor05048,1,-99.955458,-2.984368,0.000000
sensor05049,1,-99.953563,-3.047178,0.000000
sensor05050,1,-99.951628,-3.109986,0.000000
sensor05051,1,-99.949654,-3.172793,0.000000
sensor05052,1,-99.947641,-3.235599,0.000000
sensor05053,1,-99.945588,-3.298404,0.000000
sensor05054,1,-99.943495,-3.361207,0.000000
sensor05055,1,-99.941364,-3.424009,0.000000
sensor05056,1,-99.939192,-3.486810,0.000000
sensor05057,1,-99.936982,-3.549609,0.000000
sensor05058,1,-99.934731,-3.612407,0.000000
sensor05059,1,-99.932442,-3.675203,0.000000
sensor05060,1,-99.930112,-3.737998,0.000000
sensor05061,1,-99.927744,-3.800792,0.000000
sensor05062,1,-99.925336,-3.863584,0.000000
sensor05063,1,-99.922888,-3.926374,0.000000
sensor05064,1,-99.920401,-3.989163,0.000000
sensor05065,1,-99.917875,-4.051950,0.000000
sensor05066,1,-99.915309,-4.114736,0.000000
sensor05067,1,-99.912704,-4.177520,0.000000
sensor05068,1,-99.910059,-4.240303,0.000000
sensor05069,1,-99.907374,-4.303083,0.000000
sensor05070,1,-99.904651,-4.365862,0.000000
sensor05071,1,-99.901888,-4.428640,0.000000
sensor05072,1,-99.899085,-4.491415,0.000000
sensor05073,1,-99.896243,-4.554189,0.000000
sensor05074,1,-99.893361,-4.616961,0.000000
sensor05075,1,-99.890441,-4.679731,0.000000
sensor05076,1,-99.887480,-4.742500,0.000000
sensor05077,1,-99.884480,-4.805266,0.000000
sensor05078,1,-99.881441,-4.868031,0.000000
sensor05079,1,-99.878362,-4.930794,0.000000
sensor05080,1,-99.875244,-4.993554,0.000000
sensor05081,1,-99.872087,-5.056313,0.000000
sensor05082,1,-99.868890,-5.119070,0.000000
sensor05083,1,-99.865653,-5.181825,0.000000
sensor05084,1,-99.862377,-5.244577,0.000000
sensor05085,1,-99.859062,-5.307328,0.000000
sensor05086,1,-99.855707,-5.370076,0.000000
sensor05087,1,-99.852313,-5.432823,0.000000
sensor05088,1,-99.848880,-5.495567,0.000000
sensor05089,1,-99.845407,-5.558309,0.000000
sensor05090,1,-99.841894,-5.621049,0.000000
sensor05091,1,-99.838342,-5.683787,0.000000
sensor05092,1,-99.834751,-5.746522,0.000000
sensor05093,1,-99.831120,-5.809255,0.000000
sensor05094,1,-99.827450,-5.871986,0.000000
sensor05095,1,-99.823740,-5.934715,0.000000
sensor05096,1,-99.819992,-5.997441,0.000000
sensor05097,1,-99.816203,-6.060165,0.000000
sensor05098,1,-99.812375,-6.122886,0.000000
sensor05099,1,-99.808508,-6.185605,0.000000
sensor05100,1,-99.804601,-6.248322,0.000000
sensor05101,1,-99.800655,-6.311036,0.000000
sensor05102,1,-99.796670,-6.373747,0.000000
sensor05103,1,-99.792645,-6.436457,0.000000
sensor05104,1,-99.788581,-6.499163,0.000000
sensor05105,1,-99.784477,-6.561867,0.000000
sensor05106,1,-99.780334,-6.624569,0.000000
sensor05107,1,-99.776152,-6.687267,0.000000
sensor05108,1,-99.771930,-6.749963,0.000000
sensor05109,1,-99.767669,-6.812657,0.000000
sensor05110,1,-99.763368,-6.875348,0.000000
sensor05111,1,-99.759028,-6.938036,0.000000
sensor05112,1,-99.754649,-7.000721,0.000000
sensor05113,1,-99.750230,-7.063404,0.000000
sensor05114,1,-99.745772,-7.126084,0.000000
sensor05115,1,-99.741274,-7.188761,0.000000
sensor05116,1,-99.736737,-7.251435,0.000000
sensor05117,1,-99.732161,-7.314106,0.000000
sensor05118,1,-99.727545,-7.376774,0.000000
sensor05119,1,-99.722890,-7.439440,0.000000
sensor05120,1,-99.718195,-7.502102,0.000000
sensor05121,1,-99.713461,-7.564762,0.000000
sensor05122,1,-99.708688,-7.627418,0.000000
sensor05123,1,-99.703876,-7.690072,0.000000
sensor05124,1,-99.699024,-7.752723,0.000000
sensor05125,1,-99.694132,-7.815370,0.000000
sensor05126,1,-99.689201,-7.878014,0.000000
sensor05127,1,-99.684231,-7.940656,0.000000
sensor05128,1,-99.679222,-8.003294,0.000000
sensor05129,1,-99.674173,-8.065929,0.000000
sensor05130,1,-99.669085,-8.128561,0.000000
sensor05131,1,-99.663957,-8.191189,0.000000
sensor05132,1,-99.658791,-8.253815,0.000000
sensor05133,1,-99.653584,-8.316437,0.000000
sensor05134,1,-99.648339,-8.379055,0.000000
sensor05135,1,-99.643054,-8.441671,0.000000
sensor05136,1,-99.637730,-8.504283,0.000000
sensor05137,1,-99.632366,-8.566892,0.000000
sensor05138,1,-99.626963,-8.629497,0.000000
sensor05139,1,-99.621521,-8.692099,0.000000
sensor05140,1,-99.616039,-8.754698,0.000000
sensor05141,1,-99.610518,-8.817293,0.000000
sensor05142,1,-99.604958,-8.879885,0.000000
sensor05143,1,-99.599358,-8.942473,0.000000
sensor05144,1,-99.593719,-9.005058,0.000000
sensor05145,1,-99.588041,-9.067639,0.000000
sensor05146,1,-99.582324,-9.130216,0.000000
sensor05147,1,-99.576567,-9.192790,0.000000
sensor05148,1,-99.570770,-9.255360,0.000000
sensor05149,1,-99.564935,-9.317927,0.000000
sensor05150,1,-99.559060,-9.380490,0.000000
sensor05151,1,-99.553146,-9.443049,0.000000
sensor05152,1,-99.547192,-9.505604,0.000000
sensor05153,1,-99.541199,-9.568156,0.000000
sensor05154,1,-99.535167,-9.630704,0.000000
sensor05155,1,-99.529096,-9.693248,0.000000
sensor05156,1,-99.522985,-9.755788,0.000000
sensor05157,1,-99.516835,-9.818325,0.000000
sensor05158,1,-99.510646,-9.880857,0.000000
sensor05159,1,-99.504417,-9.943386,0.000000
sensor05160,1,-99.498149,-10.005911,0.000000
sensor05161,1,-99.491842,-10.068432,0.000000
sensor05162,1,-99.485496,-10.130949,0.000000
sensor05163,1,-99.479110,-10.193461,0.000000
sensor05164,1,-99.472685,-10.255970,0.000000
sensor05165,1,-99.466221,-10.318475,0.000000
sensor05166,1,-99.459717,-10.380976,0.000000
sensor05167,1,-99.453174,-10.443472,0.000000
sensor05168,1,-99.446592,-10.505965,0.000000
sensor05169,1,-99.439971,-10.568453,0.000000
sensor05170,1,-99.433310,-10.630937,0.000000
sensor05171,1,-99.426610,-10.693417,0.000000
sensor05172,1,-99.419871,-10.755893,0.000000
sensor05173,1,-99.413093,-10.818364,0.000000
sensor05174,1,-99.406275,-10.880831,0.000000
sensor05175,1,-99.399418,-10.943294,0.000000
sensor05176,1,-99.392522,-11.005753,0.000000
sensor05177,1,-99.385586,-11.068207,0.000000
sensor05178,1,-99.378612,-11.130657,0.000000
sensor05179,1,-99.371598,-11.193102,0.000000
sensor05180,1,-99.364545,-11.255543,0.000000
sensor05181,1,-99.357452,-11.317980,0.000000
sensor05182,1,-99.350321,-11.380412,0.000000
sensor05183,1,-99.343150,-11.442840,0.000000
sensor05184,1,-99.335940,-11.505263,0.000000
sensor05185,1,-99.328690,-11.567682,0.000000
sensor05186,1,-99.321402,-11.630096,0.000000
sensor05187,1,-99.314074,-11.692505,0.000000
sensor05188,1,-99.306707,-11.754910,0.000000
sensor05189,1,-99.299301,-11.817310,0.000000
sensor05190,1,-99.291856,-11.879705,0.000000
sensor05191,1,-99.284371,-11.942096,0.000000
sensor05192,1,-99.276847,-12.004482,0.000000
sensor05193,1,-99.269284,-12.066864,0.000000
sensor05194,1,-99.261682,-12.129240,0.000000
sensor05195,1,-99.254041,-12.191612,0.000000
sensor05196,1,-99.246360,-12.253979,0.000000
sensor05197,1,-99.238640,-12.316341,0.000000
sensor05198,1,-99.230881,-12.378698,0.000000
sensor05199,1,-99.223083,-12.441051,0.000000
sensor05200,1,-99.215246,-12.503398,0.000000
sensor05201,1,-99.207369,-12.565741,0.000000
sensor05202,1,-99.199454,-12.628078,0.000000
sensor05203,1,-99.191499,-12.690411,0.000000
sensor05204,1,-99.183505,-12.752739,0.000000
sensor05205,1,-99.175472,-12.815061,0.000000
sensor05206,1,-99.167399,-12.877379,0.000000
sensor05207,1,-99.159288,-12.939691,0.000000
sensor05208,1,-99.151137,-13.001998,0.000000
sensor05209,1,-99.142948,-13.064300,0.000000
sensor05210,1,-99.134719,-13.126597,0.000000
sensor05211,1,-99.126451,-13.188889,0.000000
sensor05212,1,-99.118143,-13.251176,0.000000
sensor05213,1,-99.109797,-13.313457,0.000000
sensor05214,1,-99.101411,-13.375733,0.000000
sensor05215,1,-99.092987,-13.438004,0.000000
sensor05216,1,-99.084523,-13.500270,0.000000
sensor05217,1,-99.076020,-13.562530,0.000000
sensor05218,1,-99.067478,-13.624785,0.000000
sensor05219,1,-99.058897,-13.687034,0.000000
sensor05220,1,-99.050277,-13.749278,0.000000
sensor05221,1,-99.041618,-13.811517,0.000000
sensor05222,1,-99.032919,-13.873750,0.000000
sensor05223,1,-99.024182,-13.935978,0.000000
sensor05224,1,-99.015405,-13.998200,0.000000
sensor05225,1,-99.006589,-14.060417,0.000000
sensor05226,1,-98.997734,-14.122628,0.000000
sensor05227,1,-98.988840,-14.184833,0.000000
sensor05228,1,-98.979907,-14.247033,0.000000
sensor05229,1,-98.970935,-14.309228,0.000000
sensor05230,1,-98.961924,-14.371416,0.000000
sensor05231,1,-98.952874,-14.433599,0.000000
sensor05232,1,-98.943784,-14.495777,0.000000
sensor05233,1,-98.934656,-14.557948,0.000000
sensor05234,1,-98.925488,-14.620114,0.000000
sensor05235,1,-98.916282,-14.682274,0.000000
sensor05236,1,-98.907036,-14.744428,0.000000
sensor05237,1,-98.897752,-14.806577,0.000000
sensor05238,1,-98.888428,-14.868719,0.000000
sensor05239,1,-98.879065,-14.930856,0.000000
sensor05240,1,-98.869663,-14.992987,0.000000
sensor05241,1,-98.860223,-15.055112,0.000000
sensor05242,1,-98.850743,-15.117231,0.000000
sensor05243,1,-98.841224,-15.179344,0.000000
sensor05244,1,-98.831666,-15.241451,0.000000
sensor05245,1,-98.822069,-15.303551,0.000000
sensor05246,1,-98.812433,-15.365646,0.000000
sensor05247,1,-98.802758,-15.427735,0.000000
sensor05248,1,-98.793044,-15.489818,0.000000
sensor05249,1,-98.783291,-15.551895,0.000000
sensor05250,1,-98.773499,-15.613965,0.000000
sensor05251,1,-98.763668,-15.676030,0.000000
sensor05252,1,-98.753798,-15.738088,0.000000
sensor05253,1,-98.743889,-15.800140,0.000000
sensor05254,1,-98.733941,-15.862185,0.000000
sensor05255,1,-98.723954,-15.924225,0.000000
sensor05256,1,-98.713928,-15.986258,0.000000
sensor05257,1,-98.703863,-16.048285,0.000000
sensor05258,1,-98.693759,-16.110305,0.000000
sensor05259,1,-98.683616,-16.172319,0.000000
sensor05260,1,-98.673434,-16.234327,0.000000
sensor05261,1,-98.663213,-16.296328,0.000000
sensor05262,1,-98.652954,-16.358323,0.000000
sensor05263,1,-98.642655,-16.420312,0.000000
sensor05264,1,-98.632317,-16.482294,0.000000
sensor05265,1,-98.621941,-16.544269,0.000000
sensor05266,1,-98.611525,-16.606238,0.000000
sensor05267,1,-98.601070,-16.668200,0.000000
sensor05268,1,-98.590577,-16.730156,0.000000
sensor05269,1,-98.580045,-16.792105,0.000000
sensor05270,1,-98.569473,-16.854048,0.000000
sensor05271,1,-98.558863,-16.915984,0.000000
sensor05272,1,-98.548214,-16.977913,0.000000
sensor05273,1,-98.537526,-17.039836,0.000000
sensor05274,1,-98.526799,-17.101751,0.000000
sensor05275,1,-98.516033,-17.163660,0.000000
sensor05276,1,-98.505228,-17.225563,0.000000
sensor05277,1,-98.494385,-17.287458,0.000000
sensor05278,1,-98.483502,-17.349347,0.000000
sensor05279,1,-98.472581,-17.411228,0.000000
sensor05280,1,-98.461620,-17.473103,0.000000
sensor05281,1,-98.450621,-17.534971,0.000000
sensor05282,1,-98.439583,-17.596832,0.000000
sensor05283,1,-98.428506,-17.658687,0.000000
sensor05284,1,-98.417390,-17.720534,0.000000
sensor05285,1,-98.406235,-17.782374,0.000000
sensor05286,1,-98.395042,-17.844207,0.000000
sensor05287,1,-98.383810,-17.906033,0.000000
sensor05288,1,-98.372538,-17.967852,0.000000
sensor05289,1,-98.361228,-18.029664,0.000000
sensor05290,1,-98.349879,-18.091469,0.000000
sensor05291,1,-98.338492,-18.153266,0.000000
sensor05292,1,-98.327065,-18.215057,0.000000
sensor05293,1,-98.315600,-18.276840,0.000000
sensor05294,1,-98.304095,-18.338616,0.000000
sensor05295,1,-98.292552,-18.400385,0.000000
sensor05296,1,-98.280970,-18.462147,0.000000
sensor05297,1,-98.269350,-18.523901,0.000000
sensor05298,1,-98.257690,-18.585648,0.000000
sensor05299,1,-98.245992,-18.647388,0.000000
sensor05300,1,-98.234255,-18.709120,0.000000
sensor05301,1,-98.222479,-18.770845,0.000000
sensor05302,1,-98.210664,-18.832562,0.000000
sensor05303,1,-98.198811,-18.894272,0.000000
sensor05304,1,-98.186919,-18.955975,0.000000
sensor05305,1,-98.174988,-19.017670,0.000000
sensor05306,1,-98.163018,-19.079357,0.000000
sensor05307,1,-98.151010,-19.141037,0.000000
sensor05308,1,-98.138962,-19.202710,0.000000
sensor05309,1,-98.126876,-19.264375,0.000000
sensor05310,1,-98.114752,-19.326032,0.000000
sensor05311,1,-98.102588,-19.387682,0.000000
sensor05312,1,-98.090386,-19.449324,0.000000
sensor05313,1,-98.078145,-19.510958,0.000000
sensor05314,1,-98.065865,-19.572585,0.000000
sensor05315,1,-98.053547,-19.634204,0.000000
sensor05316,1,-98.041190,-19.695815,0.000000
sensor05317,1,-98.028794,-19.757418,0.000000
sensor05318,1,-98.016359,-19.819014,0.000000
sensor05319,1,-98.003886,-19.880601,0.000000
sensor05320,1,-97.991374,-19.942181,0.000000
sensor05321,1,-97.978823,-20.003753,0.000000
sensor05322,1,-97.966234,-20.065317,0.000000
sensor05323,1,-97.953606,-20.126874,0.000000
sensor05324,1,-97.940939,-20.188422,0.000000
sensor05325,1,-97.928234,-20.249962,0.000000
sensor05326,1,-97.915490,-20.311494,0.000000
sensor05327,1,-97.902707,-20.373019,0.000000
sensor05328,1,-97.889886,-20.434535,0.000000
sensor05329,1,-97.877026,-20.496043,0.000000
sensor05330,1,-97.864127,-20.557543,0.000000
sensor05331,1,-97.851190,-20.619035,0.000000
sensor05332,1,-97.838214,-20.680519,0.000000
sensor05333,1,-97.825200,-20.741994,0.000000
sensor05334,1,-97.812146,-20.803462,0.000000
sensor05335,1,-97.799055,-20.864921,0.000000
sensor05336,1,-97.785924,-20.926372,0.000000
sensor05337,1,-97.772755,-20.987815,0.000000
sensor05338,1,-97.759547,-21.049249,0.000000
sensor05339,1,-97.746301,-21.110675,0.000000
sensor05340,1,-97.733016,-21.172093,0.000000
sensor05341,1,-97.719693,-21.233503,0.000000
sensor05342,1,-97.706331,-21.294904,0.000000
sensor05343,1,-97.692930,-21.356296,0.000000
sensor05344,1,-97.679491,-21.417680,0.000000
sensor05345,1,-97.666013,-21.479056,0.000000
sensor05346,1,-97.652497,-21.540423,0.000000
sensor05347,1,-97.638942,-21.601782,0.000000
sensor05348,1,-97.625349,-21.663132,0.000000
sensor05349,1,-97.611717,-21.724474,0.000000
sensor05350,1,-97.598046,-21.785807,0.000000
sensor05351,1,-97.584337,-21.847132,0.000000
sensor05352,1,-97.570589,-21.908448,0.000000
sensor05353,1,-97.556803,-21.969755,0.000000
sensor05354,1,-97.542979,-22.031053,0.000000
sensor05355,1,-97.529116,-22.092343,0.000000
sensor05356,1,-97.515214,-22.153624,0.000000
sensor05357,1,-97.501274,-22.214897,0.000000
sensor05358,1,-97.487295,-22.276160,0.000000
sensor05359,1,-97.473278,-22.337415,0.000000
sensor05360,1,-97.459222,-22.398661,0.000000
sensor05361,1,-97.445128,-22.459898,0.000000
sensor05362,1,-97.430995,-22.521126,0.000000
sensor05363,1,-97.416824,-22.582346,0.000000
sensor05364,1,-97.402615,-22.643556,0.000000
sensor05365,1,-97.388367,-22.704758,0.000000
sensor05366,1,-97.374080,-22.765950,0.000000
sensor05367,1,-97.359755,-22.827134,0.000000
sensor05368,1,-97.345392,-22.888308,0.000000
sensor05369,1,-97.330990,-22.949474,0.000000
sensor05370,1,-97.316550,-23.010630,0.000000
sensor05371,1,-97.302071,-23.071778,0.000000
sensor05372,1,-97.287554,-23.132916,0.000000
sensor05373,1,-97.272999,-23.194045,0.000000
sensor05374,1,-97.258405,-23.255165,0.000000
sensor05375,1,-97.243772,-23.316276,0.000000
sensor05376,1,-97.229102,-23.377377,0.000000
sensor05377,1,-97.214393,-23.438470,0.000000
sensor05378,1,-97.199645,-23.499553,0.000000
sensor05379,1,-97.184859,-23.560627,0.000000
sensor05380,1,-97.170035,-23.621691,0.000000
sensor05381,1,-97.155172,-23.682746,0.000000
sensor05382,1,-97.140271,-23.743792,0.000000
sensor05383,1,-97.125332,-23.804828,0.000000
sensor05384,1,-97.110354,-23.865856,0.000000
sensor05385,1,-97.095338,-23.926873,0.000000
sensor05386,1,-97.080284,-23.987881,0.000000
sensor05387,1,-97.065191,-24.048880,0.000000
sensor05388,1,-97.050060,-24.109869,0.000000
sensor05389,1,-97.034891,-24.170849,0.000000
sensor05390,1,-97.019683,-24.231819,0.000000
sensor05391,1,-97.004437,-24.292780,0.000000
sensor05392,1,-96.989153,-24.353731,0.000000
sensor05393,1,-96.973830,-24.414672,0.000000
sensor05394,1,-96.958470,-24.475604,0.000000
sensor05395,1,-96.943070,-24.536526,0.000000
sensor05396,1,-96.927633,-24.597438,0.000000
sensor05397,1,-96.912157,-24.658341,0.000000
sensor05398,1,-96.896643,-24.719234,0.000000
sensor05399,1,-96.881091,-24.780117,0.000000
sensor05400,1,-96.865501,-24.840990,0.000000
sensor05401,1,-96.849872,-24.901854,0.000000
sensor05402,1,-96.834205,-24.962708,0.000000
sensor05403,1,-96.818500,-25.023551,0.000000
sensor05404,1,-96.802756,-25.084385,0.000000
sensor05405,1,-96.786975,-25.145210,0.000000
sensor05406,1,-96.771155,-25.206024,0.000000
sensor05407,1,-96.755297,-25.266828,0.000000
sensor05408,1,-96.739400,-25.327622,0.000000
sensor05409,1,-96.723466,-25.388406,0.000000
sensor05410,1,-96.707493,-25.449181,0.000000
sensor05411,1,-96.691482,-25.509945,0.000000
sensor05412,1,-96.675433,-25.570699,0.000000
sensor05413,1,-96.659346,-25.631443,0.000000
sensor05414,1,-96.643220,-25.692177,0.000000
sensor05415,1,-96.627057,-25.752900,0.000000
sensor05416,1,-96.610855,-25.813614,0.000000
sensor05417,1,-96.594615,-25.874317,0.000000
sensor05418,1,-96.578337,-25.935010,0.000000
sensor05419,1,-96.562021,-25.995693,0.000000
sensor05420,1,-96.545667,-26.056366,0.000000
sensor05421,1,-96.529274,-26.117028,0.000000
sensor05422,1,-96.512844,-26.177680,0.000000
sensor05423,1,-96.496375,-26.238322,0.000000
sensor05424,1,-96.479869,-26.298953,0.000000
sensor05425,1,-96.463324,-26.359574,0.000000
sensor05426,1,-96.446741,-26.420185,0.000000
sensor05427,1,-96.430120,-26.480785,0.000000
sensor05428,1,-96.413461,-26.541375,0.000000
sensor05429,1,-96.396764,-26.601954,0.000000
sensor05430,1,-96.380028,-26.662523,0.000000
sensor05431,1,-96.363255,-26.723081,0.000000
sensor05432,1,-96.346444,-26.783628,0.000000
sensor05433,1,-96.329595,-26.844165,0.000000
sensor05434,1,-96.312707,-26.904692,0.000000
sensor05435,1,-96.295782,-26.965208,0.000000
sensor05436,1,-96.278818,-27.025713,0.000000
sensor05437,1,-96.261817,-27.086207,0.000000
sensor05438,1,-96.244777,-27.146691,0.000000
sensor05439,1,-96.227700,-27.207164,0.000000
sensor05440,1,-96.210584,-27.267626,0.000000
sensor05441,1,-96.193431,-27.328078,0.000000
sensor05442,1,-96.176240,-27.388519,0.000000
sensor05443,1,-96.159010,-27.448949,0.000000
sensor05444,1,-96.141743,-27.509368,0.000000
sensor05445,1,-96.124437,-27.569776,0.000000
sensor05446,1,-96.107094,-27.630173,0.000000
sensor05447,1,-96.089713,-27.690560,0.000000
sensor05448,1,-96.072294,-27.750935,0.000000
sensor05449,1,-96.054836,-27.811300,0.000000
sensor05450,1,-96.037341,-27.871653,0.000000
sensor05451,1,-96.019808,-27.931996,0.000000
sensor05452,1,-96.002237,-27.992327,0.000000
sensor05453,1,-95.984629,-28.052648,0.000000
sensor05454,1,-95.966982,-28.112957,0.000000
sensor05455,1,-95.949297,-28.173256,0.000000
sensor05456,1,-95.931575,-28.233543,0.000000
sensor05457,1,-95.913814,-28.293819,0.000000
sensor05458,1,-95.896016,-28.354084,0.000000
sensor05459,1,-95.878180,-28.414337,0.000000
sensor05460,1,-95.860306,-28.474580,0.000000
sensor05461,1,-95.842394,-28.534811,0.000000
sensor05462,1,-95.824445,-28.595031,0.000000
sensor05463,1,-95.806457,-28.655240,0.000000
sensor05464,1,-95.788432,-28.715437,0.000000
sensor05465,1,-95.770369,-28.775623,0.000000
sensor05466,1,-95.752268,-28.835798,0.000000
sensor05467,1,-95.734129,-28.895961,0.000000
sensor05468,1,-95.715952,-28.956113,0.000000
sensor05469,1,-95.697738,-29.016253,0.000000
sensor05470,1,-95.679486,-29.076382,0.000000
sensor05471,1,-95.661196,-29.136500,0.000000
sensor05472,1,-95.642868,-29.196605,0.000000
sensor05473,1,-95.624503,-29.256700,0.000000
sensor05474,1,-95.606099,-29.316783,0.000000
sensor05475,1,-95.587658,-29.376854,0.000000
sensor05476,1,-95.569180,-29.436914,0.000000
sensor05477,1,-95.550663,-29.496962,0.000000
sensor05478,1,-95.532109,-29.556998,0.000000
sensor05479,1,-95.513517,-29.617023,0.000000
sensor05480,1,-95.494887,-29.677036,0.000000
sensor05481,1,-95.476220,-29.737037,0.000000
sensor05482,1,-95.457515,-29.797027,0.000000
sensor05483,1,-95.438772,-29.857005,0.000000
sensor05484,1,-95.419992,-29.916971,0.000000
sensor05485,1,-95.401174,-29.976925,0.000000
sensor05486,1,-95.382318,-30.036868,0.000000
sensor05487,1,-95.363425,-30.096798,0.000000
sensor05488,1,-95.344493,-30.156717,0.000000
sensor05489,1,-95.325525,-30.216623,0.000000
sensor05490,1,-95.306518,-30.276518,0.000000
sensor05491,1,-95.287474,-30.336401,0.000000
sensor05492,1,-95.268393,-30.396272,0.000000
sensor05493,1,-95.249273,-30.456131,0.000000
sensor05494,1,-95.230117,-30.515978,0.000000
sensor05495,1,-95.210922,-30.575813,0.000000
sensor05496,1,-95.191690,-30.635635,0.000000
sensor05497,1,-95.172420,-30.695446,0.000000
sensor05498,1,-95.153113,-30.755244,0.000000
sensor05499,1,-95.133768,-30.815031,0.000000
sensor05500,1,-95.114386,-30.874805,0.000000
sensor05501,1,-95.094966,-30.934567,0.000000
sensor05502,1,-95.075509,-30.994317,0.000000
sensor05503,1,-95.056014,-31.054054,0.000000
sensor05504,1,-95.036481,-31.113780,0.000000
sensor05505,1,-95.016911,-31.173493,0.000000
sensor05506,1,-94.997303,-31.233193,0.000000
sensor05507,1,-94.977658,-31.292882,0.000000
sensor05508,1,-94.957976,-31.352558,0.000000
sensor05509,1,-94.938255,-31.412221,0.000000
sensor05510,1,-94.918498,-31.471873,0.000000
sensor05511,1,-94.898703,-31.531511,0.000000
sensor05512,1,-94.878870,-31.591138,0.000000
sensor05513,1,-94.859000,-31.650752,0.000000
sensor05514,1,-94.839093,-31.710353,0.000000
sensor05515,1,-94.819148,-31.769942,0.000000
sensor05516,1,-94.799165,-31.829518,0.000000
sensor05517,1,-94.779146,-31.889082,0.000000
sensor05518,1,-94.759088,-31.948633,0.000000
sensor05519,1,-94.738994,-32.008172,0.000000
sensor05520,1,-94.718862,-32.067697,0.000000
sensor05521,1,-94.698692,-32.127211,0.000000
sensor05522,1,-94.678486,-32.186711,0.000000
sensor05523,1,-94.658241,-32.246199,0.000000
sensor05524,1,-94.637960,-32.305674,0.000000
sensor05525,1,-94.617641,-32.365137,0.000000
sensor05526,1,-94.597284,-32.424586,0.000000
sensor05527,1,-94.576891,-32.484023,0.000000
sensor05528,1,-94.556460,-32.543447,0.000000
sensor05529,1,-94.535991,-32.602858,0.000000
sensor05530,1,-94.515486,-32.662256,0.000000
sensor05531,1,-94.494943,-32.721641,0.000000
sensor05532,1,-94.474362,-32.781014,0.000000
sensor05533,1,-94.453745,-32.840373,0.000000
sensor05534,1,-94.433090,-32.899720,0.000000
sensor05535,1,-94.412398,-32.959053,0.000000
sensor05536,1,-94.391668,-33.018374,0.000000
sensor05537,1,-94.370901,-33.077681,0.000000
sensor05538,1,-94.350097,-33.136976,0.000000
sensor05539,1,-94.329256,-33.196257,0.000000
sensor05540,1,-94.308377,-33.255525,0.000000
sensor05541,1,-94.287462,-33.314780,0.000000
sensor05542,1,-94.266509,-33.374022,0.000000
sensor05543,1,-94.245518,-33.433251,0.000000
sensor05544,1,-94.224491,-33.492466,0.000000
sensor05545,1,-94.203426,-33.551669,0.000000
sensor05546,1,-94.182325,-33.610858,0.000000
sensor05547,1,-94.161185,-33.670033,0.000000
sensor05548,1,-94.140009,-33.729196,0.000000
sensor05549,1,-94.118796,-33.788345,0.000000
sensor05550,1,-94.097545,-33.847481,0.000000
sensor05551,1,-94.076258,-33.906603,0.000000
sensor05552,1,-94.054933,-33.965712,0.000000
sensor05553,1,-94.033571,-34.024808,0.000000
sensor05554,1,-94.012172,-34.083890,0.000000
sensor05555,1,-93.990735,-34.142959,0.000000
sensor05556,1,-93.969262,-34.202014,0.000000
sensor05557,1,-93.947752,-34.261056,0.000000
sensor05558,1,-93.926204,-34.320084,0.000000
sensor05559,1,-93.904619,-34.379099,0.000000
sensor05560,1,-93.882998,-34.438100,0.000000
sensor05561,1,-93.861339,-34.497088,0.000000
sensor05562,1,-93.839643,-34.556062,0.000000
sensor05563,1,-93.817910,-34.615022,0.000000
sensor05564,1,-93.796140,-34.673968,0.000000
sensor05565,1,-93.774333,-34.732901,0.000000
sensor05566,1,-93.752489,-34.791821,0.000000
sensor05567,1,-93.730608,-34.850726,0.000000
sensor05568,1,-93.708690,-34.909618,0.000000
sensor05569,1,-93.686735,-34.968496,0.000000
sensor05570,1,-93.664743,-35.027360,0.000000
sensor05571,1,-93.642714,-35.086210,0.000000
sensor05572,1,-93.620648,-35.145046,0.000000
sensor05573,1,-93.598545,-35.203869,0.000000
sensor05574,1,-93.576405,-35.262677,0.000000
sensor05575,1,-93.554228,-35.321472,0.000000
sensor05576,1,-93.532014,-35.380253,0.000000
sensor05577,1,-93.509764,-35.439020,0.000000
sensor05578,1,-93.487476,-35.497773,0.000000
sensor05579,1,-93.465151,-35.556511,0.000000
sensor05580,1,-93.442790,-35.615236,0.000000
sensor05581,1,-93.420391,-35.673947,0.000000
sensor05582,1,-93.397956,-35.732643,0.000000
sensor05583,1,-93.375484,-35.791326,0.000000
sensor05584,1,-93.352975,-35.849994,0.000000
sensor05585,1,-93.330429,-35.908648,0.000000
sensor05586,1,-93.307846,-35.967288,0.000000
sensor05587,1,-93.285227,-36.025914,0.000000
sensor05588,1,-93.262570,-36.084526,0.000000
sensor05589,1,-93.239877,-36.143123,0.000000
sensor05590,1,-93.217147,-36.201706,0.000000
sensor05591,1,-93.194380,-36.260275,0.000000
sensor05592,1,-93.171576,-36.318829,0.000000
sensor05593,1,-93.148736,-36.377369,0.000000
sensor05594,1,-93.125859,-36.435895,0.000000
sensor05595,1,-93.102945,-36.494407,0.000000
sensor05596,1,-93.079994,-36.552903,0.000000
sensor05597,1,-93.057006,-36.611386,0.000000
sensor05598,1,-93.033982,-36.669854,0.000000
sensor05599,1,-93.010921,-36.728308,0.000000
sensor05600,1,-92.987823,-36.786747,0.000000
sensor05601,1,-92.964689,-36.845171,0.000000
sensor05602,1,-92.941518,-36.903581,0.000000
sensor05603,1,-92.918310,-36.961977,0.000000
sensor05604,1,-92.895065,-37.020357,0.000000
sensor05605,1,-92.871784,-37.078724,0.000000
sensor05606,1,-92.848466,-37.137075,0.000000
sensor05607,1,-92.825111,-37.195412,0.000000
sensor05608,1,-92.801720,-37.253734,0.000000
sensor05609,1,-92.778292,-37.312042,0.000000
sensor05610,1,-92.754828,-37.370335,0.000000
sensor05611,1,-92.731327,-37.428613,0.000000
sensor05612,1,-92.707789,-37.486876,0.000000
sensor05613,1,-92.684215,-37.545124,0.000000
sensor05614,1,-92.660604,-37.603358,0.000000
sensor05615,1,-92.636956,-37.661577,0.000000
sensor05616,1,-92.613272,-37.719781,0.000000
sensor05617,1,-92.589551,-37.777970,0.000000
sensor05618,1,-92.565794,-37.836144,0.000000
sensor05619,1,-92.542000,-37.894303,0.000000
sensor05620,1,-92.518170,-37.952447,0.000000
sensor05621,1,-92.494303,-38.010576,0.000000
sensor05622,1,-92.470400,-38.068691,0.000000
sensor05623,1,-92.446460,-38.126790,0.000000
sensor05624,1,-92.422483,-38.184874,0.000000
sensor05625,1,-92.398470,-38.242943,0.000000
sensor05626,1,-92.374421,-38.300997,0.000000
sensor05627,1,-92.350335,-38.359036,0.000000
sensor05628,1,-92.326213,-38.417059,0.000000
sensor05629,1,-92.302054,-38.475068,0.000000
sensor05630,1,-92.277859,-38.533061,0.000000
sensor05631,1,-92.253627,-38.591039,0.000000
sensor05632,1,-92.229359,-38.649002,0.000000
sensor05633,1,-92.205054,-38.706949,0.000000
sensor05634,1,-92.180714,-38.764882,0.000000
sensor05635,1,-92.156336,-38.822799,0.000000
sensor05636,1,-92.131922,-38.880700,0.000000
sensor05637,1,-92.107472,-38.938587,0.000000
sensor05638,1,-92.082986,-38.996458,0.000000
sensor05639,1,-92.058463,-39.054313,0.000000
sensor05640,1,-92.033904,-39.112153,0.000000
sensor05641,1,-92.009308,-39.169978,0.000000
sensor05642,1,-91.984677,-39.227787,0.000000
sensor05643,1,-91.960008,-39.285581,0.000000
sensor05644,1,-91.935304,-39.343359,0.000000
sensor05645,1,-91.910563,-39.401122,0.000000
sensor05646,1,-91.885786,-39.458869,0.000000
sensor05647,1,-91.860973,-39.516600,0.000000
sensor05648,1,-91.836123,-39.574316,0.000000
sensor05649,1,-91.811237,-39.632016,0.000000
sensor05650,1,-91.786315,-39.689701,0.000000
sensor05651,1,-91.761357,-39.747370,0.000000
sensor05652,1,-91.736362,-39.805023,0.000000
sensor05653,1,-91.711331,-39.862661,0.000000
sensor05654,1,-91.686264,-39.920283,0.000000
sensor05655,1,-91.661161,-39.977889,0.000000
sensor05656,1,-91.636021,-40.035479,0.000000
sensor05657,1,-91.610846,-40.093054,0.000000
sensor05658,1,-91.585634,-40.150612,0.000000
sensor05659,1,-91.560386,-40.208155,0.000000
sensor05660,1,-91.535102,-40.265682,0.000000
sensor05661,1,-91.509782,-40.323193,0.000000
sensor05662,1,-91.484425,-40.380688,0.000000
sensor05663,1,-91.459033,-40.438167,0.000000
sensor05664,1,-91.433604,-40.495630,0.000000
sensor05665,1,-91.408139,-40.553077,0.000000
sensor05666,1,-91.382638,-40.610509,0.000000
sensor05667,1,-91.357101,-40.667924,0.000000
sensor05668,1,-91.331528,-40.725323,0.000000
sensor05669,1,-91.305919,-40.782706,0.000000
sensor05670,1,-91.280274,-40.840073,0.000000
sensor05671,1,-91.254593,-40.897423,0.000000
sensor05672,1,-91.228876,-40.954758,0.000000
sensor05673,1,-91.203123,-41.012076,0.000000
sensor05674,1,-91.177333,-41.069379,0.000000
sensor05675,1,-91.151508,-41.126665,0.000000
sensor05676,1,-91.125647,-41.183934,0.000000
sensor05677,1,-91.099750,-41.241188,0.000000
sensor05678,1,-91.073817,-41.298425,0.000000
sensor05679,1,-91.047847,-41.355646,0.000000
sensor05680,1,-91.021842,-41.412851,0.000000
sensor05681,1,-90.995801,-41.470039,0.000000
sensor05682,1,-90.969724,-41.527211,0.000000
sensor05683,1,-90.943612,-41.584366,0.000000
sensor05684,1,-90.917463,-41.641505,0.000000
sensor05685,1,-90.891278,-41.698628,0.000000
sensor05686,1,-90.865057,-41.755734,0.000000
sensor05687,1,-90.838801,-41.812824,0.000000
sensor05688,1,-90.812509,-41.869897,0.000000
sensor05689,1,-90.786180,-41.926954,0.000000
sensor05690,1,-90.759816,-41.983994,0.000000
sensor05691,1,-90.733417,-42.041017,0.000000
sensor05692,1,-90.706981,-42.098024,0.000000
sensor05693,1,-90.680509,-42.155014,0.000000
sensor05694,1,-90.654002,-42.211988,0.000000
sensor05695,1,-90.627459,-42.268945,0.000000
sensor05696,1,-90.600880,-42.325885,0.000000
sensor05697,1,-90.574265,-42.382809,0.000000
sensor05698,1,-90.547615,-42.439715,0.000000
sensor05699,1,-90.520929,-42.496606,0.000000
sensor05700,1,-90.494207,-42.553479,0.000000
sensor05701,1,-90.467449,-42.610335,0.000000
sensor05702,1,-90.440656,-42.667175,0.000000
sensor05703,1,-90.413826,-42.723998,0.000000
sensor05704,1,-90.386962,-42.780804,0.000000
sensor05705,1,-90.360061,-42.837593,0.000000
sensor05706,1,-90.333125,-42.894365,0.000000
sensor05707,1,-90.306153,-42.951120,0.000000
sensor05708,1,-90.279146,-43.007858,0.000000
sensor05709,1,-90.252102,-43.064579,0.000000
sensor05710,1,-90.225024,-43.121284,0.000000
sensor05711,1,-90.197909,-43.177971,0.000000
sensor05712,1,-90.170759,-43.234641,0.000000
sensor05713,1,-90.143574,-43.291294,0.000000
sensor05714,1,-90.116352,-43.347930,0.000000
sensor05715,1,-90.089095,-43.404549,0.000000
sensor05716,1,-90.061803,-43.461151,0.000000
sensor05717,1,-90.034475,-43.517735,0.000000
sensor05718,1,-90.007112,-43.574303,0.000000
sensor05719,1,-89.979713,-43.630853,0.000000
sensor05720,1,-89.952278,-43.687386,0.000000
sensor05721,1,-89.924808,-43.743902,0.000000
sensor05722,1,-89.897302,-43.800400,0.000000
sensor05723,1,-89.869761,-43.856881,0.000000
sensor05724,1,-89.842185,-43.913345,0.000000
sensor05725,1,-89.814573,-43.969791,0.000000
sensor05726,1,-89.786925,-44.026221,0.000000
sensor05727,1,-89.759242,-44.082632,0.000000
sensor05728,1,-89.731524,-44.139027,0.000000
sensor05729,1,-89.703770,-44.195403,0.000000
sensor05730,1,-89.675980,-44.251763,0.000000
sensor05731,1,-89.648156,-44.308105,0.000000
sensor05732,1,-89.620296,-44.364429,0.000000
sensor05733,1,-89.592400,-44.420736,0.000000
sensor05734,1,-89.564469,-44.477026,0.000000
sensor05735,1,-89.536503,-44.533298,0.000000
sensor05736,1,-89.508502,-44.589552,0.000000
sensor05737,1,-89.480465,-44.645789,0.000000
sensor05738,1,-89.452392,-44.702008,0.000000
sensor05739,1,-89.424285,-44.758209,0.000000
sensor05740,1,-89.396142,-44.814393,0.000000
sensor05741,1,-89.367964,-44.870559,0.000000
sensor05742,1,-89.339750,-44.926707,0.000000
sensor05743,1,-89.311502,-44.982838,0.000000
sensor05744,1,-89.283218,-45.038950,0.000000
sensor05745,1,-89.254898,-45.095045,0.000000
sensor05746,1,-89.226544,-45.151123,0.000000
sensor05747,1,-89.198154,-45.207182,0.000000
sensor05748,1,-89.169729,-45.263224,0.000000
sensor05749,1,-89.141269,-45.319247,0.000000
sensor05750,1,-89.112774,-45.375253,0.000000
sensor05751,1,-89.084243,-45.431241,0.000000
sensor05752,1,-89.055677,-45.487211,0.000000
sensor05753,1,-89.027076,-45.543163,0.000000
sensor05754,1,-88.998440,-45.599097,0.000000
sensor05755,1,-88.969769,-45.655013,0.000000
sensor05756,1,-88.941063,-45.710910,0.000000
sensor05757,1,-88.912321,-45.766790,0.000000
sensor05758,1,-88.883545,-45.822652,0.000000
sensor05759,1,-88.854733,-45.878496,0.000000
sensor05760,1,-88.825886,-45.934321,0.000000
sensor05761,1,-88.797005,-45.990129,0.000000
sensor05762,1,-88.768088,-46.045918,0.000000
sensor05763,1,-88.739136,-46.101689,0.000000
sensor05764,1,-88.710149,-46.157442,0.000000
sensor05765,1,-88.681127,-46.213177,0.000000
sensor05766,1,-88.652070,-46.268893,0.000000
sensor05767,1,-88.622978,-46.324592,0.000000
sensor05768,1,-88.593851,-46.380271,0.000000
sensor05769,1,-88.564689,-46.435933,0.000000
sensor05770,1,-88.535492,-46.491576,0.000000
sensor05771,1,-88.506260,-46.547201,0.000000
sensor05772,1,-88.476993,-46.602808,0.000000
sensor05773,1,-88.447691,-46.658396,0.000000
sensor05774,1,-88.418355,-46.713965,0.000000
sensor05775,1,-88.388983,-46.769517,0.000000
sensor05776,1,-88.359576,-46.825049,0.000000
sensor05777,1,-88.330135,-46.880564,0.000000
sensor05778,1,-88.300659,-46.936059,0.000000
sensor05779,1,-88.271148,-46.991537,0.000000
sensor05780,1,-88.241602,-47.046995,0.000000
sensor05781,1,-88.212021,-47.102435,0.000000
sensor05782,1,-88.182405,-47.157857,0.000000
sensor05783,1,-88.152754,-47.213260,0.000000
sensor05784,1,-88.123069,-47.268644,0.000000
sensor05785,1,-88.093349,-47.324009,0.000000
sensor05786,1,-88.063594,-47.379356,0.000000
sensor05787,1,-88.033804,-47.434684,0.000000
sensor05788,1,-88.003980,-47.489994,0.000000
sensor05789,1,-87.974121,-47.545285,0.000000
sensor05790,1,-87.944227,-47.600557,0.000000
sensor05791,1,-87.914298,-47.655810,0.000000
sensor05792,1,-87.884335,-47.711044,0.000000
sensor05793,1,-87.854337,-47.766259,0.000000
sensor05794,1,-87.824304,-47.821456,0.000000
sensor05795,1,-87.794236,-47.876634,0.000000
sensor05796,1,-87.764134,-47.931792,0.000000
sensor05797,1,-87.733998,-47.986932,0.000000
sensor05798,1,-87.703826,-48.042053,0.000000
sensor05799,1,-87.673620,-48.097155,0.000000
sensor05800,1,-87.643379,-48.152238,0.000000
sensor05801,1,-87.613104,-48.207302,0.000000
sensor05802,1,-87.582794,-48.262347,0.000000
sensor05803,1,-87.552450,-48.317373,0.000000
sensor05804,1,-87.522071,-48.372380,0.000000
sensor05805,1,-87.491657,-48.427367,0.000000
sensor05806,1,-87.461209,-48.482336,0.000000
sensor05807,1,-87.430726,-48.537285,0.000000
sensor05808,1,-87.400209,-48.592216,0.000000
sensor05809,1,-87.369658,-48.647127,0.000000
sensor05810,1,-87.339071,-48.702019,0.000000
sensor05811,1,-87.308451,-48.756891,0.000000
sensor05812,1,-87.277796,-48.811745,0.000000
sensor05813,1,-87.247106,-48.866579,0.000000
sensor05814,1,-87.216382,-48.921394,0.000000
sensor05815,1,-87.185623,-48.976189,0.000000
sensor05816,1,-87.154830,-49.030965,0.000000
sensor05817,1,-87.124003,-49.085722,0.000000
sensor05818,1,-87.093141,-49.140459,0.000000
sensor05819,1,-87.062245,-49.195177,0.000000
sensor05820,1,-87.031315,-49.249876,0.000000
sensor05821,1,-87.000350,-49.304555,0.000000
sensor05822,1,-86.969350,-49.359215,0.000000
sensor05823,1,-86.938317,-49.413855,0.000000
sensor05824,1,-86.907249,-49.468476,0.000000
sensor05825,1,-86.876147,-49.523077,0.000000
sensor05826,1,-86.845010,-49.577658,0.000000
sensor05827,1,-86.813839,-49.632220,0.000000
sensor05828,1,-86.782634,-49.686763,0.000000
sensor05829,1,-86.751395,-49.741285,0.000000
sensor05830,1,-86.720121,-49.795789,0.000000
sensor05831,1,-86.688813,-49.850272,0.000000
sensor05832,1,-86.657471,-49.904736,0.000000
sensor05833,1,-86.626095,-49.959180,0.000000
sensor05834,1,-86.594685,-50.013604,0.000000
sensor05835,1,-86.563240,-50.068009,0.000000
sensor05836,1,-86.531761,-50.122394,0.000000
sensor05837,1,-86.500248,-50.176759,0.000000
sensor05838,1,-86.468701,-50.231104,0.000000
sensor05839,1,-86.437119,-50.285429,0.000000
sensor05840,1,-86.405504,-50.339735,0.000000
sensor05841,1,-86.373854,-50.394021,0.000000
sensor05842,1,-86.342170,-50.448286,0.000000
sensor05843,1,-86.310453,-50.502532,0.000000
sensor05844,1,-86.278701,-50.556758,0.000000
sensor05845,1,-86.246915,-50.610964,0.000000
sensor05846,1,-86.215095,-50.665150,0.000000
sensor05847,1,-86.183241,-50.719316,0.000000
sensor05848,1,-86.151353,-50.773462,0.000000
sensor05849,1,-86.119431,-50.827588,0.000000
sensor05850,1,-86.087474,-50.881694,0.000000
sensor05851,1,-86.055484,-50.935779,0.000000
sensor05852,1,-86.023460,-50.989845,0.000000
sensor05853,1,-85.991402,-51.043890,0.000000
sensor05854,1,-85.959310,-51.097916,0.000000
sensor05855,1,-85.927184,-51.151921,0.000000
sensor05856,1,-85.895024,-51.205906,0.000000
sensor05857,1,-85.862831,-51.259870,0.000000
sensor05858,1,-85.830603,-51.313815,0.000000
sensor05859,1,-85.798341,-51.367739,0.000000
sensor05860,1,-85.766046,-51.421643,0.000000
sensor05861,1,-85.733717,-51.475527,0.000000
sensor05862,1,-85.701353,-51.529390,0.000000
sensor05863,1,-85.668956,-51.583233,0.000000
sensor05864,1,-85.636525,-51.637056,0.000000
sensor05865,1,-85.604061,-51.690858,0.000000
sensor05866,1,-85.571562,-51.744640,0.000000
sensor05867,1,-85.539030,-51.798401,0.000000
sensor05868,1,-85.506464,-51.852142,0.000000
sensor05869,1,-85.473864,-51.905862,0.000000
sensor05870,1,-85.441231,-51.959562,0.000000
sensor05871,1,-85.408563,-52.013242,0.000000
sensor05872,1,-85.375862,-52.066900,0.000000
sensor05873,1,-85.343128,-52.120539,0.000000
sensor05874,1,-85.310359,-52.174157,0.000000
sensor05875,1,-85.277557,-52.227754,0.000000
sensor05876,1,-85.244721,-52.281330,0.000000
sensor05877,1,-85.211852,-52.334886,0.000000
sensor05878,1,-85.178949,-52.388421,0.000000
sensor05879,1,-85.146012,-52.441936,0.000000
sensor05880,1,-85.113042,-52.495430,0.000000
sensor05881,1,-85.080038,-52.548903,0.000000
sensor05882,1,-85.047000,-52.602355,0.000000
sensor05883,1,-85.013929,-52.655787,0.000000
sensor05884,1,-84.980824,-52.709197,0.000000
sensor05885,1,-84.947686,-52.762587,0.000000
sensor05886,1,-84.914514,-52.815956,0.000000
sensor05887,1,-84.881309,-52.869305,0.000000
sensor05888,1,-84.848070,-52.922632,0.000000
sensor05889,1,-84.814798,-52.975939,0.000000
sensor05890,1,-84.781492,-53.029224,0.000000
sensor05891,1,-84.748153,-53.082489,0.000000
sensor05892,1,-84.714780,-53.135732,0.000000
sensor05893,1,-84.681374,-53.188955,0.000000
sensor05894,1,-84.647934,-53.242157,0.000000
sensor05895,1,-84.614461,-53.295338,0.000000
sensor05896,1,-84.580954,-53.348497,0.000000
sensor05897,1,-84.547415,-53.401636,0.000000
sensor05898,1,-84.513841,-53.454753,0.000000
sensor05899,1,-84.480235,-53.507850,0.000000
sensor05900,1,-84.446595,-53.560925,0.000000
sensor05901,1,-84.412921,-53.613979,0.000000
sensor05902,1,-84.379215,-53.667012,0.000000
sensor05903,1,-84.345475,-53.720023,0.000000
sensor05904,1,-84.311701,-53.773014,0.000000
sensor05905,1,-84.277895,-53.825983,0.000000
sensor05906,1,-84.244055,-53.878931,0.000000
sensor05907,1,-84.210182,-53.931858,0.000000
sensor05908,1,-84.176275,-53.984764,0.000000
sensor05909,1,-84.142336,-54.037648,0.000000
sensor05910,1,-84.108363,-54.090510,0.000000
sensor05911,1,-84.074357,-54.143352,0.000000
sensor05912,1,-84.040317,-54.196172,0.000000
sensor05913,1,-84.006245,-54.248971,0.000000
sensor05914,1,-83.972139,-54.301748,0.000000
sensor05915,1,-83.938000,-54.354504,0.000000
sensor05916,1,-83.903829,-54.407238,0.000000
sensor05917,1,-83.869624,-54.459951,0.000000
sensor05918,1,-83.835385,-54.512642,0.000000
sensor05919,1,-83.801114,-54.565312,0.000000
sensor05920,1,-83.766810,-54.617960,0.000000
sensor05921,1,-83.732472,-54.670587,0.000000
sensor05922,1,-83.698102,-54.723192,0.000000
sensor05923,1,-83.663698,-54.775776,0.000000
sensor05924,1,-83.629262,-54.828338,0.000000
sensor05925,1,-83.594792,-54.880878,0.000000
sensor05926,1,-83.560289,-54.933396,0.000000
sensor05927,1,-83.525754,-54.985893,0.000000
sensor05928,1,-83.491185,-55.038368,0.000000
sensor05929,1,-83.456584,-55.090822,0.000000
sensor05930,1,-83.421949,-55.143254,0.000000
sensor05931,1,-83.387282,-55.195664,0.000000
sensor05932,1,-83.352581,-55.248052,0.000000
sensor05933,1,-83.317848,-55.300418,0.000000
sensor05934,1,-83.283082,-55.352762,0.000000
sensor05935,1,-83.248283,-55.405085,0.000000
sensor05936,1,-83.213451,-55.457386,0.000000
sensor05937,1,-83.178586,-55.509665,0.000000
sensor05938,1,-83.143688,-55.561921,0.000000
sensor05939,1,-83.108758,-55.614156,0.000000
sensor05940,1,-83.073794,-55.666369,0.000000
sensor05941,1,-83.038798,-55.718560,0.000000
sensor05942,1,-83.003769,-55.770729,0.000000
sensor05943,1,-82.968708,-55.822877,0.000000
sensor05944,1,-82.933613,-55.875001,0.000000
sensor05945,1,-82.898486,-55.927104,0.000000
sensor05946,1,-82.863326,-55.979185,0.000000
sensor05947,1,-82.828134,-56.031244,0.000000
sensor05948,1,-82.792908,-56.083280,0.000000
sensor05949,1,-82.757650,-56.135295,0.000000
sensor05950,1,-82.722359,-56.187287,0.000000
sensor05951,1,-82.687036,-56.239257,0.000000
sensor05952,1,-82.651680,-56.291205,0.000000
sensor05953,1,-82.616291,-56.343131,0.000000
sensor05954,1,-82.580870,-56.395034,0.000000
sensor05955,1,-82.545416,-56.446915,0.000000
sensor05956,1,-82.509930,-56.498774,0.000000
sensor05957,1,-82.474411,-56.550611,0.000000
sensor05958,1,-82.438859,-56.602425,0.000000
sensor05959,1,-82.403275,-56.654217,0.000000
sensor05960,1,-82.367658,-56.705986,0.000000
sensor05961,1,-82.332009,-56.757733,0.000000
sensor05962,1,-82.296327,-56.809458,0.000000
sensor05963,1,-82.260613,-56.861160,0.000000
sensor05964,1,-82.224866,-56.912840,0.000000
sensor05965,1,-82.189087,-56.964498,0.000000
sensor05966,1,-82.153275,-57.016132,0.000000
sensor05967,1,-82.117431,-57.067745,0.000000
sensor05968,1,-82.081555,-57.119335,0.000000
sensor05969,1,-82.045646,-57.170902,0.000000
sensor05970,1,-82.009704,-57.222446,0.000000
sensor05971,1,-81.973731,-57.273969,0.000000
sensor05972,1,-81.937725,-57.325468,0.000000
sensor05973,1,-81.901686,-57.376945,0.000000
sensor05974,1,-81.865615,-57.428399,0.000000
sensor05975,1,-81.829512,-57.479830,0.000000
sensor05976,1,-81.793377,-57.531239,0.000000
sensor05977,1,-81.757209,-57.582625,0.000000
sensor05978,1,-81.721009,-57.633989,0.000000
sensor05979,1,-81.684777,-57.685329,0.000000
sensor05980,1,-81.648512,-57.736647,0.000000
sensor05981,1,-81.612216,-57.787942,0.000000
sensor05982,1,-81.575887,-57.839214,0.000000
sensor05983,1,-81.539526,-57.890464,0.000000
sensor05984,1,-81.503132,-57.941690,0.000000
sensor05985,1,-81.466707,-57.992894,0.000000
sensor05986,1,-81.430249,-58.044074,0.000000
sensor05987,1,-81.393759,-58.095232,0.000000
sensor05988,1,-81.357237,-58.146367,0.000000
sensor05989,1,-81.320683,-58.197479,0.000000
sensor05990,1,-81.284097,-58.248568,0.000000
sensor05991,1,-81.247478,-58.299634,0.000000
sensor05992,1,-81.210828,-58.350677,0.000000
sensor05993,1,-81.174145,-58.401696,0.000000
sensor05994,1,-81.137431,-58.452693,0.000000
sensor05995,1,-81.100684,-58.503667,0.000000
sensor05996,1,-81.063905,-58.554618,0.000000
sensor05997,1,-81.027095,-58.605545,0.000000
sensor05998,1,-80.990252,-58.656449,0.000000
sensor05999,1,-80.953378,-58.707331,0.000000
sensor06000,1,-80.916471,-58.758189,0.000000
sensor06001,1,-80.879532,-58.809023,0.000000
sensor06002,1,-80.842562,-58.859835,0.000000
sensor06003,1,-80.805560,-58.910623,0.000000
sensor06004,1,-80.768525,-58.961388,0.000000
sensor06005,1,-80.731459,-59.012130,0.000000
sensor06006,1,-80.694361,-59.062849,0.000000
sensor06007,1,-80.657231,-59.113544,0.000000
sensor06008,1,-80.620069,-59.164216,0.000000
sensor06009,1,-80.582876,-59.214864,0.000000
sensor06010,1,-80.545650,-59.265489,0.000000
sensor06011,1,-80.508393,-59.316091,0.000000
sensor06012,1,-80.471104,-59.366669,0.000000
sensor06013,1,-80.433783,-59.417224,0.000000
sensor06014,1,-80.396431,-59.467755,0.000000
sensor06015,1,-80.359046,-59.518263,0.000000
sensor06016,1,-80.321630,-59.568748,0.000000
sensor06017,1,-80.284183,-59.619208,0.000000
sensor06018,1,-80.246703,-59.669646,0.000000
sensor06019,1,-80.209192,-59.720059,0.000000
sensor06020,1,-80.171649,-59.770450,0.000000
sensor06021,1,-80.134075,-59.820816,0.000000
sensor06022,1,-80.096469,-59.871159,0.000000
sensor06023,1,-80.058831,-59.921478,0.000000
sensor06024,1,-80.021162,-59.971774,0.000000
sensor06025,1,-79.983461,-60.022046,0.000000
sensor06026,1,-79.945728,-60.072294,0.000000
sensor06027,1,-79.907964,-60.122519,0.000000
sensor06028,1,-79.870168,-60.172720,0.000000
sensor06029,1,-79.832341,-60.222897,0.000000
sensor06030,1,-79.794483,-60.273050,0.000000
sensor06031,1,-79.756592,-60.323179,0.000000
sensor06032,1,-79.718671,-60.373285,0.000000
sensor06033,1,-79.680717,-60.423367,0.000000
sensor06034,1,-79.642733,-60.473425,0.000000
sensor06035,1,-79.604717,-60.523459,0.000000
sensor06036,1,-79.566669,-60.573469,0.000000
sensor06037,1,-79.528590,-60.623455,0.000000
sensor06038,1,-79.490480,-60.673418,0.000000
sensor06039,1,-79.452338,-60.723356,0.000000
sensor06040,1,-79.414165,-60.773270,0.000000
sensor06041,1,-79.375961,-60.823161,0.000000
sensor06042,1,-79.337725,-60.873027,0.000000
sensor06043,1,-79.299458,-60.922869,0.000000
sensor06044,1,-79.261159,-60.972688,0.000000
sensor06045,1,-79.222829,-61.022482,0.000000
sensor06046,1,-79.184468,-61.072252,0.000000
sensor06047,1,-79.146076,-61.121998,0.000000
sensor06048,1,-79.107653,-61.171720,0.000000
sensor06049,1,-79.069198,-61.221417,0.000000
sensor06050,1,-79.030712,-61.271091,0.000000
sensor06051,1,-78.992195,-61.320740,0.000000
sensor06052,1,-78.953646,-61.370365,0.000000
sensor06053,1,-78.915067,-61.419966,0.000000
sensor06054,1,-78.876456,-61.469543,0.000000
sensor06055,1,-78.837814,-61.519095,0.000000
sensor06056,1,-78.799141,-61.568623,0.000000
sensor06057,1,-78.760437,-61.618127,0.000000
sensor06058,1,-78.721702,-61.667607,0.000000
sensor06059,1,-78.682935,-61.717062,0.000000
sensor06060,1,-78.644138,-61.766492,0.000000
sensor06061,1,-78.605309,-61.815899,0.000000
sensor06062,1,-78.566450,-61.865281,0.000000
sensor06063,1,-78.527560,-61.914638,0.000000
sensor06064,1,-78.488638,-61.963971,0.000000
sensor06065,1,-78.449685,-62.013280,0.000000
sensor06066,1,-78.410702,-62.062564,0.000000
sensor06067,1,-78.371688,-62.111823,0.000000
sensor06068,1,-78.332642,-62.161058,0.000000
sensor06069,1,-78.293566,-62.210269,0.000000
sensor06070,1,-78.254459,-62.259455,0.000000
sensor06071,1,-78.215321,-62.308616,0.000000
sensor06072,1,-78.176152,-62.357753,0.000000
sensor06073,1,-78.136952,-62.406865,0.000000
sensor06074,1,-78.097721,-62.455952,0.000000
sensor06075,1,-78.058459,-62.505015,0.000000
sensor06076,1,-78.019167,-62.554053,0.000000
sensor06077,1,-77.979844,-62.603067,0.000000
sensor06078,1,-77.940490,-62.652056,0.000000
sensor06079,1,-77.901105,-62.701019,0.000000
sensor06080,1,-77.861689,-62.749959,0.000000
sensor06081,1,-77.822243,-62.798873,0.000000
sensor06082,1,-77.782766,-62.847763,0.000000
sensor06083,1,-77.743258,-62.896628,0.000000
sensor06084,1,-77.703720,-62.945468,0.000000
sensor06085,1,-77.664151,-62.994283,0.000000
sensor06086,1,-77.624551,-63.043073,0.000000
sensor06087,1,-77.584921,-63.091838,0.000000
sensor06088,1,-77.545260,-63.140579,0.000000
sensor06089,1,-77.505568,-63.189294,0.000000
sensor06090,1,-77.465846,-63.237985,0.000000
sensor06091,1,-77.426093,-63.286651,0.000000
sensor06092,1,-77.386309,-63.335291,0.000000
sensor06093,1,-77.346495,-63.383907,0.000000
sensor06094,1,-77.306651,-63.432497,0.000000
sensor06095,1,-77.266776,-63.481063,0.000000
sensor06096,1,-77.226870,-63.529603,0.000000
sensor06097,1,-77.186934,-63.578119,0.000000
sensor06098,1,-77.146968,-63.626609,0.000000
sensor06099,1,-77.106971,-63.675074,0.000000
sensor06100,1,-77.066943,-63.723514,0.000000
sensor06101,1,-77.026885,-63.771929,0.000000
sensor06102,1,-76.986797,-63.820319,0.000000
sensor06103,1,-76.946678,-63.868683,0.000000
sensor06104,1,-76.906529,-63.917022,0.000000
sensor06105,1,-76.866350,-63.965336,0.000000
sensor06106,1,-76.826140,-64.013625,0.000000
sensor06107,1,-76.785900,-64.061889,0.000000
sensor06108,1,-76.745629,-64.110127,0.000000
sensor06109,1,-76.705329,-64.158340,0.000000
sensor06110,1,-76.664998,-64.206527,0.000000
sensor06111,1,-76.624636,-64.254689,0.000000
sensor06112,1,-76.584245,-64.302826,0.000000
sensor06113,1,-76.543823,-64.350938,0.000000
sensor06114,1,-76.503371,-64.399024,0.000000
sensor06115,1,-76.462889,-64.447084,0.000000
sensor06116,1,-76.422376,-64.495119,0.000000
sensor06117,1,-76.381834,-64.543129,0.000000
sensor06118,1,-76.341261,-64.591113,0.000000
sensor06119,1,-76.300658,-64.639072,0.000000
sensor06120,1,-76.260025,-64.687005,0.000000
sensor06121,1,-76.219362,-64.734913,0.000000
sensor06122,1,-76.178668,-64.782795,0.000000
sensor06123,1,-76.137945,-64.830651,0.000000
sensor06124,1,-76.097192,-64.878482,0.000000
sensor06125,1,-76.056408,-64.926287,0.000000
sensor06126,1,-76.015595,-64.974067,0.000000
sensor06127,1,-75.974751,-65.021821,0.000000
sensor06128,1,-75.933878,-65.069549,0.000000
sensor06129,1,-75.892974,-65.117252,0.000000
sensor06130,1,-75.852041,-65.164928,0.000000
sensor06131,1,-75.811077,-65.212580,0.000000
sensor06132,1,-75.770084,-65.260205,0.000000
sensor06133,1,-75.729061,-65.307805,0.000000
sensor06134,1,-75.688008,-65.355378,0.000000
sensor06135,1,-75.646925,-65.402926,0.000000
sensor06136,1,-75.605812,-65.450449,0.000000
sensor06137,1,-75.564669,-65.497945,0.000000
sensor06138,1,-75.523496,-65.545416,0.000000
sensor06139,1,-75.482294,-65.592860,0.000000
sensor06140,1,-75.441062,-65.640279,0.000000
sensor06141,1,-75.399800,-65.687672,0.000000
sensor06142,1,-75.358508,-65.735039,0.000000
sensor06143,1,-75.317186,-65.782379,0.000000
sensor06144,1,-75.275835,-65.829694,0.000000
sensor06145,1,-75.234454,-65.876983,0.000000
sensor06146,1,-75.193043,-65.924246,0.000000
sensor06147,1,-75.151603,-65.971483,0.000000
sensor06148,1,-75.110133,-66.018694,0.000000
sensor06149,1,-75.068633,-66.065879,0.000000
sensor06150,1,-75.027104,-66.113037,0.000000
sensor06151,1,-74.985545,-66.160170,0.000000
sensor06152,1,-74.943956,-66.207276,0.000000
sensor06153,1,-74.902338,-66.254357,0.000000
sensor06154,1,-74.860690,-66.301411,0.000000
sensor06155,1,-74.819013,-66.348439,0.000000
sensor06156,1,-74.777306,-66.395441,0.000000
sensor06157,1,-74.735569,-66.442416,0.000000
sensor06158,1,-74.693803,-66.489366,0.000000
sensor06159,1,-74.652008,-66.536289,0.000000
sensor06160,1,-74.610183,-66.583185,0.000000
sensor06161,1,-74.568329,-66.630056,0.000000
sensor06162,1,-74.526445,-66.676900,0.000000
sensor06163,1,-74.484532,-66.723718,0.000000
sensor06164,1,-74.442589,-66.770509,0.000000
sensor06165,1,-74.400617,-66.817275,0.000000
sensor06166,1,-74.358616,-66.864013,0.000000
sensor06167,1,-74.316585,-66.910726,0.000000
sensor06168,1,-74.274525,-66.957412,0.000000
sensor06169,1,-74.232435,-67.004071,0.000000
sensor06170,1,-74.190317,-67.050704,0.000000
sensor06171,1,-74.148168,-67.097311,0.000000
sensor06172,1,-74.105991,-67.143891,0.000000
sensor06173,1,-74.063785,-67.190444,0.000000
sensor06174,1,-74.021549,-67.236971,0.000000
sensor06175,1,-73.979284,-67.283472,0.000000
sensor06176,1,-73.936989,-67.329946,0.000000
sensor06177,1,-73.894666,-67.376393,0.000000
sensor06178,1,-73.852313,-67.422814,0.000000
sensor06179,1,-73.809931,-67.469208,0.000000
sensor06180,1,-73.767520,-67.515575,0.000000
sensor06181,1,-73.725080,-67.561916,0.000000
sensor06182,1,-73.682611,-67.608230,0.000000
sensor06183,1,-73.640113,-67.654518,0.000000
sensor06184,1,-73.597585,-67.700779,0.000000
sensor06185,1,-73.555029,-67.747013,0.000000
sensor06186,1,-73.512444,-67.793220,0.000000
sensor06187,1,-73.469829,-67.839400,0.000000
sensor06188,1,-73.427186,-67.885554,0.000000
sensor06189,1,-73.384513,-67.931681,0.000000
sensor06190,1,-73.341812,-67.977781,0.000000
sensor06191,1,-73.299081,-68.023854,0.000000
sensor06192,1,-73.256322,-68.069900,0.000000
sensor06193,1,-73.213533,-68.115920,0.000000
sensor06194,1,-73.170716,-68.161912,0.000000
sensor06195,1,-73.127870,-68.207878,0.000000
sensor06196,1,-73.084995,-68.253817,0.000000
sensor06197,1,-73.042091,-68.299729,0.000000
sensor06198,1,-72.999158,-68.345613,0.000000
sensor06199,1,-72.956197,-68.391471,0.000000
sensor06200,1,-72.913207,-68.437302,0.000000
sensor06201,1,-72.870187,-68.483106,0.000000
sensor06202,1,-72.827140,-68.528883,0.000000
sensor06203,1,-72.784063,-68.574632,0.000000
sensor06204,1,-72.740958,-68.620355,0.000000
sensor06205,1,-72.697823,-68.666050,0.000000
sensor06206,1,-72.654661,-68.711719,0.000000
sensor06207,1,-72.611469,-68.757360,0.000000
sensor06208,1,-72.568249,-68.802974,0.000000
sensor06209,1,-72.525000,-68.848561,0.000000
sensor06210,1,-72.481723,-68.894121,0.000000
sensor06211,1,-72.438417,-68.939653,0.000000
sensor06212,1,-72.395082,-68.985159,0.000000
sensor06213,1,-72.351719,-69.030637,0.000000
sensor06214,1,-72.308327,-69.076088,0.000000
sensor06215,1,-72.264906,-69.121511,0.000000
sensor06216,1,-72.221457,-69.166907,0.000000
sensor06217,1,-72.177980,-69.212276,0.000000
sensor06218,1,-72.134474,-69.257618,0.000000
sensor06219,1,-72.090940,-69.302932,0.000000
sensor06220,1,-72.047377,-69.348219,0.000000
sensor06221,1,-72.003785,-69.393479,0.000000
sensor06222,1,-71.960166,-69.438711,0.000000
sensor06223,1,-71.916517,-69.483916,0.000000
sensor06224,1,-71.872841,-69.529093,0.000000
sensor06225,1,-71.829136,-69.574243,0.000000
sensor06226,1,-71.785402,-69.619365,0.000000
sensor06227,1,-71.741641,-69.664460,0.000000
sensor06228,1,-71.697851,-69.709527,0.000000
sensor06229,1,-71.654032,-69.754567,0.000000
sensor06230,1,-71.610186,-69.799579,0.000000
sensor06231,1,-71.566311,-69.844564,0.000000
sensor06232,1,-71.522408,-69.889521,0.000000
sensor06233,1,-71.478476,-69.934451,0.000000
sensor06234,1,-71.434517,-69.979353,0.000000
sensor06235,1,-71.390529,-70.024227,0.000000
sensor06236,1,-71.346513,-70.069074,0.000000
sensor06237,1,-71.302469,-70.113893,0.000000
sensor06238,1,-71.258396,-70.158684,0.000000
sensor06239,1,-71.214296,-70.203448,0.000000
sensor06240,1,-71.170167,-70.248183,0.000000
sensor06241,1,-71.126011,-70.292892,0.000000
sensor06242,1,-71.081826,-70.337572,0.000000
sensor06243,1,-71.037613,-70.382225,0.000000
sensor06244,1,-70.993372,-70.426849,0.000000
sensor06245,1,-70.949103,-70.471446,0.000000
sensor06246,1,-70.904806,-70.516016,0.000000
sensor06247,1,-70.860481,-70.560557,0.000000
sensor06248,1,-70.816128,-70.605070,0.000000
sensor06249,1,-70.771747,-70.649556,0.000000
sensor06250,1,-70.727339,-70.694014,0.000000
sensor06251,1,-70.682902,-70.738443,0.000000
sensor06252,1,-70.638437,-70.782845,0.000000
sensor06253,1,-70.593945,-70.827219,0.000000
sensor06254,1,-70.549424,-70.871565,0.000000
sensor06255,1,-70.504876,-70.915883,0.000000
sensor06256,1,-70.460300,-70.960173,0.000000
sensor06257,1,-70.415696,-71.004435,0.000000
sensor06258,1,-70.371064,-71.048669,0.000000
sensor06259,1,-70.326404,-71.092875,0.000000
sensor06260,1,-70.281717,-71.137052,0.000000
sensor06261,1,-70.237002,-71.181202,0.000000
sensor06262,1,-70.192259,-71.225324,0.000000
sensor06263,1,-70.147489,-71.269417,0.000000
sensor06264,1,-70.102691,-71.313482,0.000000
sensor06265,1,-70.057865,-71.357520,0.000000
sensor06266,1,-70.013011,-71.401529,0.000000
sensor06267,1,-69.968130,-71.445509,0.000000
sensor06268,1,-69.923221,-71.489462,0.000000
sensor06269,1,-69.878285,-71.533386,0.000000
sensor06270,1,-69.833321,-71.577282,0.000000
sensor06271,1,-69.788329,-71.621150,0.000000
sensor06272,1,-69.743310,-71.664990,0.000000
sensor06273,1,-69.698263,-71.708801,0.000000
sensor06274,1,-69.653189,-71.752584,0.000000
sensor06275,1,-69.608087,-71.796338,0.000000
sensor06276,1,-69.562958,-71.840065,0.000000
sensor06277,1,-69.517801,-71.883763,0.000000
sensor06278,1,-69.472617,-71.927432,0.000000
sensor06279,1,-69.427405,-71.971073,0.000000
sensor06280,1,-69.382166,-72.014686,0.000000
sensor06281,1,-69.336900,-72.058270,0.000000
sensor06282,1,-69.291606,-72.101826,0.000000
sensor06283,1,-69.246285,-72.145353,0.000000
sensor06284,1,-69.200937,-72.188852,0.000000
sensor06285,1,-69.155561,-72.232322,0.000000
sensor06286,1,-69.110158,-72.275764,0.000000
sensor06287,1,-69.064727,-72.319177,0.000000
sensor06288,1,-69.019270,-72.362562,0.000000
sensor06289,1,-68.973785,-72.405918,0.000000
sensor06290,1,-68.928273,-72.449246,0.000000
sensor06291,1,-68.882733,-72.492545,0.000000
sensor06292,1,-68.837167,-72.535815,0.000000
sensor06293,1,-68.791573,-72.579057,0.000000
sensor06294,1,-68.745952,-72.622270,0.000000
sensor06295,1,-68.700304,-72.665454,0.000000
sensor06296,1,-68.654629,-72.708610,0.000000
sensor06297,1,-68.608927,-72.751737,0.000000
sensor06298,1,-68.563197,-72.794835,0.000000
sensor06299,1,-68.517441,-72.837904,0.000000
sensor06300,1,-68.471657,-72.880945,0.000000
sensor06301,1,-68.425847,-72.923957,0.000000
sensor06302,1,-68.380009,-72.966940,0.000000
sensor06303,1,-68.334145,-73.009894,0.000000
sensor06304,1,-68.288253,-73.052820,0.000000
sensor06305,1,-68.242335,-73.095716,0.000000
sensor06306,1,-68.196389,-73.138584,0.000000
sensor06307,1,-68.150417,-73.181423,0.000000
sensor06308,1,-68.104417,-73.224233,0.000000
sensor06309,1,-68.058391,-73.267014,0.000000
sensor06310,1,-68.012338,-73.309766,0.000000
sensor06311,1,-67.966258,-73.352490,0.000000
sensor06312,1,-67.920152,-73.395184,0.000000
sensor06313,1,-67.874018,-73.437849,0.000000
sensor06314,1,-67.827858,-73.480485,0.000000
sensor06315,1,-67.781670,-73.523093,0.000000
sensor06316,1,-67.735457,-73.565671,0.000000
sensor06317,1,-67.689216,-73.608220,0.000000
sensor06318,1,-67.642948,-73.650740,0.000000
sensor06319,1,-67.596654,-73.693231,0.000000
sensor06320,1,-67.550334,-73.735693,0.000000
sensor06321,1,-67.503986,-73.778126,0.000000
sensor06322,1,-67.457612,-73.820530,0.000000
sensor06323,1,-67.411211,-73.862904,0.000000
sensor06324,1,-67.364784,-73.905249,0.000000
sensor06325,1,-67.318330,-73.947566,0.000000
sensor06326,1,-67.271849,-73.989853,0.000000
sensor06327,1,-67.225342,-74.032110,0.000000
sensor06328,1,-67.178809,-74.074339,0.000000
sensor06329,1,-67.132248,-74.116538,0.000000
sensor06330,1,-67.085662,-74.158708,0.000000
sensor06331,1,-67.039048,-74.200849,0.000000
sensor06332,1,-66.992409,-74.242960,0.000000
sensor06333,1,-66.945743,-74.285043,0.000000
sensor06334,1,-66.899050,-74.327095,0.000000
sensor06335,1,-66.852331,-74.369119,0.000000
sensor06336,1,-66.805586,-74.411113,0.000000
sensor06337,1,-66.758814,-74.453078,0.000000
sensor06338,1,-66.712016,-74.495013,0.000000
sensor06339,1,-66.665191,-74.536919,0.000000
sensor06340,1,-66.618341,-74.578795,0.000000
sensor06341,1,-66.571464,-74.620642,0.000000
sensor06342,1,-66.524560,-74.662460,0.000000
sensor06343,1,-66.477631,-74.704248,0.000000
sensor06344,1,-66.430675,-74.746006,0.000000
sensor06345,1,-66.383693,-74.787735,0.000000
sensor06346,1,-66.336684,-74.829435,0.000000
sensor06347,1,-66.289650,-74.871105,0.000000
sensor06348,1,-66.242589,-74.912745,0.000000
sensor06349,1,-66.195502,-74.954356,0.000000
sensor06350,1,-66.148389,-74.995937,0.000000
sensor06351,1,-66.101250,-75.037489,0.000000
sensor06352,1,-66.054085,-75.079011,0.000000
sensor06353,1,-66.006894,-75.120503,0.000000
sensor06354,1,-65.959676,-75.161966,0.000000
sensor06355,1,-65.912433,-75.203399,0.000000
sensor06356,1,-65.865164,-75.244802,0.000000
sensor06357,1,-65.817868,-75.286176,0.000000
sensor06358,1,-65.770547,-75.327519,0.000000
sensor06359,1,-65.723199,-75.368834,0.000000
sensor06360,1,-65.675826,-75.410118,0.000000
sensor06361,1,-65.628427,-75.451373,0.000000
sensor06362,1,-65.581001,-75.492597,0.000000
sensor06363,1,-65.533550,-75.533792,0.000000
sensor06364,1,-65.486073,-75.574957,0.000000
sensor06365,1,-65.438571,-75.616093,0.000000
sensor06366,1,-65.391042,-75.657198,0.000000
sensor06367,1,-65.343487,-75.698274,0.000000
sensor06368,1,-65.295907,-75.739319,0.000000
sensor06369,1,-65.248301,-75.780335,0.000000
sensor06370,1,-65.200669,-75.821321,0.000000
sensor06371,1,-65.153012,-75.862277,0.000000
sensor06372,1,-65.105328,-75.903203,0.000000
sensor06373,1,-65.057619,-75.944099,0.000000
sensor06374,1,-65.009885,-75.984965,0.000000
sensor06375,1,-64.962124,-76.025801,0.000000
sensor06376,1,-64.914338,-76.066607,0.000000
sensor06377,1,-64.866527,-76.107383,0.000000
sensor06378,1,-64.818689,-76.148129,0.000000
sensor06379,1,-64.770827,-76.188845,0.000000
sensor06380,1,-64.722938,-76.229530,0.000000
sensor06381,1,-64.675024,-76.270186,0.000000
sensor06382,1,-64.627085,-76.310811,0.000000
sensor06383,1,-64.579120,-76.351407,0.000000
sensor06384,1,-64.531129,-76.391972,0.000000
sensor06385,1,-64.483113,-76.432507,0.000000
sensor06386,1,-64.435071,-76.473012,0.000000
sensor06387,1,-64.387004,-76.513487,0.000000
sensor06388,1,-64.338912,-76.553931,0.000000
sensor06389,1,-64.290794,-76.594345,0.000000
sensor06390,1,-64.242651,-76.634729,0.000000
sensor06391,1,-64.194483,-76.675083,0.000000
sensor06392,1,-64.146289,-76.715407,0.000000
sensor06393,1,-64.098070,-76.755700,0.000000
sensor06394,1,-64.049825,-76.795963,0.000000
sensor06395,1,-64.001555,-76.836195,0.000000
sensor06396,1,-63.953260,-76.876398,0.000000
sensor06397,1,-63.904940,-76.916569,0.000000
sensor06398,1,-63.856594,-76.956711,0.000000
sensor06399,1,-63.808224,-76.996822,0.000000
sensor06400,1,-63.759828,-77.036903,0.000000
sensor06401,1,-63.711407,-77.076953,0.000000
sensor06402,1,-63.662960,-77.116973,0.000000
sensor06403,1,-63.614489,-77.156962,0.000000
sensor06404,1,-63.565992,-77.196921,0.000000
sensor06405,1,-63.517471,-77.236850,0.000000
sensor06406,1,-63.468924,-77.276747,0.000000
sensor06407,1,-63.420352,-77.316615,0.000000
sensor06408,1,-63.371755,-77.356452,0.000000
sensor06409,1,-63.323133,-77.396258,0.000000
sensor06410,1,-63.274487,-77.436034,0.000000
sensor06411,1,-63.225815,-77.475779,0.000000
sensor06412,1,-63.177118,-77.515494,0.000000
sensor06413,1,-63.128396,-77.555178,0.000000
sensor06414,1,-63.079649,-77.594831,0.000000
sensor06415,1,-63.030878,-77.634454,0.000000
sensor06416,1,-62.982081,-77.674046,0.000000
sensor06417,1,-62.933260,-77.713608,0.000000
sensor06418,1,-62.884414,-77.753138,0.000000
sensor06419,1,-62.835543,-77.792638,0.000000
sensor06420,1,-62.786647,-77.832108,0.000000
sensor06421,1,-62.737726,-77.871546,0.000000
sensor06422,1,-62.688781,-77.910954,0.000000
sensor06423,1,-62.639811,-77.950331,0.000000
sensor06424,1,-62.590816,-77.989677,0.000000
sensor06425,1,-62.541796,-78.028993,0.000000
sensor06426,1,-62.492752,-78.068278,0.000000
sensor06427,1,-62.443683,-78.107531,0.000000
sensor06428,1,-62.394589,-78.146754,0.000000
sensor06429,1,-62.345471,-78.185947,0.000000
sensor06430,1,-62.296328,-78.225108,0.000000
sensor06431,1,-62.247161,-78.264238,0.000000
sensor06432,1,-62.197968,-78.303338,0.000000
sensor06433,1,-62.148752,-78.342406,0.000000
sensor06434,1,-62.099511,-78.381444,0.000000
sensor06435,1,-62.050245,-78.420451,0.000000
sensor06436,1,-62.000955,-78.459427,0.000000
sensor06437,1,-61.951640,-78.498371,0.000000
sensor06438,1,-61.902301,-78.537285,0.000000
sensor06439,1,-61.852937,-78.576168,0.000000
sensor06440,1,-61.803549,-78.615019,0.000000
sensor06441,1,-61.754137,-78.653840,0.000000
sensor06442,1,-61.704700,-78.692630,0.000000
sensor06443,1,-61.655239,-78.731388,0.000000
sensor06444,1,-61.605753,-78.770116,0.000000
sensor06445,1,-61.556244,-78.808812,0.000000
sensor06446,1,-61.506709,-78.847477,0.000000
sensor06447,1,-61.457151,-78.886111,0.000000
sensor06448,1,-61.407568,-78.924714,0.000000
sensor06449,1,-61.357961,-78.963286,0.000000
sensor06450,1,-61.308330,-79.001827,0.000000
sensor06451,1,-61.258675,-79.040336,0.000000
sensor06452,1,-61.208995,-79.078814,0.000000
sensor06453,1,-61.159292,-79.117261,0.000000
sensor06454,1,-61.109564,-79.155677,0.000000
sensor06455,1,-61.059812,-79.194062,0.000000
sensor06456,1,-61.010036,-79.232415,0.000000
sensor06457,1,-60.960235,-79.270737,0.000000
sensor06458,1,-60.910411,-79.309027,0.000000
sensor06459,1,-60.860563,-79.347287,0.000000
sensor06460,1,-60.810690,-79.385515,0.000000
sensor06461,1,-60.760794,-79.423711,0.000000
sensor06462,1,-60.710874,-79.461877,0.000000
sensor06463,1,-60.660929,-79.500010,0.000000
sensor06464,1,-60.610961,-79.538113,0.000000
sensor06465,1,-60.560969,-79.576184,0.000000
sensor06466,1,-60.510953,-79.614224,0.000000
sensor06467,1,-60.460913,-79.652232,0.000000
sensor06468,1,-60.410849,-79.690209,0.000000
sensor06469,1,-60.360761,-79.728154,0.000000
sensor06470,1,-60.310649,-79.766068,0.000000
sensor06471,1,-60.260514,-79.803950,0.000000
sensor06472,1,-60.210355,-79.841801,0.000000
sensor06473,1,-60.160172,-79.879620,0.000000
sensor06474,1,-60.109965,-79.917408,0.000000
sensor06475,1,-60.059734,-79.955164,0.000000
sensor06476,1,-60.009480,-79.992889,0.000000
sensor06477,1,-59.959202,-80.030582,0.000000
sensor06478,1,-59.908901,-80.068243,0.000000
sensor06479,1,-59.858576,-80.105873,0.000000
sensor06480,1,-59.808227,-80.143471,0.000000
sensor06481,1,-59.757854,-80.181038,0.000000
sensor06482,1,-59.707458,-80.218573,0.000000
sensor06483,1,-59.657039,-80.256076,0.000000
sensor06484,1,-59.606595,-80.293548,0.000000
sensor06485,1,-59.556129,-80.330987,0.000000
sensor06486,1,-59.505638,-80.368396,0.000000
sensor06487,1,-59.455125,-80.405772,0.000000
sensor06488,1,-59.404587,-80.443117,0.000000
sensor06489,1,-59.354027,-80.480429,0.000000
sensor06490,1,-59.303443,-80.517710,0.000000
sensor06491,1,-59.252835,-80.554960,0.000000
sensor06492,1,-59.202204,-80.592177,0.000000
sensor06493,1,-59.151550,-80.629363,0.000000
sensor06494,1,-59.100872,-80.666517,0.000000
sensor06495,1,-59.050171,-80.703639,0.000000
sensor06496,1,-58.999447,-80.740729,0.000000
sensor06497,1,-58.948699,-80.777787,0.000000
sensor06498,1,-58.897928,-80.814813,0.000000
sensor06499,1,-58.847134,-80.851808,0.000000
sensor06500,1,-58.796317,-80.888770,0.000000
sensor06501,1,-58.745476,-80.925701,0.000000
sensor06502,1,-58.694612,-80.962599,0.000000
sensor06503,1,-58.643725,-80.999466,0.000000
sensor06504,1,-58.592815,-81.036300,0.000000
sensor06505,1,-58.541882,-81.073103,0.000000
sensor06506,1,-58.490926,-81.109874,0.000000
sensor06507,1,-58.439946,-81.146612,0.000000
sensor06508,1,-58.388944,-81.183319,0.000000
sensor06509,1,-58.337918,-81.219993,0.000000
sensor06510,1,-58.286869,-81.256636,0.000000
sensor06511,1,-58.235798,-81.293246,0.000000
sensor06512,1,-58.184703,-81.329824,0.000000
sensor06513,1,-58.133585,-81.366370,0.000000
sensor06514,1,-58.082445,-81.402884,0.000000
sensor06515,1,-58.031281,-81.439366,0.000000
sensor06516,1,-57.980095,-81.475816,0.000000
sensor06517,1,-57.928886,-81.512234,0.000000
sensor06518,1,-57.877653,-81.548619,0.000000
sensor06519,1,-57.826398,-81.584972,0.000000
sensor06520,1,-57.775120,-81.621293,0.000000
sensor06521,1,-57.723820,-81.657582,0.000000
sensor06522,1,-57.672496,-81.693838,0.000000
sensor06523,1,-57.621150,-81.730062,0.000000
sensor06524,1,-57.569781,-81.766254,0.000000
sensor06525,1,-57.518389,-81.802414,0.000000
sensor06526,1,-57.466975,-81.838541,0.000000
sensor06527,1,-57.415538,-81.874636,0.000000
sensor06528,1,-57.364078,-81.910699,0.000000
sensor06529,1,-57.312595,-81.946729,0.000000
sensor06530,1,-57.261090,-81.982727,0.000000
sensor06531,1,-57.209562,-82.018693,0.000000
sensor06532,1,-57.158012,-82.054626,0.000000
sensor06533,1,-57.106439,-82.090527,0.000000
sensor06534,1,-57.054844,-82.126395,0.000000
sensor06535,1,-57.003226,-82.162231,0.000000
sensor06536,1,-56.951585,-82.198035,0.000000
sensor06537,1,-56.899922,-82.233806,0.000000
sensor06538,1,-56.848237,-82.269545,0.000000
sensor06539,1,-56.796529,-82.305251,0.000000
sensor06540,1,-56.744799,-82.340924,0.000000
sensor06541,1,-56.693046,-82.376565,0.000000
sensor06542,1,-56.641271,-82.412174,0.000000
sensor06543,1,-56.589474,-82.447750,0.000000
sensor06544,1,-56.537654,-82.483293,0.000000
sensor06545,1,-56.485812,-82.518804,0.000000
sensor06546,1,-56.433947,-82.554283,0.000000
sensor06547,1,-56.382061,-82.589728,0.000000
sensor06548,1,-56.330152,-82.625142,0.000000
sensor06549,1,-56.278220,-82.660522,0.000000
sensor06550,1,-56.226267,-82.695870,0.000000
sensor06551,1,-56.174291,-82.731185,0.000000
sensor06552,1,-56.122293,-82.766468,0.000000
sensor06553,1,-56.070273,-82.801718,0.000000
sensor06554,1,-56.018231,-82.836935,0.000000
sensor06555,1,-55.966167,-82.872119,0.000000
sensor06556,1,-55.914081,-82.907271,0.000000
sensor06557,1,-55.861972,-82.942390,0.000000
sensor06558,1,-55.809842,-82.977476,0.000000
sensor06559,1,-55.757689,-83.012530,0.000000
sensor06560,1,-55.705515,-83.047550,0.000000
sensor06561,1,-55.653318,-83.082538,0.000000
sensor06562,1,-55.601100,-83.117493,0.000000
sensor06563,1,-55.548859,-83.152416,0.000000
sensor06564,1,-55.496597,-83.187305,0.000000
sensor06565,1,-55.444313,-83.222162,0.000000
sensor06566,1,-55.392006,-83.256985,0.000000
sensor06567,1,-55.339678,-83.291776,0.000000
sensor06568,1,-55.287328,-83.326534,0.000000
sensor06569,1,-55.234957,-83.361259,0.000000
sensor06570,1,-55.182563,-83.395952,0.000000
sensor06571,1,-55.130148,-83.430611,0.000000
sensor06572,1,-55.077711,-83.465237,0.000000
sensor06573,1,-55.025252,-83.499830,0.000000
sensor06574,1,-54.972771,-83.534391,0.000000
sensor06575,1,-54.920269,-83.568918,0.000000
sensor06576,1,-54.867745,-83.603412,0.000000
sensor06577,1,-54.815199,-83.637874,0.000000
sensor06578,1,-54.762632,-83.672302,0.000000
sensor06579,1,-54.710043,-83.706697,0.000000
sensor06580,1,-54.657432,-83.741060,0.000000
sensor06581,1,-54.604800,-83.775389,0.000000
sensor06582,1,-54.552147,-83.809685,0.000000
sensor06583,1,-54.499471,-83.843948,0.000000
sensor06584,1,-54.446775,-83.878178,0.000000
sensor06585,1,-54.394056,-83.912375,0.000000
sensor06586,1,-54.341317,-83.946538,0.000000
sensor06587,1,-54.288556,-83.980669,0.000000
sensor06588,1,-54.235773,-84.014766,0.000000
sensor06589,1,-54.182969,-84.048830,0.000000
sensor06590,1,-54.130144,-84.082861,0.000000
sensor06591,1,-54.077297,-84.116859,0.000000
sensor06592,1,-54.024429,-84.150824,0.000000
sensor06593,1,-53.971539,-84.184755,0.000000
sensor06594,1,-53.918628,-84.218653,0.000000
sensor06595,1,-53.865696,-84.252518,0.000000
sensor06596,1,-53.812743,-84.286349,0.000000
sensor06597,1,-53.759768,-84.320148,0.000000
sensor06598,1,-53.706773,-84.353913,0.000000
sensor06599,1,-53.653756,-84.387644,0.000000
sensor06600,1,-53.600717,-84.421343,0.000000
sensor06601,1,-53.547658,-84.455008,0.000000
sensor06602,1,-53.494577,-84.488639,0.000000
sensor06603,1,-53.441476,-84.522238,0.000000
sensor06604,1,-53.388353,-84.555803,0.000000
sensor06605,1,-53.335209,-84.589334,0.000000
sensor06606,1,-53.282044,-84.622832,0.000000
sensor06607,1,-53.228858,-84.656297,0.000000
sensor06608,1,-53.175651,-84.689728,0.000000
sensor06609,1,-53.122423,-84.723126,0.000000
sensor06610,1,-53.069175,-84.756491,0.000000
sensor06611,1,-53.015905,-84.789822,0.000000
sensor06612,1,-52.962614,-84.823119,0.000000
sensor06613,1,-52.909302,-84.856383,0.000000
sensor06614,1,-52.855970,-84.889614,0.000000
sensor06615,1,-52.802616,-84.922810,0.000000
sensor06616,1,-52.749242,-84.955974,0.000000
sensor06617,1,-52.695847,-84.989104,0.000000
sensor06618,1,-52.642431,-85.022200,0.000000
sensor06619,1,-52.588994,-85.055263,0.000000
sensor06620,1,-52.535536,-85.088292,0.000000
sensor06621,1,-52.482058,-85.121287,0.000000
sensor06622,1,-52.428559,-85.154249,0.000000
sensor06623,1,-52.375039,-85.187178,0.000000
sensor06624,1,-52.321499,-85.220072,0.000000
sensor06625,1,-52.267938,-85.252933,0.000000
sensor06626,1,-52.214356,-85.285761,0.000000
sensor06627,1,-52.160754,-85.318554,0.000000
sensor06628,1,-52.107131,-85.351314,0.000000
sensor06629,1,-52.053488,-85.384041,0.000000
sensor06630,1,-51.999824,-85.416733,0.000000
sensor06631,1,-51.946139,-85.449392,0.000000
sensor06632,1,-51.892434,-85.482017,0.000000
sensor06633,1,-51.838709,-85.514609,0.000000
sensor06634,1,-51.784962,-85.547166,0.000000
sensor06635,1,-51.731196,-85.579690,0.000000
sensor06636,1,-51.677409,-85.612180,0.000000
sensor06637,1,-51.623602,-85.644636,0.000000
sensor06638,1,-51.569774,-85.677059,0.000000
sensor06639,1,-51.515926,-85.709447,0.000000
sensor06640,1,-51.462058,-85.741802,0.000000
sensor06641,1,-51.408169,-85.774123,0.000000
sensor06642,1,-51.354260,-85.806410,0.000000
sensor06643,1,-51.300331,-85.838663,0.000000
sensor06644,1,-51.246381,-85.870882,0.000000
sensor06645,1,-51.192411,-85.903068,0.000000
sensor06646,1,-51.138421,-85.935219,0.000000
sensor06647,1,-51.084411,-85.967336,0.000000
sensor06648,1,-51.030381,-85.999420,0.000000
sensor06649,1,-50.976330,-86.031469,0.000000
sensor06650,1,-50.922260,-86.063485,0.000000
sensor06651,1,-50.868169,-86.095467,0.000000
sensor06652,1,-50.814058,-86.127414,0.000000
sensor06653,1,-50.759927,-86.159328,0.000000
sensor06654,1,-50.705776,-86.191207,0.000000
sensor06655,1,-50.651605,-86.223053,0.000000
sensor06656,1,-50.597414,-86.254865,0.000000
sensor06657,1,-50.543203,-86.286642,0.000000
sensor06658,1,-50.488973,-86.318385,0.000000
sensor06659,1,-50.434722,-86.350095,0.000000
sensor06660,1,-50.380451,-86.381770,0.000000
sensor06661,1,-50.326160,-86.413411,0.000000
sensor06662,1,-50.271850,-86.445018,0.000000
sensor06663,1,-50.217520,-86.476591,0.000000
sensor06664,1,-50.163169,-86.508129,0.000000
sensor06665,1,-50.108799,-86.539634,0.000000
sensor06666,1,-50.054410,-86.571104,0.000000
sensor06667,1,-50.000000,-86.602540,0.000000
sensor06668,1,-49.945571,-86.633942,0.000000
sensor06669,1,-49.891122,-86.665310,0.000000
sensor06670,1,-49.836653,-86.696644,0.000000
sensor06671,1,-49.782165,-86.727943,0.000000
sensor06672,1,-49.727657,-86.759208,0.000000
sensor06673,1,-49.673129,-86.790439,0.000000
sensor06674,1,-49.618582,-86.821635,0.000000
sensor06675,1,-49.564015,-86.852798,0.000000
sensor06676,1,-49.509428,-86.883926,0.000000
sensor06677,1,-49.454822,-86.915019,0.000000
sensor06678,1,-49.400197,-86.946079,0.000000
sensor06679,1,-49.345552,-86.977104,0.000000
sensor06680,1,-49.290887,-87.008094,0.000000
sensor06681,1,-49.236203,-87.039050,0.000000
sensor06682,1,-49.181500,-87.069972,0.000000
sensor06683,1,-49.126777,-87.100860,0.000000
sensor06684,1,-49.072035,-87.131713,0.000000
sensor06685,1,-49.017273,-87.162532,0.000000
sensor06686,1,-48.962492,-87.193316,0.000000
sensor06687,1,-48.907692,-87.224066,0.000000
sensor06688,1,-48.852872,-87.254782,0.000000
sensor06689,1,-48.798033,-87.285463,0.000000
sensor06690,1,-48.743175,-87.316109,0.000000
sensor06691,1,-48.688297,-87.346721,0.000000
sensor06692,1,-48.633401,-87.377299,0.000000
sensor06693,1,-48.578485,-87.407842,0.000000
sensor06694,1,-48.523550,-87.438350,0.000000
sensor06695,1,-48.468596,-87.468824,0.000000
sensor06696,1,-48.413622,-87.499264,0.000000
sensor06697,1,-48.358630,-87.529669,0.000000
sensor06698,1,-48.303618,-87.560039,0.000000
sensor06699,1,-48.248588,-87.590375,0.000000
sensor06700,1,-48.193538,-87.620676,0.000000
sensor06701,1,-48.138469,-87.650943,0.000000
sensor06702,1,-48.083382,-87.681175,0.000000
sensor06703,1,-48.028275,-87.711372,0.000000
sensor06704,1,-47.973149,-87.741535,0.000000
sensor06705,1,-47.918005,-87.771663,0.000000
sensor06706,1,-47.862841,-87.801757,0.000000
sensor06707,1,-47.807659,-87.831815,0.000000
sensor06708,1,-47.752457,-87.861839,0.000000
sensor06709,1,-47.697237,-87.891829,0.000000
sensor06710,1,-47.641998,-87.921784,0.000000
sensor06711,1,-47.586740,-87.951703,0.000000
sensor06712,1,-47.531464,-87.981589,0.000000
sensor06713,1,-47.476168,-88.011439,0.000000
sensor06714,1,-47.420854,-88.041255,0.000000
sensor06715,1,-47.365521,-88.071036,0.000000
sensor06716,1,-47.310170,-88.100782,0.000000
sensor06717,1,-47.254800,-88.130494,0.000000
sensor06718,1,-47.199411,-88.160170,0.000000
sensor06719,1,-47.144003,-88.189812,0.000000
sensor06720,1,-47.088577,-88.219419,0.000000
sensor06721,1,-47.033132,-88.248991,0.000000
sensor06722,1,-46.977669,-88.278529,0.000000
sensor06723,1,-46.922187,-88.308031,0.000000
sensor06724,1,-46.866687,-88.337499,0.000000
sensor06725,1,-46.811168,-88.366931,0.000000
sensor06726,1,-46.755631,-88.396329,0.000000
sensor06727,1,-46.700075,-88.425692,0.000000
sensor06728,1,-46.644500,-88.455020,0.000000
sensor06729,1,-46.588908,-88.484313,0.000000
sensor06730,1,-46.533297,-88.513571,0.000000
sensor06731,1,-46.477667,-88.542794,0.000000
sensor06732,1,-46.422019,-88.571983,0.000000
sensor06733,1,-46.366353,-88.601136,0.000000
sensor06734,1,-46.310669,-88.630254,0.000000
sensor06735,1,-46.254966,-88.659337,0.000000
sensor06736,1,-46.199245,-88.688386,0.000000
sensor06737,1,-46.143506,-88.717399,0.000000
sensor06738,1,-46.087748,-88.746377,0.000000
sensor06739,1,-46.031973,-88.775320,0.000000
sensor06740,1,-45.976179,-88.804228,0.000000
sensor06741,1,-45.920367,-88.833101,0.000000
sensor06742,1,-45.864537,-88.861939,0.000000
sensor06743,1,-45.808688,-88.890742,0.000000
sensor06744,1,-45.752822,-88.919510,0.000000
sensor06745,1,-45.696938,-88.948243,0.000000
sensor06746,1,-45.641035,-88.976940,0.000000
sensor06747,1,-45.585115,-89.005603,0.000000
sensor06748,1,-45.529176,-89.034230,0.000000
sensor06749,1,-45.473220,-89.062822,0.000000
sensor06750,1,-45.417246,-89.091379,0.000000
sensor06751,1,-45.361253,-89.119901,0.000000
sensor06752,1,-45.305243,-89.148387,0.000000
sensor06753,1,-45.249215,-89.176839,0.000000
sensor06754,1,-45.193169,-89.205255,0.000000
sensor06755,1,-45.137105,-89.233636,0.000000
sensor06756,1,-45.081023,-89.261981,0.000000
sensor06757,1,-45.024924,-89.290292,0.000000
sensor06758,1,-44.968807,-89.318567,0.000000
sensor06759,1,-44.912672,-89.346807,0.000000
sensor06760,1,-44.856519,-89.375012,0.000000
sensor06761,1,-44.800348,-89.403181,0.000000
sensor06762,1,-44.744160,-89.431315,0.000000
sensor06763,1,-44.687955,-89.459414,0.000000
sensor06764,1,-44.631731,-89.487477,0.000000
sensor06765,1,-44.575490,-89.515505,0.000000
sensor06766,1,-44.519231,-89.543498,0.000000
sensor06767,1,-44.462955,-89.571455,0.000000
sensor06768,1,-44.406661,-89.599377,0.000000
sensor06769,1,-44.350350,-89.627264,0.000000
sensor06770,1,-44.294021,-89.655115,0.000000
sensor06771,1,-44.237675,-89.682931,0.000000
sensor06772,1,-44.181311,-89.710712,0.000000
sensor06773,1,-44.124930,-89.738457,0.000000
sensor06774,1,-44.068531,-89.766166,0.000000
sensor06775,1,-44.012115,-89.793840,0.000000
sensor06776,1,-43.955681,-89.821479,0.000000
sensor06777,1,-43.899231,-89.849082,0.000000
sensor06778,1,-43.842762,-89.876650,0.000000
sensor06779,1,-43.786277,-89.904182,0.000000
sensor06780,1,-43.729774,-89.931679,0.000000
sensor06781,1,-43.673254,-89.959140,0.000000
sensor06782,1,-43.616717,-89.986566,0.000000
sensor06783,1,-43.560162,-90.013956,0.000000
sensor06784,1,-43.503591,-90.041310,0.000000
sensor06785,1,-43.447002,-90.068630,0.000000
sensor06786,1,-43.390396,-90.095913,0.000000
sensor06787,1,-43.333773,-90.123161,0.000000
sensor06788,1,-43.277132,-90.150373,0.000000
sensor06789,1,-43.220475,-90.177550,0.000000
sensor06790,1,-43.163801,-90.204691,0.000000
sensor06791,1,-43.107109,-90.231797,0.000000
sensor06792,1,-43.050401,-90.258867,0.000000
sensor06793,1,-42.993675,-90.285901,0.000000
sensor06794,1,-42.936933,-90.312899,0.000000
sensor06795,1,-42.880173,-90.339862,0.000000
sensor06796,1,-42.823397,-90.366790,0.000000
sensor06797,1,-42.766604,-90.393681,0.000000
sensor06798,1,-42.709794,-90.420537,0.000000
sensor06799,1,-42.652967,-90.447357,0.000000
sensor06800,1,-42.596123,-90.474142,0.000000
sensor06801,1,-42.539262,-90.500891,0.000000
sensor06802,1,-42.482385,-90.527604,0.000000
sensor06803,1,-42.425490,-90.554281,0.000000
sensor06804,1,-42.368579,-90.580922,0.000000
sensor06805,1,-42.311652,-90.607528,0.000000
sensor06806,1,-42.254707,-90.634098,0.000000
sensor06807,1,-42.197746,-90.660632,0.000000
sensor06808,1,-42.140768,-90.687131,0.000000
sensor06809,1,-42.083774,-90.713593,0.000000
sensor06810,1,-42.026763,-90.740020,0.000000
sensor06811,1,-41.969735,-90.766411,0.000000
sensor06812,1,-41.912691,-90.792766,0.000000
sensor06813,1,-41.855630,-90.819085,0.000000
sensor06814,1,-41.798553,-90.845368,0.000000
sensor06815,1,-41.741459,-90.871616,0.000000
sensor06816,1,-41.684349,-90.897828,0.000000
sensor06817,1,-41.627222,-90.924003,0.000000
sensor06818,1,-41.570079,-90.950143,0.000000
sensor06819,1,-41.512919,-90.976247,0.000000
sensor06820,1,-41.455743,-91.002315,0.000000
sensor06821,1,-41.398551,-91.028347,0.000000
sensor06822,1,-41.341342,-91.054343,0.000000
sensor06823,1,-41.284117,-91.080303,0.000000
sensor06824,1,-41.226876,-91.106227,0.000000
sensor06825,1,-41.169619,-91.132116,0.000000
sensor06826,1,-41.112345,-91.157968,0.000000
sensor06827,1,-41.055055,-91.183784,0.000000
sensor06828,1,-40.997748,-91.209564,0.000000
sensor06829,1,-40.940426,-91.235309,0.000000
sensor06830,1,-40.883087,-91.261017,0.000000
sensor06831,1,-40.825732,-91.286689,0.000000
sensor06832,1,-40.768361,-91.312325,0.000000
sensor06833,1,-40.710974,-91.337925,0.000000
sensor06834,1,-40.653571,-91.363489,0.000000
sensor06835,1,-40.596152,-91.389017,0.000000
sensor06836,1,-40.538717,-91.414509,0.000000
sensor06837,1,-40.481266,-91.439965,0.000000
sensor06838,1,-40.423799,-91.465384,0.000000
sensor06839,1,-40.366316,-91.490768,0.000000
sensor06840,1,-40.308817,-91.516115,0.000000
sensor06841,1,-40.251302,-91.541426,0.000000
sensor06842,1,-40.193771,-91.566701,0.000000
sensor06843,1,-40.136224,-91.591940,0.000000
sensor06844,1,-40.078661,-91.617143,0.000000
sensor06845,1,-40.021083,-91.642310,0.000000
sensor06846,1,-39.963489,-91.667440,0.000000
sensor06847,1,-39.905879,-91.692534,0.000000
sensor06848,1,-39.848253,-91.717592,0.000000
sensor06849,1,-39.790612,-91.742614,0.000000
sensor06850,1,-39.732954,-91.767600,0.000000
sensor06851,1,-39.675281,-91.792549,0.000000
sensor06852,1,-39.617593,-91.817462,0.000000
sensor06853,1,-39.559889,-91.842339,0.000000
sensor06854,1,-39.502169,-91.867179,0.000000
sensor06855,1,-39.444433,-91.891984,0.000000
sensor06856,1,-39.386682,-91.916752,0.000000
sensor06857,1,-39.328916,-91.941483,0.000000
sensor06858,1,-39.271134,-91.966179,0.000000
sensor06859,1,-39.213336,-91.990838,0.000000
sensor06860,1,-39.155523,-92.015461,0.000000
sensor06861,1,-39.097695,-92.040047,0.000000
sensor06862,1,-39.039851,-92.064597,0.000000
sensor06863,1,-38.981991,-92.089111,0.000000
sensor06864,1,-38.924117,-92.113588,0.000000
sensor06865,1,-38.866226,-92.138029,0.000000
sensor06866,1,-38.808321,-92.162434,0.000000
sensor06867,1,-38.750400,-92.186802,0.000000
sensor06868,1,-38.692464,-92.211134,0.000000
sensor06869,1,-38.634513,-92.235429,0.000000
sensor06870,1,-38.576546,-92.259688,0.000000
sensor06871,1,-38.518564,-92.283911,0.000000
sensor06872,1,-38.460567,-92.308097,0.000000
sensor06873,1,-38.402555,-92.332247,0.000000
sensor06874,1,-38.344527,-92.356360,0.000000
sensor06875,1,-38.286485,-92.380437,0.000000
sensor06876,1,-38.228427,-92.404477,0.000000
sensor06877,1,-38.170354,-92.428481,0.000000
sensor06878,1,-38.112266,-92.452448,0.000000
sensor06879,1,-38.054163,-92.476379,0.000000
sensor06880,1,-37.996045,-92.500273,0.000000
sensor06881,1,-37.937912,-92.524131,0.000000
sensor06882,1,-37.879765,-92.547952,0.000000
sensor06883,1,-37.821602,-92.571737,0.000000
sensor06884,1,-37.763424,-92.595485,0.000000
sensor06885,1,-37.705231,-92.619196,0.000000
sensor06886,1,-37.647024,-92.642871,0.000000
sensor06887,1,-37.588801,-92.666510,0.000000
sensor06888,1,-37.530564,-92.690112,0.000000
sensor06889,1,-37.472312,-92.713677,0.000000
sensor06890,1,-37.414045,-92.737205,0.000000
sensor06891,1,-37.355763,-92.760697,0.000000
sensor06892,1,-37.297466,-92.784153,0.000000
sensor06893,1,-37.239155,-92.807571,0.000000
sensor06894,1,-37.180829,-92.830954,0.000000
sensor06895,1,-37.122489,-92.854299,0.000000
sensor06896,1,-37.064134,-92.877608,0.000000
sensor06897,1,-37.005764,-92.900880,0.000000
sensor06898,1,-36.947379,-92.924115,0.000000
sensor06899,1,-36.888980,-92.947314,0.000000
sensor06900,1,-36.830566,-92.970476,0.000000
sensor06901,1,-36.772138,-92.993601,0.000000
sensor06902,1,-36.713696,-93.016690,0.000000
sensor06903,1,-36.655238,-93.039742,0.000000
sensor06904,1,-36.596767,-93.062757,0.000000
sensor06905,1,-36.538281,-93.085735,0.000000
sensor06906,1,-36.479780,-93.108677,0.000000
sensor06907,1,-36.421265,-93.131581,0.000000
sensor06908,1,-36.362736,-93.154449,0.000000
sensor06909,1,-36.304192,-93.177281,0.000000
sensor06910,1,-36.245634,-93.200075,0.000000
sensor06911,1,-36.187062,-93.222833,0.000000
sensor06912,1,-36.128475,-93.245554,0.000000
sensor06913,1,-36.069874,-93.268238,0.000000
sensor06914,1,-36.011259,-93.290885,0.000000
sensor06915,1,-35.952630,-93.313495,0.000000
sensor06916,1,-35.893986,-93.336069,0.000000
sensor06917,1,-35.835328,-93.358606,0.000000
sensor06918,1,-35.776656,-93.381105,0.000000
sensor06919,1,-35.717970,-93.403568,0.000000
sensor06920,1,-35.659270,-93.425994,0.000000
sensor06921,1,-35.600556,-93.448384,0.000000
sensor06922,1,-35.541828,-93.470736,0.000000
sensor06923,1,-35.483086,-93.493051,0.000000
sensor06924,1,-35.424329,-93.515330,0.000000
sensor06925,1,-35.365559,-93.537571,0.000000
sensor06926,1,-35.306775,-93.559776,0.000000
sensor06927,1,-35.247977,-93.581943,0.000000
sensor06928,1,-35.189165,-93.604074,0.000000
sensor06929,1,-35.130339,-93.626168,0.000000
sensor06930,1,-35.071499,-93.648225,0.000000
sensor06931,1,-35.012645,-93.670244,0.000000
sensor06932,1,-34.953777,-93.692227,0.000000
sensor06933,1,-34.894896,-93.714173,0.000000
sensor06934,1,-34.836001,-93.736082,0.000000
sensor06935,1,-34.777092,-93.757954,0.000000
sensor06936,1,-34.718169,-93.779788,0.000000
sensor06937,1,-34.659233,-93.801586,0.000000
sensor06938,1,-34.600283,-93.823347,0.000000
sensor06939,1,-34.541319,-93.845070,0.000000
sensor06940,1,-34.482342,-93.866757,0.000000
sensor06941,1,-34.423351,-93.888407,0.000000
sensor06942,1,-34.364347,-93.910019,0.000000
sensor06943,1,-34.305329,-93.931594,0.000000
sensor06944,1,-34.246297,-93.953133,0.000000
sensor06945,1,-34.187252,-93.974634,0.000000
sensor06946,1,-34.128193,-93.996098,0.000000
sensor06947,1,-34.069121,-94.017525,0.000000
sensor06948,1,-34.010035,-94.038915,0.000000
sensor06949,1,-33.950936,-94.060267,0.000000
sensor06950,1,-33.891824,-94.081583,0.000000
sensor06951,1,-33.832698,-94.102861,0.000000
sensor06952,1,-33.773559,-94.124103,0.000000
sensor06953,1,-33.714407,-94.145307,0.000000
sensor06954,1,-33.655241,-94.166474,0.000000
sensor06955,1,-33.596062,-94.187603,0.000000
sensor06956,1,-33.536869,-94.208696,0.000000
sensor06957,1,-33.477664,-94.229751,0.000000
sensor06958,1,-33.418445,-94.250769,0.000000
sensor06959,1,-33.359213,-94.271750,0.000000
sensor06960,1,-33.299968,-94.292694,0.000000
sensor06961,1,-33.240709,-94.313601,0.000000
sensor06962,1,-33.181438,-94.334470,0.000000
sensor06963,1,-33.122153,-94.355302,0.000000
sensor06964,1,-33.062856,-94.376096,0.000000
sensor06965,1,-33.003545,-94.396854,0.000000
sensor06966,1,-32.944221,-94.417574,0.000000
sensor06967,1,-32.884884,-94.438257,0.000000
sensor06968,1,-32.825535,-94.458903,0.000000
sensor06969,1,-32.766172,-94.479511,0.000000
sensor06970,1,-32.706796,-94.500082,0.000000
sensor06971,1,-32.647408,-94.520616,0.000000
sensor06972,1,-32.588006,-94.541112,0.000000
sensor06973,1,-32.528592,-94.561571,0.000000
sensor06974,1,-32.469165,-94.581993,0.000000
sensor06975,1,-32.409725,-94.602377,0.000000
sensor06976,1,-32.350272,-94.622724,0.000000
sensor06977,1,-32.290807,-94.643034,0.000000
sensor06978,1,-32.231328,-94.663306,0.000000
sensor06979,1,-32.171837,-94.683541,0.000000
sensor06980,1,-32.112334,-94.703738,0.000000
sensor06981,1,-32.052817,-94.723898,0.000000
sensor06982,1,-31.993288,-94.744021,0.000000
sensor06983,1,-31.933746,-94.764106,0.000000
sensor06984,1,-31.874192,-94.784154,0.000000
sensor06985,1,-31.814625,-94.804165,0.000000
sensor06986,1,-31.755046,-94.824138,0.000000
sensor06987,1,-31.695454,-94.844073,0.000000
sensor06988,1,-31.635849,-94.863971,0.000000
sensor06989,1,-31.576232,-94.883832,0.000000
sensor06990,1,-31.516603,-94.903655,0.000000
sensor06991,1,-31.456961,-94.923441,0.000000
sensor06992,1,-31.397307,-94.943189,0.000000
sensor06993,1,-31.337640,-94.962900,0.000000
sensor06994,1,-31.277961,-94.982573,0.000000
sensor06995,1,-31.218269,-95.002209,0.000000
sensor06996,1,-31.158566,-95.021807,0.000000
sensor06997,1,-31.098850,-95.041368,0.000000
sensor06998,1,-31.039121,-95.060891,0.000000
sensor06999,1,-30.979381,-95.080376,0.000000
sensor07000,1,-30.919628,-95.099825,0.000000
sensor07001,1,-30.859863,-95.119235,0.000000
sensor07002,1,-30.800085,-95.138608,0.000000
sensor07003,1,-30.740296,-95.157943,0.000000
sensor07004,1,-30.680494,-95.177241,0.000000
sensor07005,1,-30.620681,-95.196502,0.000000
sensor07006,1,-30.560855,-95.215724,0.000000
sensor07007,1,-30.501017,-95.234909,0.000000
sensor07008,1,-30.441167,-95.254057,0.000000
sensor07009,1,-30.381305,-95.273167,0.000000
sensor07010,1,-30.321432,-95.292239,0.000000
sensor07011,1,-30.261546,-95.311273,0.000000
sensor07012,1,-30.201648,-95.330270,0.000000
sensor07013,1,-30.141738,-95.349230,0.000000
sensor07014,1,-30.081817,-95.368151,0.000000
sensor07015,1,-30.021883,-95.387035,0.000000
sensor07016,1,-29.961938,-95.405882,0.000000
sensor07017,1,-29.901981,-95.424691,0.000000
sensor07018,1,-29.842012,-95.443462,0.000000
sensor07019,1,-29.782031,-95.462195,0.000000
sensor07020,1,-29.722038,-95.480890,0.000000
sensor07021,1,-29.662034,-95.499548,0.000000
sensor07022,1,-29.602018,-95.518169,0.000000
sensor07023,1,-29.541990,-95.536751,0.000000
sensor07024,1,-29.481951,-95.555296,0.000000
sensor07025,1,-29.421900,-95.573803,0.000000
sensor07026,1,-29.361837,-95.592272,0.000000
sensor07027,1,-29.301763,-95.610704,0.000000
sensor07028,1,-29.241677,-95.629098,0.000000
sensor07029,1,-29.181580,-95.647454,0.000000
sensor07030,1,-29.121471,-95.665772,0.000000
sensor07031,1,-29.061351,-95.684052,0.000000
sensor07032,1,-29.001219,-95.702295,0.000000
sensor07033,1,-28.941076,-95.720500,0.000000
sensor07034,1,-28.880921,-95.738667,0.000000
sensor07035,1,-28.820755,-95.756797,0.000000
sensor07036,1,-28.760578,-95.774888,0.000000
sensor07037,1,-28.700389,-95.792942,0.000000
sensor07038,1,-28.640189,-95.810958,0.000000
sensor07039,1,-28.579977,-95.828936,0.000000
sensor07040,1,-28.519754,-95.846876,0.000000
sensor07041,1,-28.459520,-95.864778,0.000000
sensor07042,1,-28.399275,-95.882643,0.000000
sensor07043,1,-28.339019,-95.900469,0.000000
sensor07044,1,-28.278751,-95.918258,0.000000
sensor07045,1,-28.218472,-95.936009,0.000000
sensor07046,1,-28.158182,-95.953722,0.000000
sensor07047,1,-28.097881,-95.971397,0.000000
sensor07048,1,-28.037569,-95.989034,0.000000
sensor07049,1,-27.977246,-96.006634,0.000000
sensor07050,1,-27.916911,-96.024195,0.000000
sensor07051,1,-27.856566,-96.041719,0.000000
sensor07052,1,-27.796210,-96.059204,0.000000
sensor07053,1,-27.735842,-96.076652,0.000000
sensor07054,1,-27.675464,-96.094062,0.000000
sensor07055,1,-27.615075,-96.111433,0.000000
sensor07056,1,-27.554675,-96.128767,0.000000
sensor07057,1,-27.494264,-96.146063,0.000000
sensor07058,1,-27.433842,-96.163321,0.000000
sensor07059,1,-27.373409,-96.180541,0.000000
sensor07060,1,-27.312966,-96.197723,0.000000
sensor07061,1,-27.252512,-96.214867,0.000000
sensor07062,1,-27.192047,-96.231973,0.000000
sensor07063,1,-27.131571,-96.249041,0.000000
sensor07064,1,-27.071085,-96.266071,0.000000
sensor07065,1,-27.010587,-96.283063,0.000000
sensor07066,1,-26.950080,-96.300017,0.000000
sensor07067,1,-26.889561,-96.316933,0.000000
sensor07068,1,-26.829032,-96.333810,0.000000
sensor07069,1,-26.768492,-96.350650,0.000000
sensor07070,1,-26.707942,-96.367452,0.000000
sensor07071,1,-26.647381,-96.384216,0.000000
sensor07072,1,-26.586810,-96.400942,0.000000
sensor07073,1,-26.526228,-96.417629,0.000000
sensor07074,1,-26.465636,-96.434279,0.000000
sensor07075,1,-26.405033,-96.450890,0.000000
sensor07076,1,-26.344420,-96.467464,0.000000
sensor07077,1,-26.283797,-96.483999,0.000000
sensor07078,1,-26.223163,-96.500496,0.000000
sensor07079,1,-26.162518,-96.516955,0.000000
sensor07080,1,-26.101864,-96.533376,0.000000
sensor07081,1,-26.041199,-96.549759,0.000000
sensor07082,1,-25.980524,-96.566104,0.000000
sensor07083,1,-25.919838,-96.582410,0.000000
sensor07084,1,-25.859142,-96.598679,0.000000
sensor07085,1,-25.798437,-96.614909,0.000000
sensor07086,1,-25.737720,-96.631101,0.000000
sensor07087,1,-25.676994,-96.647255,0.000000
sensor07088,1,-25.616258,-96.663371,0.000000
sensor07089,1,-25.555511,-96.679449,0.000000
sensor07090,1,-25.494755,-96.695488,0.000000
sensor07091,1,-25.433988,-96.711490,0.000000
sensor07092,1,-25.373211,-96.727453,0.000000
sensor07093,1,-25.312425,-96.743378,0.000000
sensor07094,1,-25.251628,-96.759265,0.000000
sensor07095,1,-25.190821,-96.775113,0.000000
sensor07096,1,-25.130004,-96.790924,0.000000
sensor07097,1,-25.069178,-96.806696,0.000000
sensor07098,1,-25.008341,-96.822430,0.000000
sensor07099,1,-24.947495,-96.838125,0.000000
sensor07100,1,-24.886639,-96.853783,0.000000
sensor07101,1,-24.825773,-96.869402,0.000000
sensor07102,1,-24.764897,-96.884983,0.000000
sensor07103,1,-24.704011,-96.900525,0.000000
sensor07104,1,-24.643116,-96.916030,0.000000
sensor07105,1,-24.582211,-96.931496,0.000000
sensor07106,1,-24.521296,-96.946924,0.000000
sensor07107,1,-24.460372,-96.962313,0.000000
sensor07108,1,-24.399438,-96.977665,0.000000
sensor07109,1,-24.338494,-96.992978,0.000000
sensor07110,1,-24.277540,-97.008252,0.000000
sensor07111,1,-24.216577,-97.023489,0.000000
sensor07112,1,-24.155605,-97.038687,0.000000
sensor07113,1,-24.094623,-97.053847,0.000000
sensor07114,1,-24.033631,-97.068968,0.000000
sensor07115,1,-23.972630,-97.084051,0.000000
sensor07116,1,-23.911620,-97.099096,0.000000
sensor07117,1,-23.850600,-97.114102,0.000000
sensor07118,1,-23.789570,-97.129071,0.000000
sensor07119,1,-23.728531,-97.144000,0.000000
sensor07120,1,-23.667483,-97.158892,0.000000
sensor07121,1,-23.606426,-97.173745,0.000000
sensor07122,1,-23.545359,-97.188559,0.000000
sensor07123,1,-23.484283,-97.203336,0.000000
sensor07124,1,-23.423197,-97.218074,0.000000
sensor07125,1,-23.362103,-97.232773,0.000000
sensor07126,1,-23.300999,-97.247434,0.000000
sensor07127,1,-23.239886,-97.262057,0.000000
sensor07128,1,-23.178764,-97.276641,0.000000
sensor07129,1,-23.117632,-97.291187,0.000000
sensor07130,1,-23.056492,-97.305695,0.000000
sensor07131,1,-22.995342,-97.320164,0.000000
sensor07132,1,-22.934183,-97.334594,0.000000
sensor07133,1,-22.873016,-97.348986,0.000000
sensor07134,1,-22.811839,-97.363340,0.000000
sensor07135,1,-22.750653,-97.377655,0.000000
sensor07136,1,-22.689458,-97.391932,0.000000
sensor07137,1,-22.628254,-97.406171,0.000000
sensor07138,1,-22.567042,-97.420371,0.000000
sensor07139,1,-22.505820,-97.434532,0.000000
sensor07140,1,-22.444590,-97.448655,0.000000
sensor07141,1,-22.383350,-97.462740,0.000000
sensor07142,1,-22.322102,-97.476786,0.000000
sensor07143,1,-22.260845,-97.490793,0.000000
sensor07144,1,-22.199579,-97.504762,0.000000
sensor07145,1,-22.138305,-97.518693,0.000000
sensor07146,1,-22.077021,-97.532585,0.000000
sensor07147,1,-22.015729,-97.546438,0.000000
sensor07148,1,-21.954429,-97.560253,0.000000
sensor07149,1,-21.893119,-97.574030,0.000000
sensor07150,1,-21.831801,-97.587768,0.000000
sensor07151,1,-21.770475,-97.601467,0.000000
sensor07152,1,-21.709139,-97.615128,0.000000
sensor07153,1,-21.647796,-97.628751,0.000000
sensor07154,1,-21.586443,-97.642334,0.000000
sensor07155,1,-21.525082,-97.655880,0.000000
sensor07156,1,-21.463713,-97.669386,0.000000
sensor07157,1,-21.402335,-97.682854,0.000000
sensor07158,1,-21.340949,-97.696284,0.000000
sensor07159,1,-21.279554,-97.709675,0.000000
sensor07160,1,-21.218151,-97.723027,0.000000
sensor07161,1,-21.156739,-97.736341,0.000000
sensor07162,1,-21.095320,-97.749616,0.000000
sensor07163,1,-21.033891,-97.762853,0.000000
sensor07164,1,-20.972455,-97.776051,0.000000
sensor07165,1,-20.911010,-97.789210,0.000000
sensor07166,1,-20.849557,-97.802331,0.000000
sensor07167,1,-20.788096,-97.815413,0.000000
sensor07168,1,-20.726626,-97.828457,0.000000
sensor07169,1,-20.665149,-97.841462,0.000000
sensor07170,1,-20.603663,-97.854428,0.000000
sensor07171,1,-20.542169,-97.867356,0.000000
sensor07172,1,-20.480667,-97.880245,0.000000
sensor07173,1,-20.419157,-97.893095,0.000000
sensor07174,1,-20.357638,-97.905907,0.000000
sensor07175,1,-20.296112,-97.918680,0.000000
sensor07176,1,-20.234578,-97.931414,0.000000
sensor07177,1,-20.173036,-97.944110,0.000000
sensor07178,1,-20.111485,-97.956767,0.000000
sensor07179,1,-20.049927,-97.969385,0.000000
sensor07180,1,-19.988361,-97.981965,0.000000
sensor07181,1,-19.926787,-97.994506,0.000000
sensor07182,1,-19.865205,-98.007008,0.000000
sensor07183,1,-19.803616,-98.019472,0.000000
sensor07184,1,-19.742018,-98.031896,0.000000
sensor07185,1,-19.680413,-98.044283,0.000000
sensor07186,1,-19.618800,-98.056630,0.000000
sensor07187,1,-19.557179,-98.068939,0.000000
sensor07188,1,-19.495550,-98.081209,0.000000
sensor07189,1,-19.433914,-98.093440,0.000000
sensor07190,1,-19.372270,-98.105633,0.000000
sensor07191,1,-19.310619,-98.117786,0.000000
sensor07192,1,-19.248959,-98.129901,0.000000
sensor07193,1,-19.187293,-98.141978,0.000000
sensor07194,1,-19.125618,-98.154015,0.000000
sensor07195,1,-19.063936,-98.166014,0.000000
sensor07196,1,-19.002247,-98.177974,0.000000
sensor07197,1,-18.940550,-98.189895,0.000000
sensor07198,1,-18.878845,-98.201778,0.000000
sensor07199,1,-18.817134,-98.213622,0.000000
sensor07200,1,-18.755414,-98.225427,0.000000
sensor07201,1,-18.693687,-98.237193,0.000000
sensor07202,1,-18.631953,-98.248920,0.000000
sensor07203,1,-18.570212,-98.260609,0.000000
sensor07204,1,-18.508463,-98.272259,0.000000
sensor07205,1,-18.446707,-98.283869,0.000000
sensor07206,1,-18.384944,-98.295442,0.000000
sensor07207,1,-18.323173,-98.306975,0.000000
sensor07208,1,-18.261395,-98.318470,0.000000
sensor07209,1,-18.199610,-98.329925,0.000000
sensor07210,1,-18.137818,-98.341342,0.000000
sensor07211,1,-18.076018,-98.352720,0.000000
sensor07212,1,-18.014212,-98.364059,0.000000
sensor07213,1,-17.952398,-98.375360,0.000000
sensor07214,1,-17.890577,-98.386621,0.000000
sensor07215,1,-17.828749,-98.397844,0.000000
sensor07216,1,-17.766914,-98.409028,0.000000
sensor07217,1,-17.705073,-98.420173,0.000000
sensor07218,1,-17.643224,-98.431279,0.000000
sensor07219,1,-17.581368,-98.442346,0.000000
sensor07220,1,-17.519505,-98.453374,0.000000
sensor07221,1,-17.457635,-98.464364,0.000000
sensor07222,1,-17.395759,-98.475315,0.000000
sensor07223,1,-17.333875,-98.486226,0.000000
sensor07224,1,-17.271985,-98.497099,0.000000
sensor07225,1,-17.210088,-98.507933,0.000000
sensor07226,1,-17.148184,-98.518728,0.000000
sensor07227,1,-17.086273,-98.529484,0.000000
sensor07228,1,-17.024356,-98.540202,0.000000
sensor07229,1,-16.962431,-98.550880,0.000000
sensor07230,1,-16.900501,-98.561519,0.000000
sensor07231,1,-16.838563,-98.572120,0.000000
sensor07232,1,-16.776619,-98.582681,0.000000
sensor07233,1,-16.714668,-98.593204,0.000000
sensor07234,1,-16.652710,-98.603688,0.000000
sensor07235,1,-16.590746,-98.614133,0.000000
sensor07236,1,-16.528776,-98.624538,0.000000
sensor07237,1,-16.466799,-98.634905,0.000000
sensor07238,1,-16.404815,-98.645233,0.000000
sensor07239,1,-16.342825,-98.655522,0.000000
sensor07240,1,-16.280829,-98.665772,0.000000
sensor07241,1,-16.218826,-98.675983,0.000000
sensor07242,1,-16.156816,-98.686155,0.000000
sensor07243,1,-16.094801,-98.696289,0.000000
sensor07244,1,-16.032779,-98.706383,0.000000
sensor07245,1,-15.970750,-98.716438,0.000000
sensor07246,1,-15.908715,-98.726454,0.000000
sensor07247,1,-15.846674,-98.736432,0.000000
sensor07248,1,-15.784627,-98.746370,0.000000
sensor07249,1,-15.722574,-98.756269,0.000000
sensor07250,1,-15.660514,-98.766129,0.000000
sensor07251,1,-15.598448,-98.775951,0.000000
sensor07252,1,-15.536376,-98.785733,0.000000
sensor07253,1,-15.474298,-98.795476,0.000000
sensor07254,1,-15.412214,-98.805180,0.000000
sensor07255,1,-15.350123,-98.814846,0.000000
sensor07256,1,-15.288027,-98.824472,0.000000
sensor07257,1,-15.225924,-98.834059,0.000000
sensor07258,1,-15.163816,-98.843607,0.000000
sensor07259,1,-15.101701,-98.853116,0.000000
sensor07260,1,-15.039581,-98.862586,0.000000
sensor07261,1,-14.977455,-98.872018,0.000000
sensor07262,1,-14.915322,-98.881410,0.000000
sensor07263,1,-14.853184,-98.890763,0.000000
sensor07264,1,-14.791040,-98.900077,0.000000
sensor07265,1,-14.728890,-98.909351,0.000000
sensor07266,1,-14.666734,-98.918587,0.000000
sensor07267,1,-14.604573,-98.927784,0.000000
sensor07268,1,-14.542406,-98.936942,0.000000
sensor07269,1,-14.480233,-98.946060,0.000000
sensor07270,1,-14.418054,-98.955140,0.000000
sensor07271,1,-14.355870,-98.964180,0.000000
sensor07272,1,-14.293680,-98.973182,0.000000
sensor07273,1,-14.231484,-98.982144,0.000000
sensor07274,1,-14.169282,-98.991067,0.000000
sensor07275,1,-14.107076,-98.999952,0.000000
sensor07276,1,-14.044863,-99.008797,0.000000
sensor07277,1,-13.982645,-99.017603,0.000000
sensor07278,1,-13.920421,-99.026370,0.000000
sensor07279,1,-13.858192,-99.035097,0.000000
sensor07280,1,-13.795958,-99.043786,0.000000
sensor07281,1,-13.733718,-99.052436,0.000000
sensor07282,1,-13.671472,-99.061046,0.000000
sensor07283,1,-13.609222,-99.069617,0.000000
sensor07284,1,-13.546965,-99.078150,0.000000
sensor07285,1,-13.484704,-99.086643,0.000000
sensor07286,1,-13.422437,-99.095097,0.000000
sensor07287,1,-13.360165,-99.103512,0.000000
sensor07288,1,-13.297887,-99.111887,0.000000
sensor07289,1,-13.235605,-99.120224,0.000000
sensor07290,1,-13.173317,-99.128521,0.000000
sensor07291,1,-13.111024,-99.136780,0.000000
sensor07292,1,-13.048725,-99.144999,0.000000
sensor07293,1,-12.986422,-99.153179,0.000000
sensor07294,1,-12.924113,-99.161320,0.000000
sensor07295,1,-12.861800,-99.169421,0.000000
sensor07296,1,-12.799481,-99.177484,0.000000
sensor07297,1,-12.737157,-99.185507,0.000000
sensor07298,1,-12.674828,-99.193491,0.000000
sensor07299,1,-12.612495,-99.201436,0.000000
sensor07300,1,-12.550156,-99.209342,0.000000
sensor07301,1,-12.487812,-99.217209,0.000000
sensor07302,1,-12.425463,-99.225036,0.000000
sensor07303,1,-12.363110,-99.232825,0.000000
sensor07304,1,-12.300751,-99.240574,0.000000
sensor07305,1,-12.238388,-99.248284,0.000000
sensor07306,1,-12.176020,-99.255955,0.000000
sensor07307,1,-12.113647,-99.263586,0.000000
sensor07308,1,-12.051269,-99.271179,0.000000
sensor07309,1,-11.988886,-99.278732,0.000000
sensor07310,1,-11.926499,-99.286246,0.000000
sensor07311,1,-11.864107,-99.293721,0.000000
sensor07312,1,-11.801710,-99.301156,0.000000
sensor07313,1,-11.739309,-99.308553,0.000000
sensor07314,1,-11.676903,-99.315910,0.000000
sensor07315,1,-11.614493,-99.323228,0.000000
sensor07316,1,-11.552077,-99.330506,0.000000
sensor07317,1,-11.489658,-99.337746,0.000000
sensor07318,1,-11.427233,-99.344946,0.000000
sensor07319,1,-11.364805,-99.352107,0.000000
sensor07320,1,-11.302371,-99.359229,0.000000
sensor07321,1,-11.239934,-99.366312,0.000000
sensor07322,1,-11.177491,-99.373355,0.000000
sensor07323,1,-11.115045,-99.380359,0.000000
sensor07324,1,-11.052594,-99.387324,0.000000
sensor07325,1,-10.990139,-99.394250,0.000000
sensor07326,1,-10.927679,-99.401136,0.000000
sensor07327,1,-10.865215,-99.407983,0.000000
sensor07328,1,-10.802747,-99.414791,0.000000
sensor07329,1,-10.740274,-99.421560,0.000000
sensor07330,1,-10.677797,-99.428289,0.000000
sensor07331,1,-10.615316,-99.434979,0.000000
sensor07332,1,-10.552831,-99.441630,0.000000
sensor07333,1,-10.490342,-99.448241,0.000000
sensor07334,1,-10.427848,-99.454814,0.000000
sensor07335,1,-10.365351,-99.461347,0.000000
sensor07336,1,-10.302849,-99.467841,0.000000
sensor07337,1,-10.240343,-99.474295,0.000000
sensor07338,1,-10.177834,-99.480710,0.000000
sensor07339,1,-10.115320,-99.487086,0.000000
sensor07340,1,-10.052802,-99.493423,0.000000
sensor07341,1,-9.990280,-99.499720,0.000000
sensor07342,1,-9.927754,-99.505978,0.000000
sensor07343,1,-9.865225,-99.512197,0.000000
sensor07344,1,-9.802691,-99.518376,0.000000
sensor07345,1,-9.740154,-99.524517,0.000000
sensor07346,1,-9.677612,-99.530617,0.000000
sensor07347,1,-9.615067,-99.536679,0.000000
sensor07348,1,-9.552518,-99.542701,0.000000
sensor07349,1,-9.489966,-99.548684,0.000000
sensor07350,1,-9.427409,-99.554628,0.000000
sensor07351,1,-9.364849,-99.560532,0.000000
sensor07352,1,-9.302285,-99.566397,0.000000
sensor07353,1,-9.239718,-99.572223,0.000000
sensor07354,1,-9.177147,-99.578010,0.000000
sensor07355,1,-9.114572,-99.583757,0.000000
sensor07356,1,-9.051994,-99.589464,0.000000
sensor07357,1,-8.989412,-99.595133,0.000000
sensor07358,1,-8.926826,-99.600762,0.000000
sensor07359,1,-8.864237,-99.606352,0.000000
sensor07360,1,-8.801645,-99.611902,0.000000
sensor07361,1,-8.739049,-99.617413,0.000000
sensor07362,1,-8.676449,-99.622885,0.000000
sensor07363,1,-8.613846,-99.628318,0.000000
sensor07364,1,-8.551240,-99.633711,0.000000
sensor07365,1,-8.488630,-99.639064,0.000000
sensor07366,1,-8.426017,-99.644379,0.000000
sensor07367,1,-8.363401,-99.649654,0.000000
sensor07368,1,-8.300781,-99.654890,0.000000
sensor07369,1,-8.238159,-99.660086,0.000000
sensor07370,1,-8.175532,-99.665243,0.000000
sensor07371,1,-8.112903,-99.670361,0.000000
sensor07372,1,-8.050270,-99.675439,0.000000
sensor07373,1,-7.987635,-99.680478,0.000000
sensor07374,1,-7.924996,-99.685478,0.000000
sensor07375,1,-7.862354,-99.690438,0.000000
sensor07376,1,-7.799708,-99.695359,0.000000
sensor07377,1,-7.737060,-99.700240,0.000000
sensor07378,1,-7.674409,-99.705082,0.000000
sensor07379,1,-7.611755,-99.709885,0.000000
sensor07380,1,-7.549097,-99.714649,0.000000
sensor07381,1,-7.486437,-99.719373,0.000000
sensor07382,1,-7.423774,-99.724057,0.000000
sensor07383,1,-7.361107,-99.728702,0.000000
sensor07384,1,-7.298438,-99.733308,0.000000
sensor07385,1,-7.235766,-99.737875,0.000000
sensor07386,1,-7.173092,-99.742402,0.000000
sensor07387,1,-7.110414,-99.746890,0.000000
sensor07388,1,-7.047733,-99.751338,0.000000
sensor07389,1,-6.985050,-99.755747,0.000000
sensor07390,1,-6.922364,-99.760117,0.000000
sensor07391,1,-6.859675,-99.764447,0.000000
sensor07392,1,-6.796984,-99.768738,0.000000
sensor07393,1,-6.734290,-99.772989,0.000000
sensor07394,1,-6.671593,-99.777201,0.000000
sensor07395,1,-6.608893,-99.781374,0.000000
sensor07396,1,-6.546191,-99.785507,0.000000
sensor07397,1,-6.483487,-99.789601,0.000000
sensor07398,1,-6.420780,-99.793655,0.000000
sensor07399,1,-6.358070,-99.797670,0.000000
sensor07400,1,-6.295358,-99.801646,0.000000
sensor07401,1,-6.232643,-99.805582,0.000000
sensor07402,1,-6.169926,-99.809479,0.000000
sensor07403,1,-6.107206,-99.813336,0.000000
sensor07404,1,-6.044484,-99.817154,0.000000
sensor07405,1,-5.981760,-99.820932,0.000000
sensor07406,1,-5.919033,-99.824672,0.000000
sensor07407,1,-5.856304,-99.828371,0.000000
sensor07408,1,-5.793572,-99.832032,0.000000
sensor07409,1,-5.730838,-99.835652,0.000000
sensor07410,1,-5.668102,-99.839234,0.000000
sensor07411,1,-5.605364,-99.842776,0.000000
sensor07412,1,-5.542624,-99.846278,0.000000
sensor07413,1,-5.479881,-99.849742,0.000000
sensor07414,1,-5.417136,-99.853165,0.000000
sensor07415,1,-5.354389,-99.856550,0.000000
sensor07416,1,-5.291640,-99.859895,0.000000
sensor07417,1,-5.228889,-99.863200,0.000000
sensor07418,1,-5.166136,-99.866466,0.000000
sensor07419,1,-5.103381,-99.869693,0.000000
sensor07420,1,-5.040624,-99.872880,0.000000
sensor07421,1,-4.977864,-99.876027,0.000000
sensor07422,1,-4.915103,-99.879136,0.000000
sensor07423,1,-4.852340,-99.882205,0.000000
sensor07424,1,-4.789575,-99.885234,0.000000
sensor07425,1,-4.726808,-99.888224,0.000000
sensor07426,1,-4.664039,-99.891174,0.000000
sensor07427,1,-4.601268,-99.894086,0.000000
sensor07428,1,-4.538496,-99.896957,0.000000
sensor07429,1,-4.475722,-99.899789,0.000000
sensor07430,1,-4.412946,-99.902582,0.000000
sensor07431,1,-4.350168,-99.905335,0.000000
sensor07432,1,-4.287388,-99.908049,0.000000
sensor07433,1,-4.224607,-99.910724,0.000000
sensor07434,1,-4.161824,-99.913359,0.000000
sensor07435,1,-4.099040,-99.915954,0.000000
sensor07436,1,-4.036254,-99.918510,0.000000
sensor07437,1,-3.973466,-99.921027,0.000000
sensor07438,1,-3.910677,-99.923504,0.000000
sensor07439,1,-3.847886,-99.925941,0.000000
sensor07440,1,-3.785093,-99.928340,0.000000
sensor07441,1,-3.722300,-99.930698,0.000000
sensor07442,1,-3.659504,-99.933018,0.000000
sensor07443,1,-3.596707,-99.935298,0.000000
sensor07444,1,-3.533909,-99.937538,0.000000
sensor07445,1,-3.471110,-99.939739,0.000000
sensor07446,1,-3.408309,-99.941900,0.000000
sensor07447,1,-3.345506,-99.944022,0.000000
sensor07448,1,-3.282703,-99.946105,0.000000
sensor07449,1,-3.219898,-99.948148,0.000000
sensor07450,1,-3.157092,-99.950151,0.000000
sensor07451,1,-3.094284,-99.952116,0.000000
sensor07452,1,-3.031476,-99.954040,0.000000
sensor07453,1,-2.968666,-99.955925,0.000000
sensor07454,1,-2.905855,-99.957771,0.000000
sensor07455,1,-2.843043,-99.959577,0.000000
sensor07456,1,-2.780229,-99.961344,0.000000
sensor07457,1,-2.717415,-99.963071,0.000000
sensor07458,1,-2.654599,-99.964759,0.000000
sensor07459,1,-2.591783,-99.966408,0.000000
sensor07460,1,-2.528965,-99.968017,0.000000
sensor07461,1,-2.466147,-99.969586,0.000000
sensor07462,1,-2.403327,-99.971116,0.000000
sensor07463,1,-2.340507,-99.972606,0.000000
sensor07464,1,-2.277685,-99.974057,0.000000
sensor07465,1,-2.214863,-99.975469,0.000000
sensor07466,1,-2.152040,-99.976841,0.000000
sensor07467,1,-2.089216,-99.978173,0.000000
sensor07468,1,-2.026391,-99.979467,0.000000
sensor07469,1,-1.963566,-99.980720,0.000000
sensor07470,1,-1.900739,-99.981934,0.000000
sensor07471,1,-1.837912,-99.983109,0.000000
sensor07472,1,-1.775084,-99.984244,0.000000
sensor07473,1,-1.712256,-99.985340,0.000000
sensor07474,1,-1.649426,-99.986396,0.000000
sensor07475,1,-1.586596,-99.987413,0.000000
sensor07476,1,-1.523766,-99.988390,0.000000
sensor07477,1,-1.460935,-99.989328,0.000000
sensor07478,1,-1.398103,-99.990226,0.000000
sensor07479,1,-1.335271,-99.991085,0.000000
sensor07480,1,-1.272438,-99.991904,0.000000
sensor07481,1,-1.209605,-99.992684,0.000000
sensor07482,1,-1.146771,-99.993424,0.000000
sensor07483,1,-1.083937,-99.994125,0.000000
sensor07484,1,-1.021102,-99.994787,0.000000
sensor07485,1,-0.958267,-99.995409,0.000000
sensor07486,1,-0.895431,-99.995991,0.000000
sensor07487,1,-0.832596,-99.996534,0.000000
sensor07488,1,-0.769760,-99.997037,0.000000
sensor07489,1,-0.706923,-99.997501,0.000000
sensor07490,1,-0.644086,-99.997926,0.000000
sensor07491,1,-0.581249,-99.998311,0.000000
sensor07492,1,-0.518412,-99.998656,0.000000
sensor07493,1,-0.455575,-99.998962,0.000000
sensor07494,1,-0.392737,-99.999229,0.000000
sensor07495,1,-0.329900,-99.999456,0.000000
sensor07496,1,-0.267062,-99.999643,0.000000
sensor07497,1,-0.204224,-99.999791,0.000000
sensor07498,1,-0.141386,-99.999900,0.000000
sensor07499,1,-0.078548,-99.999969,0.000000
sensor07500,1,-0.015710,-99.999999,0.000000
sensor07501,1,0.047129,-99.999989,0.000000
sensor07502,1,0.109967,-99.999940,0.000000
sensor07503,1,0.172805,-99.999851,0.000000
sensor07504,1,0.235643,-99.999722,0.000000
sensor07505,1,0.298481,-99.999555,0.000000
sensor07506,1,0.361319,-99.999347,0.000000
sensor07507,1,0.424156,-99.999100,0.000000
sensor07508,1,0.486994,-99.998814,0.000000
sensor07509,1,0.549831,-99.998488,0.000000
sensor07510,1,0.612668,-99.998123,0.000000
sensor07511,1,0.675505,-99.997718,0.000000
sensor07512,1,0.738341,-99.997274,0.000000
sensor07513,1,0.801178,-99.996791,0.000000
sensor07514,1,0.864014,-99.996267,0.000000
sensor07515,1,0.926849,-99.995705,0.000000
sensor07516,1,0.989684,-99.995103,0.000000
sensor07517,1,1.052519,-99.994461,0.000000
sensor07518,1,1.115354,-99.993780,0.000000
sensor07519,1,1.178188,-99.993059,0.000000
sensor07520,1,1.241021,-99.992299,0.000000
sensor07521,1,1.303854,-99.991499,0.000000
sensor07522,1,1.366687,-99.990660,0.000000
sensor07523,1,1.429519,-99.989782,0.000000
sensor07524,1,1.492350,-99.988864,0.000000
sensor07525,1,1.555181,-99.987906,0.000000
sensor07526,1,1.618011,-99.986909,0.000000
sensor07527,1,1.680841,-99.985873,0.000000
sensor07528,1,1.743670,-99.984797,0.000000
sensor07529,1,1.806498,-99.983681,0.000000
sensor07530,1,1.869326,-99.982527,0.000000
sensor07531,1,1.932152,-99.981332,0.000000
sensor07532,1,1.994978,-99.980098,0.000000
sensor07533,1,2.057804,-99.978825,0.000000
sensor07534,1,2.120628,-99.977512,0.000000
sensor07535,1,2.183452,-99.976160,0.000000
sensor07536,1,2.246274,-99.974768,0.000000
sensor07537,1,2.309096,-99.973337,0.000000
sensor07538,1,2.371917,-99.971866,0.000000
sensor07539,1,2.434737,-99.970356,0.000000
sensor07540,1,2.497556,-99.968806,0.000000
sensor07541,1,2.560374,-99.967217,0.000000
sensor07542,1,2.623191,-99.965588,0.000000
sensor07543,1,2.686007,-99.963920,0.000000
sensor07544,1,2.748822,-99.962213,0.000000
sensor07545,1,2.811636,-99.960466,0.000000
sensor07546,1,2.874449,-99.958679,0.000000
sensor07547,1,2.937260,-99.956853,0.000000
sensor07548,1,3.000071,-99.954988,0.000000
sensor07549,1,3.062880,-99.953083,0.000000
sensor07550,1,3.125688,-99.951138,0.000000
sensor07551,1,3.188495,-99.949155,0.000000
sensor07552,1,3.251300,-99.947131,0.000000
sensor07553,1,3.314105,-99.945068,0.000000
sensor07554,1,3.376908,-99.942966,0.000000
sensor07555,1,3.439709,-99.940824,0.000000
sensor07556,1,3.502510,-99.938643,0.000000
sensor07557,1,3.565309,-99.936423,0.000000
sensor07558,1,3.628106,-99.934163,0.000000
sensor07559,1,3.690902,-99.931863,0.000000
sensor07560,1,3.753697,-99.929524,0.000000
sensor07561,1,3.816490,-99.927145,0.000000
sensor07562,1,3.879281,-99.924728,0.000000
sensor07563,1,3.942071,-99.922270,0.000000
sensor07564,1,4.004860,-99.919773,0.000000
sensor07565,1,4.067647,-99.917237,0.000000
sensor07566,1,4.130432,-99.914661,0.000000
sensor07567,1,4.193216,-99.912046,0.000000
sensor07568,1,4.255998,-99.909391,0.000000
sensor07569,1,4.318778,-99.906697,0.000000
sensor07570,1,4.381557,-99.903964,0.000000
sensor07571,1,4.444334,-99.901191,0.000000
sensor07572,1,4.507109,-99.898378,0.000000
sensor07573,1,4.569882,-99.895526,0.000000
sensor07574,1,4.632654,-99.892635,0.000000
sensor07575,1,4.695424,-99.889704,0.000000
sensor07576,1,4.758192,-99.886734,0.000000
sensor07577,1,4.820958,-99.883724,0.000000
sensor07578,1,4.883722,-99.880675,0.000000
sensor07579,1,4.946484,-99.877587,0.000000
sensor07580,1,5.009244,-99.874459,0.000000
sensor07581,1,5.072002,-99.871291,0.000000
sensor07582,1,5.134759,-99.868084,0.000000
sensor07583,1,5.197513,-99.864838,0.000000
sensor07584,1,5.260265,-99.861552,0.000000
sensor07585,1,5.323015,-99.858227,0.000000
sensor07586,1,5.385763,-99.854862,0.000000
sensor07587,1,5.448509,-99.851458,0.000000
sensor07588,1,5.511253,-99.848015,0.000000
sensor07589,1,5.573994,-99.844532,0.000000
sensor07590,1,5.636734,-99.841010,0.000000
sensor07591,1,5.699471,-99.837448,0.000000
sensor07592,1,5.762206,-99.833847,0.000000
sensor07593,1,5.824938,-99.830206,0.000000
sensor07594,1,5.887668,-99.826526,0.000000
sensor07595,1,5.950396,-99.822807,0.000000
sensor07596,1,6.013122,-99.819048,0.000000
sensor07597,1,6.075845,-99.815250,0.000000
sensor07598,1,6.138566,-99.811412,0.000000
sensor07599,1,6.201285,-99.807535,0.000000
sensor07600,1,6.264000,-99.803619,0.000000
sensor07601,1,6.326714,-99.799663,0.000000
sensor07602,1,6.389425,-99.795667,0.000000
sensor07603,1,6.452133,-99.791633,0.000000
sensor07604,1,6.514839,-99.787559,0.000000
sensor07605,1,6.577543,-99.783445,0.000000
sensor07606,1,6.640243,-99.779292,0.000000
sensor07607,1,6.702942,-99.775100,0.000000
sensor07608,1,6.765637,-99.770868,0.000000
sensor07609,1,6.828330,-99.766597,0.000000
sensor07610,1,6.891020,-99.762287,0.000000
sensor07611,1,6.953707,-99.757937,0.000000
sensor07612,1,7.016392,-99.753548,0.000000
sensor07613,1,7.079074,-99.749119,0.000000
sensor07614,1,7.141753,-99.744651,0.000000
sensor07615,1,7.204429,-99.740143,0.000000
sensor07616,1,7.267103,-99.735597,0.000000
sensor07617,1,7.329773,-99.731010,0.000000
sensor07618,1,7.392441,-99.726385,0.000000
sensor07619,1,7.455106,-99.721720,0.000000
sensor07620,1,7.517767,-99.717015,0.000000
sensor07621,1,7.580426,-99.712272,0.000000
sensor07622,1,7.643082,-99.707489,0.000000
sensor07623,1,7.705735,-99.702666,0.000000
sensor07624,1,7.768385,-99.697804,0.000000
sensor07625,1,7.831031,-99.692903,0.000000
sensor07626,1,7.893675,-99.687963,0.000000
sensor07627,1,7.956316,-99.682983,0.000000
sensor07628,1,8.018953,-99.677963,0.000000
sensor07629,1,8.081587,-99.672905,0.000000
sensor07630,1,8.144218,-99.667807,0.000000
sensor07631,1,8.206846,-99.662669,0.000000
sensor07632,1,8.269470,-99.657493,0.000000
sensor07633,1,8.332092,-99.652277,0.000000
sensor07634,1,8.394710,-99.647021,0.000000
sensor07635,1,8.457324,-99.641727,0.000000
sensor07636,1,8.519936,-99.636392,0.000000
sensor07637,1,8.582544,-99.631019,0.000000
sensor07638,1,8.645148,-99.625606,0.000000
sensor07639,1,8.707749,-99.620154,0.000000
sensor07640,1,8.770347,-99.614663,0.000000
sensor07641,1,8.832941,-99.609132,0.000000
sensor07642,1,8.895532,-99.603562,0.000000
sensor07643,1,8.958119,-99.597952,0.000000
sensor07644,1,9.020703,-99.592303,0.000000
sensor07645,1,9.083283,-99.586615,0.000000
sensor07646,1,9.145860,-99.580888,0.000000
sensor07647,1,9.208433,-99.575121,0.000000
sensor07648,1,9.271002,-99.569315,0.000000
sensor07649,1,9.333568,-99.563470,0.000000
sensor07650,1,9.396130,-99.557585,0.000000
sensor07651,1,9.458688,-99.551661,0.000000
sensor07652,1,9.521243,-99.545698,0.000000
sensor07653,1,9.583793,-99.539695,0.000000
sensor07654,1,9.646340,-99.533653,0.000000
sensor07655,1,9.708884,-99.527572,0.000000
sensor07656,1,9.771423,-99.521451,0.000000
sensor07657,1,9.833958,-99.515292,0.000000
sensor07658,1,9.896490,-99.509092,0.000000
sensor07659,1,9.959018,-99.502854,0.000000
sensor07660,1,10.021541,-99.496576,0.000000
sensor07661,1,10.084061,-99.490259,0.000000
sensor07662,1,10.146577,-99.483903,0.000000
sensor07663,1,10.209089,-99.477508,0.000000
sensor07664,1,10.271597,-99.471073,0.000000
sensor07665,1,10.334100,-99.464599,0.000000
sensor07666,1,10.396600,-99.458085,0.000000
sensor07667,1,10.459096,-99.451533,0.000000
sensor07668,1,10.521587,-99.444941,0.000000
sensor07669,1,10.584074,-99.438309,0.000000
sensor07670,1,10.646557,-99.431639,0.000000
sensor07671,1,10.709036,-99.424929,0.000000
sensor07672,1,10.771511,-99.418180,0.000000
sensor07673,1,10.833981,-99.411392,0.000000
sensor07674,1,10.896448,-99.404564,0.000000
sensor07675,1,10.958909,-99.397698,0.000000
sensor07676,1,11.021367,-99.390792,0.000000
sensor07677,1,11.083820,-99.383846,0.000000
sensor07678,1,11.146269,-99.376862,0.000000
sensor07679,1,11.208713,-99.369838,0.000000
sensor07680,1,11.271153,-99.362775,0.000000
sensor07681,1,11.333589,-99.355673,0.000000
sensor07682,1,11.396020,-99.348532,0.000000
sensor07683,1,11.458446,-99.341351,0.000000
sensor07684,1,11.520868,-99.334131,0.000000
sensor07685,1,11.583285,-99.326872,0.000000
sensor07686,1,11.645698,-99.319574,0.000000
sensor07687,1,11.708107,-99.312236,0.000000
sensor07688,1,11.770510,-99.304859,0.000000
sensor07689,1,11.832909,-99.297443,0.000000
sensor07690,1,11.895304,-99.289988,0.000000
sensor07691,1,11.957693,-99.282494,0.000000
sensor07692,1,12.020078,-99.274960,0.000000
sensor07693,1,12.082458,-99.267387,0.000000
sensor07694,1,12.144834,-99.259775,0.000000
sensor07695,1,12.207204,-99.252124,0.000000
sensor07696,1,12.269570,-99.244434,0.000000
sensor07697,1,12.331931,-99.236704,0.000000
sensor07698,1,12.394287,-99.228936,0.000000
sensor07699,1,12.456638,-99.221128,0.000000
sensor07700,1,12.518984,-99.213281,0.000000
sensor07701,1,12.581326,-99.205394,0.000000
sensor07702,1,12.643662,-99.197469,0.000000
sensor07703,1,12.705993,-99.189504,0.000000
sensor07704,1,12.768320,-99.181500,0.000000
sensor07705,1,12.830641,-99.173457,0.000000
sensor07706,1,12.892957,-99.165375,0.000000
sensor07707,1,12.955268,-99.157254,0.000000
sensor07708,1,13.017574,-99.149094,0.000000
sensor07709,1,13.079875,-99.140894,0.000000
sensor07710,1,13.142171,-99.132655,0.000000
sensor07711,1,13.204461,-99.124377,0.000000
sensor07712,1,13.266747,-99.116060,0.000000
sensor07713,1,13.329027,-99.107704,0.000000
sensor07714,1,13.391302,-99.099309,0.000000
sensor07715,1,13.453571,-99.090875,0.000000
sensor07716,1,13.515835,-99.082401,0.000000
sensor07717,1,13.578094,-99.073888,0.000000
sensor07718,1,13.640348,-99.065337,0.000000
sensor07719,1,13.702596,-99.056746,0.000000
sensor07720,1,13.764838,-99.048116,0.000000
sensor07721,1,13.827076,-99.039447,0.000000
sensor07722,1,13.889308,-99.030738,0.000000
sensor07723,1,13.951534,-99.021991,0.000000
sensor07724,1,14.013755,-99.013205,0.000000
sensor07725,1,14.075970,-99.004379,0.000000
sensor07726,1,14.138180,-98.995514,0.000000
sensor07727,1,14.200384,-98.986611,0.000000
sensor07728,1,14.262582,-98.977668,0.000000
sensor07729,1,14.324775,-98.968686,0.000000
sensor07730,1,14.386963,-98.959665,0.000000
sensor07731,1,14.449144,-98.950605,0.000000
sensor07732,1,14.511320,-98.941506,0.000000
sensor07733,1,14.573490,-98.932368,0.000000
sensor07734,1,14.635654,-98.923190,0.000000
sensor07735,1,14.697813,-98.913974,0.000000
sensor07736,1,14.759966,-98.904719,0.000000
sensor07737,1,14.822113,-98.895424,0.000000
sensor07738,1,14.884254,-98.886091,0.000000
sensor07739,1,14.946389,-98.876718,0.000000
sensor07740,1,15.008519,-98.867307,0.000000
sensor07741,1,15.070642,-98.857856,0.000000
sensor07742,1,15.132759,-98.848367,0.000000
sensor07743,1,15.194871,-98.838838,0.000000
sensor07744,1,15.256976,-98.829270,0.000000
sensor07745,1,15.319076,-98.819664,0.000000
sensor07746,1,15.381169,-98.810018,0.000000
sensor07747,1,15.443257,-98.800333,0.000000
sensor07748,1,15.505338,-98.790609,0.000000
sensor07749,1,15.567413,-98.780847,0.000000
sensor07750,1,15.629482,-98.771045,0.000000
sensor07751,1,15.691545,-98.761204,0.000000
sensor07752,1,15.753601,-98.751324,0.000000
sensor07753,1,15.815652,-98.741406,0.000000
sensor07754,1,15.877696,-98.731448,0.000000
sensor07755,1,15.939734,-98.721451,0.000000
sensor07756,1,16.001765,-98.711415,0.000000
sensor07757,1,16.063790,-98.701341,0.000000
sensor07758,1,16.125809,-98.691227,0.000000
sensor07759,1,16.187822,-98.681074,0.000000
sensor07760,1,16.249828,-98.670883,0.000000
sensor07761,1,16.311828,-98.660652,0.000000
sensor07762,1,16.373821,-98.650383,0.000000
sensor07763,1,16.435808,-98.640074,0.000000
sensor07764,1,16.497788,-98.629727,0.000000
sensor07765,1,16.559762,-98.619340,0.000000
sensor07766,1,16.621729,-98.608915,0.000000
sensor07767,1,16.683690,-98.598451,0.000000
sensor07768,1,16.745644,-98.587948,0.000000
sensor07769,1,16.807592,-98.577405,0.000000
sensor07770,1,16.869533,-98.566824,0.000000
sensor07771,1,16.931467,-98.556204,0.000000
sensor07772,1,16.993394,-98.545546,0.000000
sensor07773,1,17.055315,-98.534848,0.000000
sensor07774,1,17.117229,-98.524111,0.000000
sensor07775,1,17.179137,-98.513335,0.000000
sensor07776,1,17.241037,-98.502521,0.000000
sensor07777,1,17.302931,-98.491668,0.000000
sensor07778,1,17.364818,-98.480775,0.000000
sensor07779,1,17.426698,-98.469844,0.000000
sensor07780,1,17.488571,-98.458874,0.000000
sensor07781,1,17.550437,-98.447865,0.000000
sensor07782,1,17.612297,-98.436817,0.000000
sensor07783,1,17.674149,-98.425731,0.000000
sensor07784,1,17.735994,-98.414605,0.000000
sensor07785,1,17.797833,-98.403441,0.000000
sensor07786,1,17.859664,-98.392237,0.000000
sensor07787,1,17.921488,-98.380995,0.000000
sensor07788,1,17.983306,-98.369714,0.000000
sensor07789,1,18.045116,-98.358395,0.000000
sensor07790,1,18.106919,-98.347036,0.000000
sensor07791,1,18.168715,-98.335639,0.000000
sensor07792,1,18.230503,-98.324202,0.000000
sensor07793,1,18.292285,-98.312727,0.000000
sensor07794,1,18.354059,-98.301213,0.000000
sensor07795,1,18.415826,-98.289660,0.000000
sensor07796,1,18.477586,-98.278069,0.000000
sensor07797,1,18.539338,-98.266438,0.000000
sensor07798,1,18.601084,-98.254769,0.000000
sensor07799,1,18.662821,-98.243061,0.000000
sensor07800,1,18.724552,-98.231315,0.000000
sensor07801,1,18.786275,-98.219529,0.000000
sensor07802,1,18.847990,-98.207705,0.000000
sensor07803,1,18.909699,-98.195842,0.000000
sensor07804,1,18.971399,-98.183940,0.000000
sensor07805,1,19.033092,-98.171999,0.000000
sensor07806,1,19.094778,-98.160020,0.000000
sensor07807,1,19.156456,-98.148001,0.000000
sensor07808,1,19.218127,-98.135944,0.000000
sensor07809,1,19.279790,-98.123849,0.000000
sensor07810,1,19.341445,-98.111714,0.000000
sensor07811,1,19.403093,-98.099541,0.000000
sensor07812,1,19.464733,-98.087329,0.000000
sensor07813,1,19.526366,-98.075079,0.000000
sensor07814,1,19.587990,-98.062789,0.000000
sensor07815,1,19.649607,-98.050461,0.000000
sensor07816,1,19.711216,-98.038094,0.000000
sensor07817,1,19.772818,-98.025689,0.000000
sensor07818,1,19.834411,-98.013245,0.000000
sensor07819,1,19.895997,-98.000762,0.000000
sensor07820,1,19.957575,-97.988240,0.000000
sensor07821,1,20.019145,-97.975680,0.000000
sensor07822,1,20.080707,-97.963081,0.000000
sensor07823,1,20.142261,-97.950443,0.000000
sensor07824,1,20.203808,-97.937767,0.000000
sensor07825,1,20.265346,-97.925052,0.000000
sensor07826,1,20.326876,-97.912298,0.000000
sensor07827,1,20.388399,-97.899506,0.000000
sensor07828,1,20.449913,-97.886675,0.000000
sensor07829,1,20.511419,-97.873805,0.000000
sensor07830,1,20.572917,-97.860897,0.000000
sensor07831,1,20.634407,-97.847950,0.000000
sensor07832,1,20.695889,-97.834964,0.000000
sensor07833,1,20.757362,-97.821940,0.000000
sensor07834,1,20.818827,-97.808877,0.000000
sensor07835,1,20.880285,-97.795776,0.000000
sensor07836,1,20.941734,-97.782635,0.000000
sensor07837,1,21.003174,-97.769457,0.000000
sensor07838,1,21.064607,-97.756239,0.000000
sensor07839,1,21.126031,-97.742984,0.000000
sensor07840,1,21.187446,-97.729689,0.000000
sensor07841,1,21.248854,-97.716356,0.000000
sensor07842,1,21.310253,-97.702984,0.000000
sensor07843,1,21.371643,-97.689574,0.000000
sensor07844,1,21.433025,-97.676125,0.000000
sensor07845,1,21.494399,-97.662638,0.000000
sensor07846,1,21.555764,-97.649112,0.000000
sensor07847,1,21.617121,-97.635547,0.000000
sensor07848,1,21.678469,-97.621944,0.000000
sensor07849,1,21.739808,-97.608303,0.000000
sensor07850,1,21.801139,-97.594622,0.000000
sensor07851,1,21.862461,-97.580904,0.000000
sensor07852,1,21.923775,-97.567147,0.000000
sensor07853,1,21.985080,-97.553351,0.000000
sensor07854,1,22.046377,-97.539517,0.000000
sensor07855,1,22.107664,-97.525644,0.000000
sensor07856,1,22.168943,-97.511732,0.000000
sensor07857,1,22.230213,-97.497783,0.000000
sensor07858,1,22.291475,-97.483794,0.000000
sensor07859,1,22.352727,-97.469768,0.000000
sensor07860,1,22.413971,-97.455702,0.000000
sensor07861,1,22.475206,-97.441598,0.000000
sensor07862,1,22.536432,-97.427456,0.000000
sensor07863,1,22.597649,-97.413276,0.000000
sensor07864,1,22.658857,-97.399056,0.000000
sensor07865,1,22.720057,-97.384799,0.000000
sensor07866,1,22.781247,-97.370503,0.000000
sensor07867,1,22.842428,-97.356168,0.000000
sensor07868,1,22.903601,-97.341795,0.000000
sensor07869,1,22.964764,-97.327384,0.000000
sensor07870,1,23.025918,-97.312934,0.000000
sensor07871,1,23.087063,-97.298446,0.000000
sensor07872,1,23.148199,-97.283919,0.000000
sensor07873,1,23.209326,-97.269354,0.000000
sensor07874,1,23.270444,-97.254750,0.000000
sensor07875,1,23.331552,-97.240108,0.000000
sensor07876,1,23.392651,-97.225428,0.000000
sensor07877,1,23.453741,-97.210709,0.000000
sensor07878,1,23.514822,-97.195952,0.000000
sensor07879,1,23.575894,-97.181157,0.000000
sensor07880,1,23.636956,-97.166323,0.000000
sensor07881,1,23.698009,-97.151451,0.000000
sensor07882,1,23.759052,-97.136540,0.000000
sensor07883,1,23.820086,-97.121591,0.000000
sensor07884,1,23.881111,-97.106604,0.000000
sensor07885,1,23.942126,-97.091578,0.000000
sensor07886,1,24.003132,-97.076514,0.000000
sensor07887,1,24.064128,-97.061412,0.000000
sensor07888,1,24.125115,-97.046272,0.000000
sensor07889,1,24.186092,-97.031093,0.000000
sensor07890,1,24.247060,-97.015875,0.000000
sensor07891,1,24.308018,-97.000620,0.000000
sensor07892,1,24.368967,-96.985326,0.000000
sensor07893,1,24.429906,-96.969994,0.000000
sensor07894,1,24.490835,-96.954623,0.000000
sensor07895,1,24.551755,-96.939215,0.000000
sensor07896,1,24.612665,-96.923768,0.000000
sensor07897,1,24.673565,-96.908282,0.000000
sensor07898,1,24.734455,-96.892759,0.000000
sensor07899,1,24.795336,-96.877197,0.000000
sensor07900,1,24.856207,-96.861597,0.000000
sensor07901,1,24.917068,-96.845959,0.000000
sensor07902,1,24.977919,-96.830282,0.000000
sensor07903,1,25.038761,-96.814567,0.000000
sensor07904,1,25.099592,-96.798814,0.000000
sensor07905,1,25.160414,-96.783023,0.000000
sensor07906,1,25.221226,-96.767194,0.000000
sensor07907,1,25.282027,-96.751326,0.000000
sensor07908,1,25.342819,-96.735420,0.000000
sensor07909,1,25.403601,-96.719476,0.000000
sensor07910,1,25.464373,-96.703494,0.000000
sensor07911,1,25.525134,-96.687473,0.000000
sensor07912,1,25.585886,-96.671415,0.000000
sensor07913,1,25.646627,-96.655318,0.000000
sensor07914,1,25.707359,-96.639183,0.000000
sensor07915,1,25.768080,-96.623010,0.000000
sensor07916,1,25.828791,-96.606799,0.000000
sensor07917,1,25.889492,-96.590549,0.000000
sensor07918,1,25.950182,-96.574262,0.000000
sensor07919,1,26.010862,-96.557936,0.000000
sensor07920,1,26.071533,-96.541572,0.000000
sensor07921,1,26.132192,-96.525170,0.000000
sensor07922,1,26.192842,-96.508730,0.000000
sensor07923,1,26.253481,-96.492252,0.000000
sensor07924,1,26.314110,-96.475736,0.000000
sensor07925,1,26.374728,-96.459182,0.000000
sensor07926,1,26.435336,-96.442589,0.000000
sensor07927,1,26.495933,-96.425959,0.000000
sensor07928,1,26.556520,-96.409290,0.000000
sensor07929,1,26.617097,-96.392583,0.000000
sensor07930,1,26.677663,-96.375839,0.000000
sensor07931,1,26.738219,-96.359056,0.000000
sensor07932,1,26.798764,-96.342235,0.000000
sensor07933,1,26.859298,-96.325376,0.000000
sensor07934,1,26.919822,-96.308479,0.000000
sensor07935,1,26.980335,-96.291544,0.000000
sensor07936,1,27.040837,-96.274572,0.000000
sensor07937,1,27.101329,-96.257561,0.000000
sensor07938,1,27.161810,-96.240512,0.000000
sensor07939,1,27.222281,-96.223425,0.000000
sensor07940,1,27.282740,-96.206300,0.000000
sensor07941,1,27.343189,-96.189137,0.000000
sensor07942,1,27.403627,-96.171936,0.000000
sensor07943,1,27.464054,-96.154697,0.000000
sensor07944,1,27.524471,-96.137420,0.000000
sensor07945,1,27.584876,-96.120105,0.000000
sensor07946,1,27.645271,-96.102752,0.000000
sensor07947,1,27.705655,-96.085362,0.000000
sensor07948,1,27.766027,-96.067933,0.000000
sensor07949,1,27.826389,-96.050466,0.000000
sensor07950,1,27.886740,-96.032962,0.000000
sensor07951,1,27.947080,-96.015419,0.000000
sensor07952,1,28.007409,-95.997839,0.000000
sensor07953,1,28.067726,-95.980221,0.000000
sensor07954,1,28.128033,-95.962564,0.000000
sensor07955,1,28.188329,-95.944870,0.000000
sensor07956,1,28.248613,-95.927138,0.000000
sensor07957,1,28.308886,-95.909368,0.000000
sensor07958,1,28.369148,-95.891561,0.000000
sensor07959,1,28.429399,-95.873715,0.000000
sensor07960,1,28.489639,-95.855832,0.000000
sensor07961,1,28.549867,-95.837910,0.000000
sensor07962,1,28.610084,-95.819951,0.000000
sensor07963,1,28.670290,-95.801954,0.000000
sensor07964,1,28.730485,-95.783920,0.000000
sensor07965,1,28.790668,-95.765847,0.000000
sensor07966,1,28.850840,-95.747737,0.000000
sensor07967,1,28.911000,-95.729588,0.000000
sensor07968,1,28.971149,-95.711402,0.000000
sensor07969,1,29.031286,-95.693178,0.000000
sensor07970,1,29.091412,-95.674917,0.000000
sensor07971,1,29.151527,-95.656617,0.000000
sensor07972,1,29.211630,-95.638280,0.000000
sensor07973,1,29.271722,-95.619905,0.000000
sensor07974,1,29.331802,-95.601493,0.000000
sensor07975,1,29.391870,-95.583042,0.000000
sensor07976,1,29.451927,-95.564554,0.000000
sensor07977,1,29.511972,-95.546028,0.000000
sensor07978,1,29.572006,-95.527465,0.000000
sensor07979,1,29.632027,-95.508863,0.000000
sensor07980,1,29.692038,-95.490224,0.000000
sensor07981,1,29.752036,-95.471547,0.000000
sensor07982,1,29.812023,-95.452833,0.000000
sensor07983,1,29.871998,-95.434081,0.000000
sensor07984,1,29.931961,-95.415291,0.000000
sensor07985,1,29.991912,-95.396463,0.000000
sensor07986,1,30.051851,-95.377598,0.000000
sensor07987,1,30.111779,-95.358695,0.000000
sensor07988,1,30.171695,-95.339755,0.000000
sensor07989,1,30.231598,-95.320777,0.000000
sensor07990,1,30.291490,-95.301761,0.000000
sensor07991,1,30.351370,-95.282707,0.000000
sensor07992,1,30.411238,-95.263616,0.000000
sensor07993,1,30.471094,-95.244488,0.000000
sensor07994,1,30.530938,-95.225321,0.000000
sensor07995,1,30.590769,-95.206118,0.000000
sensor07996,1,30.650589,-95.186876,0.000000
sensor07997,1,30.710397,-95.167597,0.000000
sensor07998,1,30.770192,-95.148280,0.000000
sensor07999,1,30.829976,-95.128926,0.000000
sensor08000,1,30.889747,-95.109534,0.000000
sensor08001,1,30.949506,-95.090105,0.000000
sensor08002,1,31.009252,-95.070638,0.000000
sensor08003,1,31.068987,-95.051134,0.000000
sensor08004,1,31.128709,-95.031592,0.000000
sensor08005,1,31.188419,-95.012013,0.000000
sensor08006,1,31.248117,-94.992396,0.000000
sensor08007,1,31.307802,-94.972741,0.000000
sensor08008,1,31.367475,-94.953049,0.000000
sensor08009,1,31.427135,-94.933320,0.000000
sensor08010,1,31.486783,-94.913553,0.000000
sensor08011,1,31.546419,-94.893748,0.000000
sensor08012,1,31.606042,-94.873906,0.000000
sensor08013,1,31.665653,-94.854027,0.000000
sensor08014,1,31.725251,-94.834110,0.000000
sensor08015,1,31.784837,-94.814156,0.000000
sensor08016,1,31.844410,-94.794164,0.000000
sensor08017,1,31.903971,-94.774135,0.000000
sensor08018,1,31.963519,-94.754068,0.000000
sensor08019,1,32.023054,-94.733964,0.000000
sensor08020,1,32.082577,-94.713823,0.000000
sensor08021,1,32.142087,-94.693644,0.000000
sensor08022,1,32.201584,-94.673428,0.000000
sensor08023,1,32.261069,-94.653174,0.000000
sensor08024,1,32.320541,-94.632883,0.000000
sensor08025,1,32.380000,-94.612555,0.000000
sensor08026,1,32.439447,-94.592189,0.000000
sensor08027,1,32.498880,-94.571786,0.000000
sensor08028,1,32.558301,-94.551346,0.000000
sensor08029,1,32.617709,-94.530868,0.000000
sensor08030,1,32.677104,-94.510353,0.000000
sensor08031,1,32.736486,-94.489801,0.000000
sensor08032,1,32.795855,-94.469211,0.000000
sensor08033,1,32.855211,-94.448584,0.000000
sensor08034,1,32.914554,-94.427920,0.000000
sensor08035,1,32.973885,-94.407219,0.000000
sensor08036,1,33.033202,-94.386480,0.000000
sensor08037,1,33.092506,-94.365704,0.000000
sensor08038,1,33.151797,-94.344890,0.000000
sensor08039,1,33.211075,-94.324040,0.000000
sensor08040,1,33.270340,-94.303152,0.000000
sensor08041,1,33.329592,-94.282227,0.000000
sensor08042,1,33.388830,-94.261265,0.000000
sensor08043,1,33.448056,-94.240265,0.000000
sensor08044,1,33.507268,-94.219228,0.000000
sensor08045,1,33.566467,-94.198154,0.000000
sensor08046,1,33.625653,-94.177043,0.000000
sensor08047,1,33.684825,-94.155895,0.000000
sensor08048,1,33.743984,-94.134709,0.000000
sensor08049,1,33.803130,-94.113487,0.000000
sensor08050,1,33.862263,-94.092227,0.000000
sensor08051,1,33.921382,-94.070930,0.000000
sensor08052,1,33.980488,-94.049596,0.000000
sensor08053,1,34.039580,-94.028224,0.000000
sensor08054,1,34.098659,-94.006816,0.000000
sensor08055,1,34.157724,-93.985371,0.000000
sensor08056,1,34.216776,-93.963888,0.000000
sensor08057,1,34.275814,-93.942368,0.000000
sensor08058,1,34.334839,-93.920811,0.000000
sensor08059,1,34.393851,-93.899217,0.000000
sensor08060,1,34.452848,-93.877586,0.000000
sensor08061,1,34.511832,-93.855918,0.000000
sensor08062,1,34.570803,-93.834213,0.000000
sensor08063,1,34.629760,-93.812471,0.000000
sensor08064,1,34.688703,-93.790692,0.000000
sensor08065,1,34.747632,-93.768876,0.000000
sensor08066,1,34.806548,-93.747022,0.000000
sensor08067,1,34.865450,-93.725132,0.000000
sensor08068,1,34.924338,-93.703205,0.000000
sensor08069,1,34.983213,-93.681240,0.000000
sensor08070,1,35.042074,-93.659239,0.000000
sensor08071,1,35.100920,-93.637201,0.000000
sensor08072,1,35.159753,-93.615126,0.000000
sensor08073,1,35.218572,-93.593013,0.000000
sensor08074,1,35.277377,-93.570864,0.000000
sensor08075,1,35.336169,-93.548678,0.000000
sensor08076,1,35.394946,-93.526455,0.000000
sensor08077,1,35.453709,-93.504195,0.000000
sensor08078,1,35.512459,-93.481898,0.000000
sensor08079,1,35.571194,-93.459564,0.000000
sensor08080,1,35.629915,-93.437194,0.000000
sensor08081,1,35.688622,-93.414786,0.000000
sensor08082,1,35.747315,-93.392342,0.000000
sensor08083,1,35.805994,-93.369860,0.000000
sensor08084,1,35.864659,-93.347342,0.000000
sensor08085,1,35.923310,-93.324787,0.000000
sensor08086,1,35.981946,-93.302195,0.000000
sensor08087,1,36.040568,-93.279566,0.000000
sensor08088,1,36.099176,-93.256900,0.000000
sensor08089,1,36.157770,-93.234198,0.000000
sensor08090,1,36.216350,-93.211459,0.000000
sensor08091,1,36.274915,-93.188683,0.000000
sensor08092,1,36.333466,-93.165870,0.000000
sensor08093,1,36.392002,-93.143020,0.000000
sensor08094,1,36.450524,-93.120134,0.000000
sensor08095,1,36.509032,-93.097210,0.000000
sensor08096,1,36.567525,-93.074250,0.000000
sensor08097,1,36.626004,-93.051254,0.000000
sensor08098,1,36.684469,-93.028220,0.000000
sensor08099,1,36.742919,-93.005150,0.000000
sensor08100,1,36.801354,-92.982043,0.000000
sensor08101,1,36.859775,-92.958899,0.000000
sensor08102,1,36.918181,-92.935719,0.000000
sensor08103,1,36.976573,-92.912502,0.000000
sensor08104,1,37.034950,-92.889248,0.000000
sensor08105,1,37.093313,-92.865958,0.000000
sensor08106,1,37.151661,-92.842631,0.000000
sensor08107,1,37.209994,-92.819267,0.000000
sensor08108,1,37.268313,-92.795867,0.000000
sensor08109,1,37.326617,-92.772430,0.000000
sensor08110,1,37.384906,-92.748956,0.000000
sensor08111,1,37.443180,-92.725446,0.000000
sensor08112,1,37.501439,-92.701899,0.000000
sensor08113,1,37.559684,-92.678315,0.000000
sensor08114,1,37.617914,-92.654695,0.000000
sensor08115,1,37.676129,-92.631038,0.000000
sensor08116,1,37.734329,-92.607345,0.000000
sensor08117,1,37.792515,-92.583615,0.000000
sensor08118,1,37.850685,-92.559849,0.000000
sensor08119,1,37.908840,-92.536046,0.000000
sensor08120,1,37.966981,-92.512207,0.000000
sensor08121,1,38.025106,-92.488331,0.000000
sensor08122,1,38.083217,-92.464418,0.000000
sensor08123,1,38.141312,-92.440469,0.000000
sensor08124,1,38.199392,-92.416483,0.000000
sensor08125,1,38.257458,-92.392461,0.000000
sensor08126,1,38.315508,-92.368403,0.000000
sensor08127,1,38.373543,-92.344308,0.000000
sensor08128,1,38.431563,-92.320176,0.000000
sensor08129,1,38.489567,-92.296009,0.000000
sensor08130,1,38.547557,-92.271804,0.000000
sensor08131,1,38.605531,-92.247563,0.000000
sensor08132,1,38.663490,-92.223286,0.000000
sensor08133,1,38.721434,-92.198973,0.000000
sensor08134,1,38.779362,-92.174623,0.000000
sensor08135,1,38.837276,-92.150236,0.000000
sensor08136,1,38.895173,-92.125813,0.000000
sensor08137,1,38.953056,-92.101354,0.000000
sensor08138,1,39.010923,-92.076859,0.000000
sensor08139,1,39.068775,-92.052327,0.000000
sensor08140,1,39.126611,-92.027758,0.000000
sensor08141,1,39.184432,-92.003154,0.000000
sensor08142,1,39.242237,-91.978513,0.000000
sensor08143,1,39.300027,-91.953836,0.000000
sensor08144,1,39.357801,-91.929122,0.000000
sensor08145,1,39.415560,-91.904372,0.000000
sensor08146,1,39.473303,-91.879586,0.000000
sensor08147,1,39.531031,-91.854764,0.000000
sensor08148,1,39.588743,-91.829905,0.000000
sensor08149,1,39.646439,-91.805010,0.000000
sensor08150,1,39.704120,-91.780079,0.000000
sensor08151,1,39.761785,-91.755111,0.000000
sensor08152,1,39.819434,-91.730108,0.000000
sensor08153,1,39.877068,-91.705068,0.000000
sensor08154,1,39.934686,-91.679992,0.000000
sensor08155,1,39.992288,-91.654879,0.000000
sensor08156,1,40.049874,-91.629731,0.000000
sensor08157,1,40.107445,-91.604546,0.000000
sensor08158,1,40.164999,-91.579325,0.000000
sensor08159,1,40.222538,-91.554068,0.000000
sensor08160,1,40.280061,-91.528775,0.000000
sensor08161,1,40.337568,-91.503446,0.000000
sensor08162,1,40.395059,-91.478080,0.000000
sensor08163,1,40.452534,-91.452679,0.000000
sensor08164,1,40.509994,-91.427241,0.000000
sensor08165,1,40.567437,-91.401767,0.000000
sensor08166,1,40.624864,-91.376258,0.000000
sensor08167,1,40.682275,-91.350712,0.000000
sensor08168,1,40.739670,-91.325130,0.000000
sensor08169,1,40.797049,-91.299511,0.000000
sensor08170,1,40.854412,-91.273857,0.000000
sensor08171,1,40.911759,-91.248167,0.000000
sensor08172,1,40.969089,-91.222441,0.000000
sensor08173,1,41.026403,-91.196679,0.000000
sensor08174,1,41.083702,-91.170881,0.000000
sensor08175,1,41.140984,-91.145046,0.000000
sensor08176,1,41.198249,-91.119176,0.000000
sensor08177,1,41.255499,-91.093270,0.000000
sensor08178,1,41.312732,-91.067328,0.000000
sensor08179,1,41.369949,-91.041350,0.000000
sensor08180,1,41.427149,-91.015335,0.000000
sensor08181,1,41.484334,-90.989285,0.000000
sensor08182,1,41.541501,-90.963200,0.000000
sensor08183,1,41.598653,-90.937078,0.000000
sensor08184,1,41.655788,-90.910920,0.000000
sensor08185,1,41.712906,-90.884726,0.000000
sensor08186,1,41.770008,-90.858497,0.000000
sensor08187,1,41.827094,-90.832231,0.000000
sensor08188,1,41.884163,-90.805930,0.000000
sensor08189,1,41.941215,-90.779593,0.000000
sensor08190,1,41.998251,-90.753220,0.000000
sensor08191,1,42.055270,-90.726811,0.000000
sensor08192,1,42.112273,-90.700366,0.000000
sensor08193,1,42.169259,-90.673886,0.000000
sensor08194,1,42.226229,-90.647370,0.000000
sensor08195,1,42.283182,-90.620817,0.000000
sensor08196,1,42.340118,-90.594230,0.000000
sensor08197,1,42.397037,-90.567606,0.000000
sensor08198,1,42.453940,-90.540947,0.000000
sensor08199,1,42.510825,-90.514251,0.000000
sensor08200,1,42.567695,-90.487521,0.000000
sensor08201,1,42.624547,-90.460754,0.000000
sensor08202,1,42.681382,-90.433952,0.000000
sensor08203,1,42.738201,-90.407114,0.000000
sensor08204,1,42.795002,-90.380240,0.000000
sensor08205,1,42.851787,-90.353330,0.000000
sensor08206,1,42.908555,-90.326385,0.000000
sensor08207,1,42.965306,-90.299405,0.000000
sensor08208,1,43.022040,-90.272388,0.000000
sensor08209,1,43.078757,-90.245336,0.000000
sensor08210,1,43.135457,-90.218248,0.000000
sensor08211,1,43.192140,-90.191125,0.000000
sensor08212,1,43.248806,-90.163966,0.000000
sensor08213,1,43.305455,-90.136772,0.000000
sensor08214,1,43.362086,-90.109541,0.000000
sensor08215,1,43.418701,-90.082276,0.000000
sensor08216,1,43.475298,-90.054974,0.000000
sensor08217,1,43.531879,-90.027638,0.000000
sensor08218,1,43.588442,-90.000265,0.000000
sensor08219,1,43.644988,-89.972857,0.000000
sensor08220,1,43.701516,-89.945414,0.000000
sensor08221,1,43.758028,-89.917935,0.000000
sensor08222,1,43.814522,-89.890420,0.000000
sensor08223,1,43.870999,-89.862870,0.000000
sensor08224,1,43.927458,-89.835285,0.000000
sensor08225,1,43.983900,-89.807664,0.000000
sensor08226,1,44.040325,-89.780008,0.000000
sensor08227,1,44.096732,-89.752316,0.000000
sensor08228,1,44.153122,-89.724588,0.000000
sensor08229,1,44.209495,-89.696826,0.000000
sensor08230,1,44.265850,-89.669028,0.000000
sensor08231,1,44.322188,-89.641194,0.000000
sensor08232,1,44.378508,-89.613325,0.000000
sensor08233,1,44.434810,-89.585421,0.000000
sensor08234,1,44.491095,-89.557481,0.000000
sensor08235,1,44.547363,-89.529506,0.000000
sensor08236,1,44.603613,-89.501496,0.000000
sensor08237,1,44.659845,-89.473450,0.000000
sensor08238,1,44.716060,-89.445369,0.000000
sensor08239,1,44.772257,-89.417252,0.000000
sensor08240,1,44.828436,-89.389101,0.000000
sensor08241,1,44.884597,-89.360914,0.000000
sensor08242,1,44.940741,-89.332691,0.000000
sensor08243,1,44.996867,-89.304434,0.000000
sensor08244,1,45.052976,-89.276141,0.000000
sensor08245,1,45.109066,-89.247813,0.000000
sensor08246,1,45.165139,-89.219450,0.000000
sensor08247,1,45.221194,-89.191051,0.000000
sensor08248,1,45.277231,-89.162617,0.000000
sensor08249,1,45.333250,-89.134148,0.000000
sensor08250,1,45.389252,-89.105644,0.000000
sensor08251,1,45.445235,-89.077105,0.000000
sensor08252,1,45.501200,-89.048530,0.000000
sensor08253,1,45.557148,-89.019921,0.000000
sensor08254,1,45.613077,-88.991276,0.000000
sensor08255,1,45.668989,-88.962596,0.000000
sensor08256,1,45.724882,-88.933881,0.000000
sensor08257,1,45.780758,-88.905131,0.000000
sensor08258,1,45.836615,-88.876345,0.000000
sensor08259,1,45.892454,-88.847525,0.000000
sensor08260,1,45.948275,-88.818669,0.000000
sensor08261,1,46.004078,-88.789779,0.000000
sensor08262,1,46.059863,-88.760853,0.000000
sensor08263,1,46.115629,-88.731892,0.000000
sensor08264,1,46.171378,-88.702897,0.000000
sensor08265,1,46.227108,-88.673866,0.000000
sensor08266,1,46.282820,-88.644800,0.000000
sensor08267,1,46.338513,-88.615699,0.000000
sensor08268,1,46.394189,-88.586564,0.000000
sensor08269,1,46.449846,-88.557393,0.000000
sensor08270,1,46.505484,-88.528187,0.000000
sensor08271,1,46.561104,-88.498947,0.000000
sensor08272,1,46.616706,-88.469671,0.000000
sensor08273,1,46.672290,-88.440360,0.000000
sensor08274,1,46.727855,-88.411015,0.000000
sensor08275,1,46.783402,-88.381635,0.000000
sensor08276,1,46.838930,-88.352219,0.000000
sensor08277,1,46.894439,-88.322769,0.000000
sensor08278,1,46.949930,-88.293284,0.000000
sensor08279,1,47.005403,-88.263764,0.000000
sensor08280,1,47.060857,-88.234210,0.000000
sensor08281,1,47.116292,-88.204620,0.000000
sensor08282,1,47.171709,-88.174996,0.000000
sensor08283,1,47.227107,-88.145336,0.000000
sensor08284,1,47.282487,-88.115642,0.000000
sensor08285,1,47.337848,-88.085913,0.000000
sensor08286,1,47.393190,-88.056150,0.000000
sensor08287,1,47.448514,-88.026351,0.000000
sensor08288,1,47.503818,-87.996518,0.000000
sensor08289,1,47.559104,-87.966650,0.000000
sensor08290,1,47.614372,-87.936748,0.000000
sensor08291,1,47.669620,-87.906811,0.000000
sensor08292,1,47.724850,-87.876838,0.000000
sensor08293,1,47.780060,-87.846832,0.000000
sensor08294,1,47.835252,-87.816790,0.000000
sensor08295,1,47.890425,-87.786714,0.000000
sensor08296,1,47.945579,-87.756603,0.000000
sensor08297,1,48.000714,-87.726458,0.000000
sensor08298,1,48.055831,-87.696278,0.000000
sensor08299,1,48.110928,-87.666063,0.000000
sensor08300,1,48.166006,-87.635814,0.000000
sensor08301,1,48.221065,-87.605530,0.000000
sensor08302,1,48.276105,-87.575211,0.000000
sensor08303,1,48.331126,-87.544858,0.000000
sensor08304,1,48.386128,-87.514471,0.000000
sensor08305,1,48.441111,-87.484048,0.000000
sensor08306,1,48.496075,-87.453592,0.000000
sensor08307,1,48.551020,-87.423100,0.000000
sensor08308,1,48.605945,-87.392575,0.000000
sensor08309,1,48.660852,-87.362014,0.000000
sensor08310,1,48.715739,-87.331419,0.000000
sensor08311,1,48.770606,-87.300790,0.000000
sensor08312,1,48.825455,-87.270126,0.000000
sensor08313,1,48.880284,-87.239428,0.000000
sensor08314,1,48.935094,-87.208695,0.000000
sensor08315,1,48.989885,-87.177928,0.000000
sensor08316,1,49.044656,-87.147127,0.000000
sensor08317,1,49.099408,-87.116291,0.000000
sensor08318,1,49.154141,-87.085420,0.000000
sensor08319,1,49.208854,-87.054516,0.000000
sensor08320,1,49.263548,-87.023577,0.000000
sensor08321,1,49.318222,-86.992603,0.000000
sensor08322,1,49.372877,-86.961595,0.000000
sensor08323,1,49.427512,-86.930553,0.000000
sensor08324,1,49.482128,-86.899477,0.000000
sensor08325,1,49.536724,-86.868366,0.000000
sensor08326,1,49.591301,-86.837221,0.000000
sensor08327,1,49.645858,-86.806041,0.000000
sensor08328,1,49.700395,-86.774828,0.000000
sensor08329,1,49.754913,-86.743580,0.000000
sensor08330,1,49.809411,-86.712298,0.000000
sensor08331,1,49.863890,-86.680981,0.000000
sensor08332,1,49.918349,-86.649631,0.000000
sensor08333,1,49.972788,-86.618246,0.000000
sensor08334,1,50.027207,-86.586827,0.000000
sensor08335,1,50.081607,-86.555373,0.000000
sensor08336,1,50.135987,-86.523886,0.000000
sensor08337,1,50.190347,-86.492364,0.000000
sensor08338,1,50.244687,-86.460809,0.000000
sensor08339,1,50.299008,-86.429219,0.000000
sensor08340,1,50.353308,-86.397595,0.000000
sensor08341,1,50.407589,-86.365936,0.000000
sensor08342,1,50.461850,-86.334244,0.000000
sensor08343,1,50.516091,-86.302518,0.000000
sensor08344,1,50.570311,-86.270757,0.000000
sensor08345,1,50.624512,-86.238963,0.000000
sensor08346,1,50.678693,-86.207135,0.000000
sensor08347,1,50.732854,-86.175272,0.000000
sensor08348,1,50.786995,-86.143375,0.000000
sensor08349,1,50.841116,-86.111445,0.000000
sensor08350,1,50.895217,-86.079480,0.000000
sensor08351,1,50.949298,-86.047482,0.000000
sensor08352,1,51.003358,-86.015449,0.000000
sensor08353,1,51.057399,-85.983382,0.000000
sensor08354,1,51.111419,-85.951282,0.000000
sensor08355,1,51.165419,-85.919147,0.000000
sensor08356,1,51.219399,-85.886979,0.000000
sensor08357,1,51.273358,-85.854777,0.000000
sensor08358,1,51.327298,-85.822541,0.000000
sensor08359,1,51.381217,-85.790271,0.000000
sensor08360,1,51.435116,-85.757967,0.000000
sensor08361,1,51.488994,-85.725629,0.000000
sensor08362,1,51.542853,-85.693257,0.000000
sensor08363,1,51.596691,-85.660852,0.000000
sensor08364,1,51.650508,-85.628412,0.000000
sensor08365,1,51.704305,-85.595939,0.000000
sensor08366,1,51.758082,-85.563432,0.000000
sensor08367,1,51.811838,-85.530892,0.000000
sensor08368,1,51.865574,-85.498317,0.000000
sensor08369,1,51.919289,-85.465709,0.000000
sensor08370,1,51.972984,-85.433067,0.000000
sensor08371,1,52.026658,-85.400391,0.000000
sensor08372,1,52.080312,-85.367682,0.000000
sensor08373,1,52.133945,-85.334939,0.000000
sensor08374,1,52.187558,-85.302162,0.000000
sensor08375,1,52.241150,-85.269351,0.000000
sensor08376,1,52.294721,-85.236507,0.000000
sensor08377,1,52.348272,-85.203629,0.000000
sensor08378,1,52.401802,-85.170718,0.000000
sensor08379,1,52.455311,-85.137773,0.000000
sensor08380,1,52.508800,-85.104794,0.000000
sensor08381,1,52.562268,-85.071782,0.000000
sensor08382,1,52.615715,-85.038736,0.000000
sensor08383,1,52.669141,-85.005656,0.000000
sensor08384,1,52.722547,-84.972543,0.000000
sensor08385,1,52.775932,-84.939396,0.000000
sensor08386,1,52.829295,-84.906216,0.000000
sensor08387,1,52.882638,-84.873002,0.000000
sensor08388,1,52.935961,-84.839755,0.000000
sensor08389,1,52.989262,-84.806475,0.000000
sensor08390,1,53.042542,-84.773160,0.000000
sensor08391,1,53.095802,-84.739813,0.000000
sensor08392,1,53.149040,-84.706432,0.000000
sensor08393,1,53.202258,-84.673017,0.000000
sensor08394,1,53.255454,-84.639569,0.000000
sensor08395,1,53.308629,-84.606087,0.000000
sensor08396,1,53.361784,-84.572573,0.000000
sensor08397,1,53.414917,-84.539024,0.000000
sensor08398,1,53.468029,-84.505443,0.000000
sensor08399,1,53.521120,-84.471828,0.000000
sensor08400,1,53.574190,-84.438179,0.000000
sensor08401,1,53.627239,-84.404498,0.000000
sensor08402,1,53.680267,-84.370783,0.000000
sensor08403,1,53.733273,-84.337034,0.000000
sensor08404,1,53.786258,-84.303253,0.000000
sensor08405,1,53.839222,-84.269438,0.000000
sensor08406,1,53.892165,-84.235590,0.000000
sensor08407,1,53.945086,-84.201708,0.000000
sensor08408,1,53.997987,-84.167793,0.000000
sensor08409,1,54.050865,-84.133845,0.000000
sensor08410,1,54.103723,-84.099864,0.000000
sensor08411,1,54.156559,-84.065850,0.000000
sensor08412,1,54.209374,-84.031802,0.000000
sensor08413,1,54.262167,-83.997722,0.000000
sensor08414,1,54.314939,-83.963608,0.000000
sensor08415,1,54.367689,-83.929461,0.000000
sensor08416,1,54.420418,-83.895280,0.000000
sensor08417,1,54.473126,-83.861067,0.000000
sensor08418,1,54.525812,-83.826821,0.000000
sensor08419,1,54.578476,-83.792541,0.000000
sensor08420,1,54.631119,-83.758228,0.000000
sensor08421,1,54.683740,-83.723883,0.000000
sensor08422,1,54.736340,-83.689504,0.000000
sensor08423,1,54.788918,-83.655092,0.000000
sensor08424,1,54.841475,-83.620647,0.000000
sensor08425,1,54.894010,-83.586169,0.000000
sensor08426,1,54.946523,-83.551659,0.000000
sensor08427,1,54.999014,-83.517115,0.000000
sensor08428,1,55.051484,-83.482538,0.000000
sensor08429,1,55.103932,-83.447928,0.000000
sensor08430,1,55.156358,-83.413285,0.000000
sensor08431,1,55.208763,-83.378610,0.000000
sensor08432,1,55.261145,-83.343901,0.000000
sensor08433,1,55.313506,-83.309159,0.000000
sensor08434,1,55.365845,-83.274385,0.000000
sensor08435,1,55.418162,-83.239578,0.000000
sensor08436,1,55.470457,-83.204738,0.000000
sensor08437,1,55.522731,-83.169865,0.000000
sensor08438,1,55.574982,-83.134959,0.000000
sensor08439,1,55.627212,-83.100020,0.000000
sensor08440,1,55.679419,-83.065048,0.000000
sensor08441,1,55.731605,-83.030044,0.000000
sensor08442,1,55.783768,-82.995007,0.000000
sensor08443,1,55.835910,-82.959937,0.000000
sensor08444,1,55.888029,-82.924835,0.000000
sensor08445,1,55.940127,-82.889699,0.000000
sensor08446,1,55.992202,-82.854531,0.000000
sensor08447,1,56.044255,-82.819330,0.000000
sensor08448,1,56.096286,-82.784097,0.000000
sensor08449,1,56.148295,-82.748831,0.000000
sensor08450,1,56.200282,-82.713532,0.000000
sensor08451,1,56.252246,-82.678200,0.000000
sensor08452,1,56.304189,-82.642836,0.000000
sensor08453,1,56.356109,-82.607439,0.000000
sensor08454,1,56.408007,-82.572010,0.000000
sensor08455,1,56.459882,-82.536548,0.000000
sensor08456,1,56.511735,-82.501053,0.000000
sensor08457,1,56.563566,-82.465526,0.000000
sensor08458,1,56.615375,-82.429966,0.000000
sensor08459,1,56.667161,-82.394374,0.000000
sensor08460,1,56.718925,-82.358749,0.000000
sensor08461,1,56.770667,-82.323092,0.000000
sensor08462,1,56.822386,-82.287402,0.000000
sensor08463,1,56.874082,-82.251679,0.000000
sensor08464,1,56.925757,-82.215924,0.000000
sensor08465,1,56.977408,-82.180137,0.000000
sensor08466,1,57.029038,-82.144317,0.000000
sensor08467,1,57.080644,-82.108465,0.000000
sensor08468,1,57.132228,-82.072581,0.000000
sensor08469,1,57.183790,-82.036663,0.000000
sensor08470,1,57.235329,-82.000714,0.000000
sensor08471,1,57.286846,-81.964732,0.000000
sensor08472,1,57.338339,-81.928718,0.000000
sensor08473,1,57.389810,-81.892672,0.000000
sensor08474,1,57.441259,-81.856593,0.000000
sensor08475,1,57.492685,-81.820482,0.000000
sensor08476,1,57.544088,-81.784338,0.000000
sensor08477,1,57.595468,-81.748162,0.000000
sensor08478,1,57.646826,-81.711954,0.000000
sensor08479,1,57.698161,-81.675714,0.000000
sensor08480,1,57.749473,-81.639441,0.000000
sensor08481,1,57.800762,-81.603137,0.000000
sensor08482,1,57.852029,-81.566799,0.000000
sensor08483,1,57.903272,-81.530430,0.000000
sensor08484,1,57.954493,-81.494029,0.000000
sensor08485,1,58.005691,-81.457595,0.000000
sensor08486,1,58.056866,-81.421129,0.000000
sensor08487,1,58.108018,-81.384632,0.000000
sensor08488,1,58.159147,-81.348101,0.000000
sensor08489,1,58.210253,-81.311539,0.000000
sensor08490,1,58.261336,-81.274945,0.000000
sensor08491,1,58.312397,-81.238319,0.000000
sensor08492,1,58.363434,-81.201660,0.000000
sensor08493,1,58.414448,-81.164970,0.000000
sensor08494,1,58.465439,-81.128247,0.000000
sensor08495,1,58.516407,-81.091492,0.000000
sensor08496,1,58.567352,-81.054706,0.000000
sensor08497,1,58.618273,-81.017887,0.000000
sensor08498,1,58.669172,-80.981037,0.000000
sensor08499,1,58.720047,-80.944154,0.000000
sensor08500,1,58.770899,-80.907239,0.000000
sensor08501,1,58.821728,-80.870293,0.000000
sensor08502,1,58.872534,-80.833314,0.000000
sensor08503,1,58.923317,-80.796304,0.000000
sensor08504,1,58.974076,-80.759262,0.000000
sensor08505,1,59.024812,-80.722188,0.000000
sensor08506,1,59.075525,-80.685082,0.000000
sensor08507,1,59.126214,-80.647944,0.000000
sensor08508,1,59.176880,-80.610774,0.000000
sensor08509,1,59.227523,-80.573572,0.000000
sensor08510,1,59.278142,-80.536339,0.000000
sensor08511,1,59.328738,-80.499074,0.000000
sensor08512,1,59.379310,-80.461777,0.000000
sensor08513,1,59.429859,-80.424448,0.000000
sensor08514,1,59.480384,-80.387088,0.000000
sensor08515,1,59.530886,-80.349695,0.000000
sensor08516,1,59.581365,-80.312272,0.000000
sensor08517,1,59.631820,-80.274816,0.000000
sensor08518,1,59.682251,-80.237328,0.000000
sensor08519,1,59.732659,-80.199809,0.000000
sensor08520,1,59.783043,-80.162259,0.000000
sensor08521,1,59.833404,-80.124676,0.000000
sensor08522,1,59.883741,-80.087062,0.000000
sensor08523,1,59.934055,-80.049417,0.000000
sensor08524,1,59.984344,-80.011739,0.000000
sensor08525,1,60.034610,-79.974031,0.000000
sensor08526,1,60.084853,-79.936290,0.000000
sensor08527,1,60.135071,-79.898518,0.000000
sensor08528,1,60.185266,-79.860715,0.000000
sensor08529,1,60.235437,-79.822880,0.000000
sensor08530,1,60.285585,-79.785013,0.000000
sensor08531,1,60.335708,-79.747115,0.000000
sensor08532,1,60.385808,-79.709185,0.000000
sensor08533,1,60.435884,-79.671224,0.000000
sensor08534,1,60.485936,-79.633232,0.000000
sensor08535,1,60.535964,-79.595208,0.000000
sensor08536,1,60.585968,-79.557152,0.000000
sensor08537,1,60.635948,-79.519066,0.000000
sensor08538,1,60.685904,-79.480947,0.000000
sensor08539,1,60.735837,-79.442798,0.000000
sensor08540,1,60.785745,-79.404617,0.000000
sensor08541,1,60.835630,-79.366405,0.000000
sensor08542,1,60.885490,-79.328161,0.000000
sensor08543,1,60.935326,-79.289886,0.000000
sensor08544,1,60.985138,-79.251580,0.000000
sensor08545,1,61.034927,-79.213242,0.000000
sensor08546,1,61.084691,-79.174873,0.000000
sensor08547,1,61.134431,-79.136473,0.000000
sensor08548,1,61.184146,-79.098042,0.000000
sensor08549,1,61.233838,-79.059579,0.000000
sensor08550,1,61.283506,-79.021085,0.000000
sensor08551,1,61.333149,-78.982560,0.000000
sensor08552,1,61.382768,-78.944004,0.000000
sensor08553,1,61.432363,-78.905417,0.000000
sensor08554,1,61.481933,-78.866798,0.000000
sensor08555,1,61.531480,-78.828149,0.000000
sensor08556,1,61.581002,-78.789468,0.000000
sensor08557,1,61.630499,-78.750756,0.000000
sensor08558,1,61.679973,-78.712013,0.000000
sensor08559,1,61.729422,-78.673239,0.000000
sensor08560,1,61.778846,-78.634434,0.000000
sensor08561,1,61.828246,-78.595598,0.000000
sensor08562,1,61.877622,-78.556730,0.000000
sensor08563,1,61.926974,-78.517832,0.000000
sensor08564,1,61.976300,-78.478903,0.000000
sensor08565,1,62.025603,-78.439943,0.000000
sensor08566,1,62.074881,-78.400951,0.000000
sensor08567,1,62.124134,-78.361929,0.000000
sensor08568,1,62.173363,-78.322876,0.000000
sensor08569,1,62.222568,-78.283792,0.000000
sensor08570,1,62.271747,-78.244677,0.000000
sensor08571,1,62.320903,-78.205531,0.000000
sensor08572,1,62.370033,-78.166354,0.000000
sensor08573,1,62.419139,-78.127147,0.000000
sensor08574,1,62.468220,-78.087908,0.000000
sensor08575,1,62.517277,-78.048639,0.000000
sensor08576,1,62.566309,-78.009339,0.000000
sensor08577,1,62.615316,-77.970008,0.000000
sensor08578,1,62.664299,-77.930646,0.000000
sensor08579,1,62.713257,-77.891254,0.000000
sensor08580,1,62.762190,-77.851831,0.000000
sensor08581,1,62.811098,-77.812377,0.000000
sensor08582,1,62.859981,-77.772892,0.000000
sensor08583,1,62.908840,-77.733377,0.000000
sensor08584,1,62.957674,-77.693831,0.000000
sensor08585,1,63.006483,-77.654254,0.000000
sensor08586,1,63.055267,-77.614646,0.000000
sensor08587,1,63.104026,-77.575008,0.000000
sensor08588,1,63.152760,-77.535340,0.000000
sensor08589,1,63.201469,-77.495640,0.000000
sensor08590,1,63.250154,-77.455910,0.000000
sensor08591,1,63.298813,-77.416150,0.000000
sensor08592,1,63.347447,-77.376359,0.000000
sensor08593,1,63.396057,-77.336537,0.000000
sensor08594,1,63.444641,-77.296685,0.000000
sensor08595,1,63.493200,-77.256802,0.000000
sensor08596,1,63.541735,-77.216889,0.000000
sensor08597,1,63.590244,-77.176945,0.000000
sensor08598,1,63.638728,-77.136971,0.000000
sensor08599,1,63.687187,-77.096967,0.000000
sensor08600,1,63.735620,-77.056932,0.000000
sensor08601,1,63.784029,-77.016866,0.000000
sensor08602,1,63.832412,-76.976770,0.000000
sensor08603,1,63.880770,-76.936644,0.000000
sensor08604,1,63.929103,-76.896487,0.000000
sensor08605,1,63.977411,-76.856300,0.000000
sensor08606,1,64.025693,-76.816083,0.000000
sensor08607,1,64.073951,-76.775835,0.000000
sensor08608,1,64.122182,-76.735557,0.000000
sensor08609,1,64.170389,-76.695249,0.000000
sensor08610,1,64.218570,-76.654910,0.000000
sensor08611,1,64.266726,-76.614541,0.000000
sensor08612,1,64.314856,-76.574142,0.000000
sensor08613,1,64.362961,-76.533713,0.000000
sensor08614,1,64.411041,-76.493253,0.000000
sensor08615,1,64.459095,-76.452763,0.000000
sensor08616,1,64.507124,-76.412243,0.000000
sensor08617,1,64.555127,-76.371693,0.000000
sensor08618,1,64.603105,-76.331113,0.000000
sensor08619,1,64.651058,-76.290502,0.000000
sensor08620,1,64.698984,-76.249862,0.000000
sensor08621,1,64.746885,-76.209191,0.000000
sensor08622,1,64.794761,-76.168490,0.000000
sensor08623,1,64.842611,-76.127760,0.000000
sensor08624,1,64.890436,-76.086999,0.000000
sensor08625,1,64.938234,-76.046208,0.000000
sensor08626,1,64.986008,-76.005387,0.000000
sensor08627,1,65.033755,-75.964536,0.000000
sensor08628,1,65.081477,-75.923655,0.000000
sensor08629,1,65.129173,-75.882744,0.000000
sensor08630,1,65.176844,-75.841803,0.000000
sensor08631,1,65.224488,-75.800832,0.000000
sensor08632,1,65.272107,-75.759831,0.000000
sensor08633,1,65.319701,-75.718800,0.000000
sensor08634,1,65.367268,-75.677740,0.000000
sensor08635,1,65.414809,-75.636649,0.000000
sensor08636,1,65.462325,-75.595529,0.000000
sensor08637,1,65.509815,-75.554379,0.000000
sensor08638,1,65.557279,-75.513199,0.000000
sensor08639,1,65.604717,-75.471989,0.000000
sensor08640,1,65.652130,-75.430749,0.000000
sensor08641,1,65.699516,-75.389480,0.000000
sensor08642,1,65.746876,-75.348180,0.000000
sensor08643,1,65.794211,-75.306851,0.000000
sensor08644,1,65.841519,-75.265493,0.000000
sensor08645,1,65.888801,-75.224104,0.000000
sensor08646,1,65.936058,-75.182686,0.000000
sensor08647,1,65.983288,-75.141238,0.000000
sensor08648,1,66.030493,-75.099761,0.000000
sensor08649,1,66.077671,-75.058253,0.000000
sensor08650,1,66.124823,-75.016717,0.000000
sensor08651,1,66.171949,-74.975150,0.000000
sensor08652,1,66.219049,-74.933554,0.000000
sensor08653,1,66.266123,-74.891929,0.000000
sensor08654,1,66.313170,-74.850273,0.000000
sensor08655,1,66.360192,-74.808589,0.000000
sensor08656,1,66.407187,-74.766874,0.000000
sensor08657,1,66.454156,-74.725131,0.000000
sensor08658,1,66.501099,-74.683357,0.000000
sensor08659,1,66.548015,-74.641555,0.000000
sensor08660,1,66.594905,-74.599722,0.000000
sensor08661,1,66.641769,-74.557861,0.000000
sensor08662,1,66.688607,-74.515969,0.000000
sensor08663,1,66.735418,-74.474049,0.000000
sensor08664,1,66.782203,-74.432099,0.000000
sensor08665,1,66.828962,-74.390119,0.000000
sensor08666,1,66.875694,-74.348111,0.000000
sensor08667,1,66.922400,-74.306073,0.000000
sensor08668,1,66.969079,-74.264005,0.000000
sensor08669,1,67.015732,-74.221908,0.000000
sensor08670,1,67.062358,-74.179782,0.000000
sensor08671,1,67.108958,-74.137627,0.000000
sensor08672,1,67.155532,-74.095442,0.000000
sensor08673,1,67.202079,-74.053228,0.000000
sensor08674,1,67.248599,-74.010985,0.000000
sensor08675,1,67.295093,-73.968713,0.000000
sensor08676,1,67.341560,-73.926411,0.000000
sensor08677,1,67.388001,-73.884080,0.000000
sensor08678,1,67.434415,-73.841720,0.000000
sensor08679,1,67.480802,-73.799331,0.000000
sensor08680,1,67.527163,-73.756913,0.000000
sensor08681,1,67.573497,-73.714466,0.000000
sensor08682,1,67.619805,-73.671989,0.000000
sensor08683,1,67.666086,-73.629484,0.000000
sensor08684,1,67.712340,-73.586949,0.000000
sensor08685,1,67.758567,-73.544385,0.000000
sensor08686,1,67.804767,-73.501793,0.000000
sensor08687,1,67.850941,-73.459171,0.000000
sensor08688,1,67.897088,-73.416520,0.000000
sensor08689,1,67.943208,-73.373840,0.000000
sensor08690,1,67.989302,-73.331132,0.000000
sensor08691,1,68.035368,-73.288394,0.000000
sensor08692,1,68.081408,-73.245627,0.000000
sensor08693,1,68.127420,-73.202832,0.000000
sensor08694,1,68.173406,-73.160007,0.000000
sensor08695,1,68.219365,-73.117154,0.000000
sensor08696,1,68.265297,-73.074272,0.000000
sensor08697,1,68.311202,-73.031361,0.000000
sensor08698,1,68.357080,-72.988421,0.000000
sensor08699,1,68.402931,-72.945452,0.000000
sensor08700,1,68.448755,-72.902455,0.000000
sensor08701,1,68.494552,-72.859428,0.000000
sensor08702,1,68.540322,-72.816373,0.000000
sensor08703,1,68.586065,-72.773289,0.000000
sensor08704,1,68.631781,-72.730177,0.000000
sensor08705,1,68.677470,-72.687035,0.000000
sensor08706,1,68.723132,-72.643865,0.000000
sensor08707,1,68.768766,-72.600667,0.000000
sensor08708,1,68.814373,-72.557439,0.000000
sensor08709,1,68.859954,-72.514183,0.000000
sensor08710,1,68.905506,-72.470899,0.000000
sensor08711,1,68.951032,-72.427586,0.000000
sensor08712,1,68.996531,-72.384244,0.000000
sensor08713,1,69.042002,-72.340873,0.000000
sensor08714,1,69.087446,-72.297474,0.000000
sensor08715,1,69.132863,-72.254047,0.000000
sensor08716,1,69.178252,-72.210591,0.000000
sensor08717,1,69.223614,-72.167106,0.000000
sensor08718,1,69.268949,-72.123593,0.000000
sensor08719,1,69.314257,-72.080052,0.000000
sensor08720,1,69.359537,-72.036482,0.000000
sensor08721,1,69.404789,-71.992883,0.000000
sensor08722,1,69.450015,-71.949256,0.000000
sensor08723,1,69.495213,-71.905601,0.000000
sensor08724,1,69.540383,-71.861917,0.000000
sensor08725,1,69.585526,-71.818205,0.000000
sensor08726,1,69.630641,-71.774465,0.000000
sensor08727,1,69.675729,-71.730696,0.000000
sensor08728,1,69.720790,-71.686899,0.000000
sensor08729,1,69.765823,-71.643073,0.000000
sensor08730,1,69.810828,-71.599220,0.000000
sensor08731,1,69.855806,-71.555338,0.000000
sensor08732,1,69.900756,-71.511428,0.000000
sensor08733,1,69.945679,-71.467489,0.000000
sensor08734,1,69.990574,-71.423522,0.000000
sensor08735,1,70.035441,-71.379528,0.000000
sensor08736,1,70.080281,-71.335505,0.000000
sensor08737,1,70.125093,-71.291453,0.000000
sensor08738,1,70.169877,-71.247374,0.000000
sensor08739,1,70.214634,-71.203266,0.000000
sensor08740,1,70.259363,-71.159131,0.000000
sensor08741,1,70.304064,-71.114967,0.000000
sensor08742,1,70.348738,-71.070775,0.000000
sensor08743,1,70.393383,-71.026555,0.000000
sensor08744,1,70.438001,-70.982308,0.000000
sensor08745,1,70.482591,-70.938032,0.000000
sensor08746,1,70.527154,-70.893728,0.000000
sensor08747,1,70.571688,-70.849396,0.000000
sensor08748,1,70.616194,-70.805036,0.000000
sensor08749,1,70.660673,-70.760648,0.000000
sensor08750,1,70.705124,-70.716232,0.000000
sensor08751,1,70.749547,-70.671788,0.000000
sensor08752,1,70.793941,-70.627317,0.000000
sensor08753,1,70.838308,-70.582817,0.000000
sensor08754,1,70.882647,-70.538290,0.000000
sensor08755,1,70.926958,-70.493734,0.000000
sensor08756,1,70.971241,-70.449151,0.000000
sensor08757,1,71.015496,-70.404540,0.000000
sensor08758,1,71.059723,-70.359902,0.000000
sensor08759,1,71.103922,-70.315235,0.000000
sensor08760,1,71.148093,-70.270541,0.000000
sensor08761,1,71.192235,-70.225819,0.000000
sensor08762,1,71.236350,-70.181069,0.000000
sensor08763,1,71.280436,-70.136292,0.000000
sensor08764,1,71.324494,-70.091487,0.000000
sensor08765,1,71.368524,-70.046654,0.000000
sensor08766,1,71.412526,-70.001793,0.000000
sensor08767,1,71.456500,-69.956905,0.000000
sensor08768,1,71.500446,-69.911990,0.000000
sensor08769,1,71.544363,-69.867046,0.000000
sensor08770,1,71.588252,-69.822075,0.000000
sensor08771,1,71.632113,-69.777077,0.000000
sensor08772,1,71.675945,-69.732051,0.000000
sensor08773,1,71.719749,-69.686997,0.000000
sensor08774,1,71.763525,-69.641916,0.000000
sensor08775,1,71.807273,-69.596807,0.000000
sensor08776,1,71.850992,-69.551671,0.000000
sensor08777,1,71.894683,-69.506508,0.000000
sensor08778,1,71.938345,-69.461317,0.000000
sensor08779,1,71.981979,-69.416098,0.000000
sensor08780,1,72.025585,-69.370852,0.000000
sensor08781,1,72.069162,-69.325579,0.000000
sensor08782,1,72.112710,-69.280279,0.000000
sensor08783,1,72.156231,-69.234951,0.000000
sensor08784,1,72.199722,-69.189595,0.000000
sensor08785,1,72.243185,-69.144213,0.000000
sensor08786,1,72.286620,-69.098803,0.000000
sensor08787,1,72.330026,-69.053366,0.000000
sensor08788,1,72.373404,-69.007901,0.000000
sensor08789,1,72.416753,-68.962409,0.000000
sensor08790,1,72.460073,-68.916890,0.000000
sensor08791,1,72.503365,-68.871344,0.000000
sensor08792,1,72.546628,-68.825771,0.000000
sensor08793,1,72.589863,-68.780170,0.000000
sensor08794,1,72.633068,-68.734543,0.000000
sensor08795,1,72.676246,-68.688888,0.000000
sensor08796,1,72.719394,-68.643206,0.000000
sensor08797,1,72.762514,-68.597497,0.000000
sensor08798,1,72.805605,-68.551761,0.000000
sensor08799,1,72.848667,-68.505998,0.000000
sensor08800,1,72.891701,-68.460207,0.000000
sensor08801,1,72.934705,-68.414390,0.000000
sensor08802,1,72.977681,-68.368546,0.000000
sensor08803,1,73.020628,-68.322674,0.000000
sensor08804,1,73.063547,-68.276776,0.000000
sensor08805,1,73.106436,-68.230851,0.000000
sensor08806,1,73.149297,-68.184899,0.000000
sensor08807,1,73.192128,-68.138919,0.000000
sensor08808,1,73.234931,-68.092913,0.000000
sensor08809,1,73.277705,-68.046881,0.000000
sensor08810,1,73.320450,-68.000821,0.000000
sensor08811,1,73.363166,-67.954734,0.000000
sensor08812,1,73.405853,-67.908621,0.000000
sensor08813,1,73.448511,-67.862480,0.000000
sensor08814,1,73.491140,-67.816313,0.000000
sensor08815,1,73.533740,-67.770119,0.000000
sensor08816,1,73.576311,-67.723899,0.000000
sensor08817,1,73.618853,-67.677652,0.000000
sensor08818,1,73.661366,-67.631377,0.000000
sensor08819,1,73.703849,-67.585077,0.000000
sensor08820,1,73.746304,-67.538749,0.000000
sensor08821,1,73.788730,-67.492395,0.000000
sensor08822,1,73.831126,-67.446014,0.000000
sensor08823,1,73.873493,-67.399607,0.000000
sensor08824,1,73.915831,-67.353173,0.000000
sensor08825,1,73.958140,-67.306712,0.000000
sensor08826,1,74.000420,-67.260225,0.000000
sensor08827,1,74.042670,-67.213711,0.000000
sensor08828,1,74.084891,-67.167171,0.000000
sensor08829,1,74.127083,-67.120604,0.000000
sensor08830,1,74.169246,-67.074011,0.000000
sensor08831,1,74.211380,-67.027391,0.000000
sensor08832,1,74.253484,-66.980745,0.000000
sensor08833,1,74.295558,-66.934072,0.000000
sensor08834,1,74.337604,-66.887373,0.000000
sensor08835,1,74.379620,-66.840647,0.000000
sensor08836,1,74.421607,-66.793895,0.000000
sensor08837,1,74.463564,-66.747117,0.000000
sensor08838,1,74.505492,-66.700312,0.000000
sensor08839,1,74.547391,-66.653481,0.000000
sensor08840,1,74.589260,-66.606624,0.000000
sensor08841,1,74.631099,-66.559740,0.000000
sensor08842,1,74.672909,-66.512830,0.000000
sensor08843,1,74.714690,-66.465894,0.000000
sensor08844,1,74.756441,-66.418932,0.000000
sensor08845,1,74.798163,-66.371943,0.000000
sensor08846,1,74.839855,-66.324928,0.000000
sensor08847,1,74.881518,-66.277887,0.000000
sensor08848,1,74.923151,-66.230820,0.000000
sensor08849,1,74.964754,-66.183726,0.000000
sensor08850,1,75.006328,-66.136607,0.000000
sensor08851,1,75.047872,-66.089461,0.000000
sensor08852,1,75.089387,-66.042290,0.000000
sensor08853,1,75.130872,-65.995092,0.000000
sensor08854,1,75.172327,-65.947868,0.000000
sensor08855,1,75.213752,-65.900618,0.000000
sensor08856,1,75.255148,-65.853342,0.000000
sensor08857,1,75.296514,-65.806040,0.000000
sensor08858,1,75.337851,-65.758712,0.000000
sensor08859,1,75.379157,-65.711358,0.000000
sensor08860,1,75.420434,-65.663979,0.000000
sensor08861,1,75.461682,-65.616573,0.000000
sensor08862,1,75.502899,-65.569141,0.000000
sensor08863,1,75.544086,-65.521684,0.000000
sensor08864,1,75.585244,-65.474200,0.000000
sensor08865,1,75.626372,-65.426691,0.000000
sensor08866,1,75.667470,-65.379156,0.000000
sensor08867,1,75.708538,-65.331595,0.000000
sensor08868,1,75.749576,-65.284008,0.000000
sensor08869,1,75.790584,-65.236396,0.000000
sensor08870,1,75.831563,-65.188757,0.000000
sensor08871,1,75.872511,-65.141093,0.000000
sensor08872,1,75.913430,-65.093404,0.000000
sensor08873,1,75.954318,-65.045688,0.000000
sensor08874,1,75.995177,-64.997947,0.000000
sensor08875,1,76.036005,-64.950180,0.000000
sensor08876,1,76.076804,-64.902388,0.000000
sensor08877,1,76.117572,-64.854570,0.000000
sensor08878,1,76.158311,-64.806726,0.000000
sensor08879,1,76.199019,-64.758857,0.000000
sensor08880,1,76.239697,-64.710962,0.000000
sensor08881,1,76.280345,-64.663042,0.000000
sensor08882,1,76.320963,-64.615096,0.000000
sensor08883,1,76.361551,-64.567124,0.000000
sensor08884,1,76.402109,-64.519127,0.000000
sensor08885,1,76.442636,-64.471105,0.000000
sensor08886,1,76.483134,-64.423057,0.000000
sensor08887,1,76.523601,-64.374984,0.000000
sensor08888,1,76.564038,-64.326885,0.000000
sensor08889,1,76.604444,-64.278761,0.000000
sensor08890,1,76.644821,-64.230611,0.000000
sensor08891,1,76.685167,-64.182437,0.000000
sensor08892,1,76.725483,-64.134236,0.000000
sensor08893,1,76.765768,-64.086011,0.000000
sensor08894,1,76.806024,-64.037760,0.000000
sensor08895,1,76.846249,-63.989484,0.000000
sensor08896,1,76.886443,-63.941183,0.000000
sensor08897,1,76.926608,-63.892856,0.000000
sensor08898,1,76.966742,-63.844504,0.000000
sensor08899,1,77.006845,-63.796127,0.000000
sensor08900,1,77.046918,-63.747725,0.000000
sensor08901,1,77.086961,-63.699297,0.000000
sensor08902,1,77.126973,-63.650845,0.000000
sensor08903,1,77.166955,-63.602367,0.000000
sensor08904,1,77.206906,-63.553864,0.000000
sensor08905,1,77.246827,-63.505336,0.000000
sensor08906,1,77.286717,-63.456783,0.000000
sensor08907,1,77.326577,-63.408205,0.000000
sensor08908,1,77.366406,-63.359602,0.000000
sensor08909,1,77.406205,-63.310974,0.000000
sensor08910,1,77.445973,-63.262321,0.000000
sensor08911,1,77.485711,-63.213643,0.000000
sensor08912,1,77.525418,-63.164940,0.000000
sensor08913,1,77.565094,-63.116212,0.000000
sensor08914,1,77.604740,-63.067459,0.000000
sensor08915,1,77.644355,-63.018681,0.000000
sensor08916,1,77.683939,-62.969878,0.000000
sensor08917,1,77.723493,-62.921051,0.000000
sensor08918,1,77.763016,-62.872198,0.000000
sensor08919,1,77.802508,-62.823321,0.000000
sensor08920,1,77.841970,-62.774419,0.000000
sensor08921,1,77.881401,-62.725492,0.000000
sensor08922,1,77.920801,-62.676541,0.000000
sensor08923,1,77.960171,-62.627564,0.000000
sensor08924,1,77.999509,-62.578563,0.000000
sensor08925,1,78.038817,-62.529537,0.000000
sensor08926,1,78.078094,-62.480487,0.000000
sensor08927,1,78.117340,-62.431412,0.000000
sensor08928,1,78.156555,-62.382312,0.000000
sensor08929,1,78.195740,-62.333188,0.000000
sensor08930,1,78.234893,-62.284038,0.000000
sensor08931,1,78.274016,-62.234865,0.000000
sensor08932,1,78.313108,-62.185667,0.000000
sensor08933,1,78.352169,-62.136444,0.000000
sensor08934,1,78.391199,-62.087197,0.000000
sensor08935,1,78.430198,-62.037925,0.000000
sensor08936,1,78.469166,-61.988628,0.000000
sensor08937,1,78.508103,-61.939308,0.000000
sensor08938,1,78.547009,-61.889962,0.000000
sensor08939,1,78.585884,-61.840593,0.000000
sensor08940,1,78.624728,-61.791199,0.000000
sensor08941,1,78.663540,-61.741780,0.000000
sensor08942,1,78.702322,-61.692337,0.000000
sensor08943,1,78.741073,-61.642870,0.000000
sensor08944,1,78.779793,-61.593378,0.000000
sensor08945,1,78.818481,-61.543862,0.000000
sensor08946,1,78.857139,-61.494322,0.000000
sensor08947,1,78.895765,-61.444758,0.000000
sensor08948,1,78.934360,-61.395169,0.000000
sensor08949,1,78.972924,-61.345556,0.000000
sensor08950,1,79.011457,-61.295919,0.000000
sensor08951,1,79.049959,-61.246257,0.000000
sensor08952,1,79.088429,-61.196572,0.000000
sensor08953,1,79.126868,-61.146862,0.000000
sensor08954,1,79.165276,-61.097128,0.000000
sensor08955,1,79.203653,-61.047370,0.000000
sensor08956,1,79.241998,-60.997588,0.000000
sensor08957,1,79.280312,-60.947782,0.000000
sensor08958,1,79.318595,-60.897951,0.000000
sensor08959,1,79.356847,-60.848097,0.000000
sensor08960,1,79.395067,-60.798218,0.000000
sensor08961,1,79.433256,-60.748316,0.000000
sensor08962,1,79.471413,-60.698390,0.000000
sensor08963,1,79.509539,-60.648439,0.000000
sensor08964,1,79.547634,-60.598465,0.000000
sensor08965,1,79.585697,-60.548467,0.000000
sensor08966,1,79.623729,-60.498445,0.000000
sensor08967,1,79.661729,-60.448399,0.000000
sensor08968,1,79.699698,-60.398329,0.000000
sensor08969,1,79.737635,-60.348235,0.000000
sensor08970,1,79.775541,-60.298118,0.000000
sensor08971,1,79.813416,-60.247976,0.000000
sensor08972,1,79.851259,-60.197811,0.000000
sensor08973,1,79.889070,-60.147622,0.000000
sensor08974,1,79.926850,-60.097410,0.000000
sensor08975,1,79.964598,-60.047173,0.000000
sensor08976,1,80.002315,-59.996913,0.000000
sensor08977,1,80.040000,-59.946629,0.000000
sensor08978,1,80.077654,-59.896322,0.000000
sensor08979,1,80.115276,-59.845991,0.000000
sensor08980,1,80.152866,-59.795636,0.000000
sensor08981,1,80.190425,-59.745257,0.000000
sensor08982,1,80.227952,-59.694855,0.000000
sensor08983,1,80.265447,-59.644430,0.000000
sensor08984,1,80.302911,-59.593981,0.000000
sensor08985,1,80.340342,-59.543508,0.000000
sensor08986,1,80.377743,-59.493012,0.000000
sensor08987,1,80.415111,-59.442493,0.000000
sensor08988,1,80.452448,-59.391949,0.000000
sensor08989,1,80.489753,-59.341383,0.000000
sensor08990,1,80.527026,-59.290793,0.000000
sensor08991,1,80.564267,-59.240180,0.000000
sensor08992,1,80.601477,-59.189543,0.000000
sensor08993,1,80.638654,-59.138883,0.000000
sensor08994,1,80.675800,-59.088199,0.000000
sensor08995,1,80.712914,-59.037492,0.000000
sensor08996,1,80.749996,-58.986762,0.000000
sensor08997,1,80.787046,-58.936009,0.000000
sensor08998,1,80.824065,-58.885232,0.000000
sensor08999,1,80.861051,-58.834432,0.000000
sensor09000,1,80.898006,-58.783609,0.000000
sensor09001,1,80.934928,-58.732762,0.000000
sensor09002,1,80.971819,-58.681893,0.000000
sensor09003,1,81.008678,-58.631000,0.000000
sensor09004,1,81.045504,-58.580084,0.000000
sensor09005,1,81.082299,-58.529145,0.000000
sensor09006,1,81.119061,-58.478183,0.000000
sensor09007,1,81.155792,-58.427198,0.000000
sensor09008,1,81.192491,-58.376189,0.000000
sensor09009,1,81.229157,-58.325158,0.000000
sensor09010,1,81.265791,-58.274104,0.000000
sensor09011,1,81.302394,-58.223026,0.000000
sensor09012,1,81.338964,-58.171926,0.000000
sensor09013,1,81.375502,-58.120802,0.000000
sensor09014,1,81.412008,-58.069656,0.000000
sensor09015,1,81.448482,-58.018487,0.000000
sensor09016,1,81.484923,-57.967295,0.000000
sensor09017,1,81.521333,-57.916080,0.000000
sensor09018,1,81.557710,-57.864842,0.000000
sensor09019,1,81.594055,-57.813581,0.000000
sensor09020,1,81.630368,-57.762297,0.000000
sensor09021,1,81.666649,-57.710991,0.000000
sensor09022,1,81.702897,-57.659662,0.000000
sensor09023,1,81.739113,-57.608310,0.000000
sensor09024,1,81.775297,-57.556935,0.000000
sensor09025,1,81.811449,-57.505538,0.000000
sensor09026,1,81.847568,-57.454118,0.000000
sensor09027,1,81.883655,-57.402675,0.000000
sensor09028,1,81.919709,-57.351209,0.000000
sensor09029,1,81.955732,-57.299721,0.000000
sensor09030,1,81.991722,-57.248210,0.000000
sensor09031,1,82.027679,-57.196677,0.000000
sensor09032,1,82.063604,-57.145121,0.000000
sensor09033,1,82.099497,-57.093542,0.000000
sensor09034,1,82.135357,-57.041941,0.000000
sensor09035,1,82.171185,-56.990318,0.000000
sensor09036,1,82.206981,-56.938672,0.000000
sensor09037,1,82.242744,-56.887003,0.000000
sensor09038,1,82.278474,-56.835312,0.000000
sensor09039,1,82.314172,-56.783599,0.000000
sensor09040,1,82.349838,-56.731863,0.000000
sensor09041,1,82.385471,-56.680104,0.000000
sensor09042,1,82.421071,-56.628324,0.000000
sensor09043,1,82.456639,-56.576521,0.000000
sensor09044,1,82.492174,-56.524695,0.000000
sensor09045,1,82.527677,-56.472848,0.000000
sensor09046,1,82.563147,-56.420978,0.000000
sensor09047,1,82.598585,-56.369085,0.000000
sensor09048,1,82.633990,-56.317171,0.000000
sensor09049,1,82.669362,-56.265234,0.000000
sensor09050,1,82.704702,-56.213275,0.000000
sensor09051,1,82.740009,-56.161294,0.000000
sensor09052,1,82.775283,-56.109290,0.000000
sensor09053,1,82.810525,-56.057265,0.000000
sensor09054,1,82.845734,-56.005217,0.000000
sensor09055,1,82.880910,-55.953148,0.000000
sensor09056,1,82.916054,-55.901056,0.000000
sensor09057,1,82.951165,-55.848942,0.000000
sensor09058,1,82.986243,-55.796806,0.000000
sensor09059,1,83.021288,-55.744648,0.000000
sensor09060,1,83.056300,-55.692468,0.000000
sensor09061,1,83.091280,-55.640266,0.000000
sensor09062,1,83.126227,-55.588042,0.000000
sensor09063,1,83.161141,-55.535796,0.000000
sensor09064,1,83.196022,-55.483528,0.000000
sensor09065,1,83.230871,-55.431238,0.000000
sensor09066,1,83.265686,-55.378926,0.000000
sensor09067,1,83.300469,-55.326593,0.000000
sensor09068,1,83.335219,-55.274238,0.000000
sensor09069,1,83.369936,-55.221860,0.000000
sensor09070,1,83.404619,-55.169461,0.000000
sensor09071,1,83.439270,-55.117040,0.000000
sensor09072,1,83.473888,-55.064598,0.000000
sensor09073,1,83.508474,-55.012134,0.000000
sensor09074,1,83.543026,-54.959648,0.000000
sensor09075,1,83.577545,-54.907140,0.000000
sensor09076,1,83.612031,-54.854610,0.000000
sensor09077,1,83.646484,-54.802059,0.000000
sensor09078,1,83.680904,-54.749487,0.000000
sensor09079,1,83.715291,-54.696892,0.000000
sensor09080,1,83.749645,-54.644276,0.000000
sensor09081,1,83.783966,-54.591639,0.000000
sensor09082,1,83.818254,-54.538980,0.000000
sensor09083,1,83.852509,-54.486299,0.000000
sensor09084,1,83.886730,-54.433597,0.000000
sensor09085,1,83.920919,-54.380874,0.000000
sensor09086,1,83.955074,-54.328128,0.000000
sensor09087,1,83.989196,-54.275362,0.000000
sensor09088,1,84.023285,-54.222574,0.000000
sensor09089,1,84.057341,-54.169765,0.000000
sensor09090,1,84.091364,-54.116934,0.000000
sensor09091,1,84.125353,-54.064082,0.000000
sensor09092,1,84.159310,-54.011208,0.000000
sensor09093,1,84.193233,-53.958313,0.000000
sensor09094,1,84.227122,-53.905397,0.000000
sensor09095,1,84.260979,-53.852460,0.000000
sensor09096,1,84.294802,-53.799501,0.000000
sensor09097,1,84.328592,-53.746521,0.000000
sensor09098,1,84.362349,-53.693520,0.000000
sensor09099,1,84.396072,-53.640498,0.000000
sensor09100,1,84.429762,-53.587454,0.000000
sensor09101,1,84.463419,-53.534390,0.000000
sensor09102,1,84.497042,-53.481304,0.000000
sensor09103,1,84.530632,-53.428197,0.000000
sensor09104,1,84.564189,-53.375069,0.000000
sensor09105,1,84.597712,-53.321920,0.000000
sensor09106,1,84.631202,-53.268750,0.000000
sensor09107,1,84.664658,-53.215559,0.000000
sensor09108,1,84.698081,-53.162346,0.000000
sensor09109,1,84.731470,-53.109113,0.000000
sensor09110,1,84.764827,-53.055859,0.000000
sensor09111,1,84.798149,-53.002584,0.000000
sensor09112,1,84.831438,-52.949288,0.000000
sensor09113,1,84.864694,-52.895971,0.000000
sensor09114,1,84.897916,-52.842633,0.000000
sensor09115,1,84.931104,-52.789274,0.000000
sensor09116,1,84.964259,-52.735895,0.000000
sensor09117,1,84.997381,-52.682495,0.000000
sensor09118,1,85.030469,-52.629073,0.000000
sensor09119,1,85.063523,-52.575631,0.000000
sensor09120,1,85.096544,-52.522169,0.000000
sensor09121,1,85.129531,-52.468685,0.000000
sensor09122,1,85.162485,-52.415181,0.000000
sensor09123,1,85.195405,-52.361656,0.000000
sensor09124,1,85.228291,-52.308111,0.000000
sensor09125,1,85.261143,-52.254544,0.000000
sensor09126,1,85.293962,-52.200958,0.000000
sensor09127,1,85.326748,-52.147350,0.000000
sensor09128,1,85.359499,-52.093722,0.000000
sensor09129,1,85.392217,-52.040074,0.000000
sensor09130,1,85.424901,-51.986404,0.000000
sensor09131,1,85.457552,-51.932715,0.000000
sensor09132,1,85.490168,-51.879005,0.000000
sensor09133,1,85.522751,-51.825274,0.000000
sensor09134,1,85.555300,-51.771523,0.000000
sensor09135,1,85.587816,-51.717751,0.000000
sensor09136,1,85.620297,-51.663959,0.000000
sensor09137,1,85.652745,-51.610147,0.000000
sensor09138,1,85.685159,-51.556314,0.000000
sensor09139,1,85.717539,-51.502461,0.000000
sensor09140,1,85.749885,-51.448587,0.000000
sensor09141,1,85.782198,-51.394694,0.000000
sensor09142,1,85.814476,-51.340780,0.000000
sensor09143,1,85.846721,-51.286845,0.000000
sensor09144,1,85.878932,-51.232891,0.000000
sensor09145,1,85.911109,-51.178916,0.000000
sensor09146,1,85.943251,-51.124921,0.000000
sensor09147,1,85.975360,-51.070906,0.000000
sensor09148,1,86.007436,-51.016870,0.000000
sensor09149,1,86.039477,-50.962815,0.000000
sensor09150,1,86.071484,-50.908739,0.000000
sensor09151,1,86.103457,-50.854643,0.000000
sensor09152,1,86.135396,-50.800527,0.000000
sensor09153,1,86.167301,-50.746391,0.000000
sensor09154,1,86.199172,-50.692235,0.000000
sensor09155,1,86.231009,-50.638060,0.000000
sensor09156,1,86.262812,-50.583864,0.000000
sensor09157,1,86.294581,-50.529648,0.000000
sensor09158,1,86.326316,-50.475412,0.000000
sensor09159,1,86.358017,-50.421156,0.000000
sensor09160,1,86.389683,-50.366880,0.000000
sensor09161,1,86.421316,-50.312585,0.000000
sensor09162,1,86.452914,-50.258269,0.000000
sensor09163,1,86.484479,-50.203934,0.000000
sensor09164,1,86.516009,-50.149579,0.000000
sensor09165,1,86.547505,-50.095204,0.000000
sensor09166,1,86.578966,-50.040809,0.000000
sensor09167,1,86.610394,-49.986395,0.000000
sensor09168,1,86.641787,-49.931960,0.000000
sensor09169,1,86.673147,-49.877506,0.000000
sensor09170,1,86.704472,-49.823033,0.000000
sensor09171,1,86.735762,-49.768539,0.000000
sensor09172,1,86.767019,-49.714026,0.000000
sensor09173,1,86.798241,-49.659494,0.000000
sensor09174,1,86.829429,-49.604942,0.000000
sensor09175,1,86.860583,-49.550370,0.000000
sensor09176,1,86.891702,-49.495779,0.000000
sensor09177,1,86.922787,-49.441168,0.000000
sensor09178,1,86.953838,-49.386537,0.000000
sensor09179,1,86.984854,-49.331887,0.000000
sensor09180,1,87.015836,-49.277218,0.000000
sensor09181,1,87.046784,-49.222529,0.000000
sensor09182,1,87.077697,-49.167821,0.000000
sensor09183,1,87.108576,-49.113093,0.000000
sensor09184,1,87.139421,-49.058346,0.000000
sensor09185,1,87.170231,-49.003579,0.000000
sensor09186,1,87.201007,-48.948794,0.000000
sensor09187,1,87.231748,-48.893989,0.000000
sensor09188,1,87.262455,-48.839164,0.000000
sensor09189,1,87.293127,-48.784320,0.000000
sensor09190,1,87.323765,-48.729457,0.000000
sensor09191,1,87.354369,-48.674575,0.000000
sensor09192,1,87.384938,-48.619674,0.000000
sensor09193,1,87.415472,-48.564753,0.000000
sensor09194,1,87.445972,-48.509813,0.000000
sensor09195,1,87.476437,-48.454854,0.000000
sensor09196,1,87.506868,-48.399876,0.000000
sensor09197,1,87.537265,-48.344879,0.000000
sensor09198,1,87.567626,-48.289862,0.000000
sensor09199,1,87.597954,-48.234827,0.000000
sensor09200,1,87.628246,-48.179773,0.000000
sensor09201,1,87.658504,-48.124699,0.000000
sensor09202,1,87.688727,-48.069607,0.000000
sensor09203,1,87.718916,-48.014495,0.000000
sensor09204,1,87.749070,-47.959365,0.000000
sensor09205,1,87.779190,-47.904215,0.000000
sensor09206,1,87.809274,-47.849047,0.000000
sensor09207,1,87.839325,-47.793860,0.000000
sensor09208,1,87.869340,-47.738654,0.000000
sensor09209,1,87.899321,-47.683429,0.000000
sensor09210,1,87.929267,-47.628185,0.000000
sensor09211,1,87.959178,-47.572923,0.000000
sensor09212,1,87.989055,-47.517642,0.000000
sensor09213,1,88.018896,-47.462342,0.000000
sensor09214,1,88.048704,-47.407023,0.000000
sensor09215,1,88.078476,-47.351685,0.000000
sensor09216,1,88.108213,-47.296329,0.000000
sensor09217,1,88.137916,-47.240954,0.000000
sensor09218,1,88.167584,-47.185561,0.000000
sensor09219,1,88.197217,-47.130148,0.000000
sensor09220,1,88.226815,-47.074718,0.000000
sensor09221,1,88.256379,-47.019268,0.000000
sensor09222,1,88.285908,-46.963800,0.000000
sensor09223,1,88.315401,-46.908314,0.000000
sensor09224,1,88.344860,-46.852809,0.000000
sensor09225,1,88.374284,-46.797285,0.000000
sensor09226,1,88.403673,-46.741743,0.000000
sensor09227,1,88.433027,-46.686183,0.000000
sensor09228,1,88.462347,-46.630604,0.000000
sensor09229,1,88.491631,-46.575007,0.000000
sensor09230,1,88.520880,-46.519391,0.000000
sensor09231,1,88.550095,-46.463757,0.000000
sensor09232,1,88.579274,-46.408105,0.000000
sensor09233,1,88.608419,-46.352434,0.000000
sensor09234,1,88.637528,-46.296745,0.000000
sensor09235,1,88.666603,-46.241037,0.000000
sensor09236,1,88.695642,-46.185312,0.000000
sensor09237,1,88.724647,-46.129568,0.000000
sensor09238,1,88.753616,-46.073806,0.000000
sensor09239,1,88.782551,-46.018026,0.000000
sensor09240,1,88.811450,-45.962227,0.000000
sensor09241,1,88.840314,-45.906411,0.000000
sensor09242,1,88.869143,-45.850576,0.000000
sensor09243,1,88.897938,-45.794724,0.000000
sensor09244,1,88.926697,-45.738853,0.000000
sensor09245,1,88.955420,-45.682964,0.000000
sensor09246,1,88.984109,-45.627057,0.000000
sensor09247,1,89.012763,-45.571132,0.000000
sensor09248,1,89.041381,-45.515189,0.000000
sensor09249,1,89.069965,-45.459228,0.000000
sensor09250,1,89.098513,-45.403249,0.000000
sensor09251,1,89.127026,-45.347252,0.000000
sensor09252,1,89.155503,-45.291238,0.000000
sensor09253,1,89.183946,-45.235205,0.000000
sensor09254,1,89.212353,-45.179155,0.000000
sensor09255,1,89.240725,-45.123086,0.000000
sensor09256,1,89.269062,-45.067000,0.000000
sensor09257,1,89.297364,-45.010896,0.000000
sensor09258,1,89.325630,-44.954775,0.000000
sensor09259,1,89.353862,-44.898635,0.000000
sensor09260,1,89.382057,-44.842478,0.000000
sensor09261,1,89.410218,-44.786303,0.000000
sensor09262,1,89.438343,-44.730111,0.000000
sensor09263,1,89.466433,-44.673900,0.000000
sensor09264,1,89.494488,-44.617672,0.000000
sensor09265,1,89.522507,-44.561427,0.000000
sensor09266,1,89.550491,-44.505164,0.000000
sensor09267,1,89.578439,-44.448883,0.000000
sensor09268,1,89.606352,-44.392585,0.000000
sensor09269,1,89.634230,-44.336269,0.000000
sensor09270,1,89.662073,-44.279936,0.000000
sensor09271,1,89.689880,-44.223585,0.000000
sensor09272,1,89.717651,-44.167217,0.000000
sensor09273,1,89.745387,-44.110832,0.000000
sensor09274,1,89.773088,-44.054429,0.000000
sensor09275,1,89.800753,-43.998008,0.000000
sensor09276,1,89.828383,-43.941570,0.000000
sensor09277,1,89.855977,-43.885115,0.000000
sensor09278,1,89.883536,-43.828643,0.000000
sensor09279,1,89.911060,-43.772153,0.000000
sensor09280,1,89.938547,-43.715646,0.000000
sensor09281,1,89.966000,-43.659122,0.000000
sensor09282,1,89.993417,-43.602580,0.000000
sensor09283,1,90.020798,-43.546021,0.000000
sensor09284,1,90.048144,-43.489445,0.000000
sensor09285,1,90.075454,-43.432852,0.000000
sensor09286,1,90.102728,-43.376242,0.000000
sensor09287,1,90.129967,-43.319614,0.000000
sensor09288,1,90.157171,-43.262970,0.000000
sensor09289,1,90.184339,-43.206308,0.000000
sensor09290,1,90.211471,-43.149629,0.000000
sensor09291,1,90.238568,-43.092934,0.000000
sensor09292,1,90.265628,-43.036221,0.000000
sensor09293,1,90.292654,-42.979491,0.000000
sensor09294,1,90.319644,-42.922745,0.000000
sensor09295,1,90.346598,-42.865981,0.000000
sensor09296,1,90.373516,-42.809200,0.000000
sensor09297,1,90.400399,-42.752403,0.000000
sensor09298,1,90.427245,-42.695588,0.000000
sensor09299,1,90.454057,-42.638757,0.000000
sensor09300,1,90.480832,-42.581909,0.000000
sensor09301,1,90.507572,-42.525044,0.000000
sensor09302,1,90.534276,-42.468163,0.000000
sensor09303,1,90.560945,-42.411264,0.000000
sensor09304,1,90.587577,-42.354349,0.000000
sensor09305,1,90.614174,-42.297417,0.000000
sensor09306,1,90.640735,-42.240468,0.000000
sensor09307,1,90.667260,-42.183503,0.000000
sensor09308,1,90.693750,-42.126521,0.000000
sensor09309,1,90.720203,-42.069523,0.000000
sensor09310,1,90.746621,-42.012508,0.000000
sensor09311,1,90.773003,-41.955476,0.000000
sensor09312,1,90.799349,-41.898427,0.000000
sensor09313,1,90.825659,-41.841362,0.000000
sensor09314,1,90.851934,-41.784281,0.000000
sensor09315,1,90.878172,-41.727183,0.000000
sensor09316,1,90.904375,-41.670069,0.000000
sensor09317,1,90.930542,-41.612938,0.000000
sensor09318,1,90.956672,-41.555791,0.000000
sensor09319,1,90.982767,-41.498627,0.000000
sensor09320,1,91.008826,-41.441447,0.000000
sensor09321,1,91.034849,-41.384251,0.000000
sensor09322,1,91.060837,-41.327038,0.000000
sensor09323,1,91.086788,-41.269809,0.000000
sensor09324,1,91.112703,-41.212563,0.000000
sensor09325,1,91.138582,-41.155302,0.000000
sensor09326,1,91.164425,-41.098024,0.000000
sensor09327,1,91.190233,-41.040730,0.000000
sensor09328,1,91.216004,-40.983419,0.000000
sensor09329,1,91.241739,-40.926093,0.000000
sensor09330,1,91.267438,-40.868750,0.000000
sensor09331,1,91.293101,-40.811391,0.000000
sensor09332,1,91.318728,-40.754016,0.000000
sensor09333,1,91.344319,-40.696625,0.000000
sensor09334,1,91.369874,-40.639218,0.000000
sensor09335,1,91.395393,-40.581795,0.000000
sensor09336,1,91.420876,-40.524356,0.000000
sensor09337,1,91.446323,-40.466901,0.000000
sensor09338,1,91.471733,-40.409429,0.000000
sensor09339,1,91.497108,-40.351942,0.000000
sensor09340,1,91.522446,-40.294439,0.000000
sensor09341,1,91.547748,-40.236920,0.000000
sensor09342,1,91.573014,-40.179386,0.000000
sensor09343,1,91.598244,-40.121835,0.000000
sensor09344,1,91.623438,-40.064268,0.000000
sensor09345,1,91.648596,-40.006686,0.000000
sensor09346,1,91.673717,-39.949088,0.000000
sensor09347,1,91.698802,-39.891474,0.000000
sensor09348,1,91.723851,-39.833844,0.000000
sensor09349,1,91.748864,-39.776199,0.000000
sensor09350,1,91.773840,-39.718538,0.000000
sensor09351,1,91.798781,-39.660861,0.000000
sensor09352,1,91.823685,-39.603168,0.000000
sensor09353,1,91.848552,-39.545460,0.000000
sensor09354,1,91.873384,-39.487736,0.000000
sensor09355,1,91.898179,-39.429997,0.000000
sensor09356,1,91.922938,-39.372242,0.000000
sensor09357,1,91.947661,-39.314472,0.000000
sensor09358,1,91.972347,-39.256686,0.000000
sensor09359,1,91.996997,-39.198884,0.000000
sensor09360,1,92.021611,-39.141067,0.000000
sensor09361,1,92.046188,-39.083235,0.000000
sensor09362,1,92.070729,-39.025387,0.000000
sensor09363,1,92.095234,-38.967524,0.000000
sensor09364,1,92.119702,-38.909645,0.000000
sensor09365,1,92.144134,-38.851751,0.000000
sensor09366,1,92.168529,-38.793842,0.000000
sensor09367,1,92.192889,-38.735917,0.000000
sensor09368,1,92.217211,-38.677978,0.000000
sensor09369,1,92.241498,-38.620022,0.000000
sensor09370,1,92.265747,-38.562052,0.000000
sensor09371,1,92.289961,-38.504066,0.000000
sensor09372,1,92.314138,-38.446065,0.000000
sensor09373,1,92.338279,-38.388049,0.000000
sensor09374,1,92.362383,-38.330018,0.000000
sensor09375,1,92.386450,-38.271972,0.000000
sensor09376,1,92.410481,-38.213910,0.000000
sensor09377,1,92.434476,-38.155834,0.000000
sensor09378,1,92.458434,-38.097742,0.000000
sensor09379,1,92.482356,-38.039635,0.000000
sensor09380,1,92.506241,-37.981514,0.000000
sensor09381,1,92.530090,-37.923377,0.000000
sensor09382,1,92.553902,-37.865225,0.000000
sensor09383,1,92.577677,-37.807059,0.000000
sensor09384,1,92.601416,-37.748877,0.000000
sensor09385,1,92.625119,-37.690681,0.000000
sensor09386,1,92.648784,-37.632469,0.000000
sensor09387,1,92.672414,-37.574243,0.000000
sensor09388,1,92.696006,-37.516002,0.000000
sensor09389,1,92.719562,-37.457746,0.000000
sensor09390,1,92.743082,-37.399476,0.000000
sensor09391,1,92.766565,-37.341190,0.000000
sensor09392,1,92.790011,-37.282890,0.000000
sensor09393,1,92.813420,-37.224575,0.000000
sensor09394,1,92.836793,-37.166246,0.000000
sensor09395,1,92.860130,-37.107901,0.000000
sensor09396,1,92.883429,-37.049542,0.000000
sensor09397,1,92.906692,-36.991169,0.000000
sensor09398,1,92.929918,-36.932781,0.000000
sensor09399,1,92.953108,-36.874378,0.000000
sensor09400,1,92.976261,-36.815961,0.000000
sensor09401,1,92.999377,-36.757529,0.000000
sensor09402,1,93.022456,-36.699083,0.000000
sensor09403,1,93.045499,-36.640622,0.000000
sensor09404,1,93.068505,-36.582147,0.000000
sensor09405,1,93.091474,-36.523657,0.000000
sensor09406,1,93.114406,-36.465153,0.000000
sensor09407,1,93.137302,-36.406634,0.000000
sensor09408,1,93.160161,-36.348101,0.000000
sensor09409,1,93.182983,-36.289554,0.000000
sensor09410,1,93.205768,-36.230992,0.000000
sensor09411,1,93.228517,-36.172416,0.000000
sensor09412,1,93.251228,-36.113826,0.000000
sensor09413,1,93.273903,-36.055222,0.000000
sensor09414,1,93.296541,-35.996603,0.000000
sensor09415,1,93.319142,-35.937970,0.000000
sensor09416,1,93.341707,-35.879323,0.000000
sensor09417,1,93.364234,-35.820662,0.000000
sensor09418,1,93.386725,-35.761986,0.000000
sensor09419,1,93.409178,-35.703297,0.000000
sensor09420,1,93.431595,-35.644593,0.000000
sensor09421,1,93.453975,-35.585875,0.000000
sensor09422,1,93.476318,-35.527144,0.000000
sensor09423,1,93.498624,-35.468398,0.000000
sensor09424,1,93.520894,-35.409638,0.000000
sensor09425,1,93.543126,-35.350864,0.000000
sensor09426,1,93.565321,-35.292077,0.000000
sensor09427,1,93.587480,-35.233275,0.000000
sensor09428,1,93.609601,-35.174459,0.000000
sensor09429,1,93.631686,-35.115630,0.000000
sensor09430,1,93.653733,-35.056787,0.000000
sensor09431,1,93.675744,-34.997929,0.000000
sensor09432,1,93.697717,-34.939058,0.000000
sensor09433,1,93.719654,-34.880174,0.000000
sensor09434,1,93.741553,-34.821275,0.000000
sensor09435,1,93.763416,-34.762363,0.000000
sensor09436,1,93.785241,-34.703437,0.000000
sensor09437,1,93.807030,-34.644497,0.000000
sensor09438,1,93.828781,-34.585543,0.000000
sensor09439,1,93.850496,-34.526576,0.000000
sensor09440,1,93.872173,-34.467596,0.000000
sensor09441,1,93.893813,-34.408601,0.000000
sensor09442,1,93.915416,-34.349593,0.000000
sensor09443,1,93.936982,-34.290572,0.000000
sensor09444,1,93.958511,-34.231537,0.000000
sensor09445,1,93.980003,-34.172488,0.000000
sensor09446,1,94.001458,-34.113426,0.000000
sensor09447,1,94.022876,-34.054351,0.000000
sensor09448,1,94.044256,-33.995262,0.000000
sensor09449,1,94.065600,-33.936160,0.000000
sensor09450,1,94.086906,-33.877044,0.000000
sensor09451,1,94.108175,-33.817915,0.000000
sensor09452,1,94.129407,-33.758772,0.000000
sensor09453,1,94.150602,-33.699616,0.000000
sensor09454,1,94.171760,-33.640447,0.000000
sensor09455,1,94.192880,-33.581265,0.000000
sensor09456,1,94.213963,-33.522069,0.000000
sensor09457,1,94.235009,-33.462860,0.000000
sensor09458,1,94.256018,-33.403638,0.000000
sensor09459,1,94.276990,-33.344403,0.000000
sensor09460,1,94.297924,-33.285154,0.000000
sensor09461,1,94.318821,-33.225893,0.000000
sensor09462,1,94.339681,-33.166618,0.000000
sensor09463,1,94.360504,-33.107330,0.000000
sensor09464,1,94.381289,-33.048029,0.000000
sensor09465,1,94.402037,-32.988715,0.000000
sensor09466,1,94.422748,-32.929388,0.000000
sensor09467,1,94.443422,-32.870048,0.000000
sensor09468,1,94.464058,-32.810695,0.000000
sensor09469,1,94.484657,-32.751329,0.000000
sensor09470,1,94.505219,-32.691950,0.000000
sensor09471,1,94.525743,-32.632559,0.000000
sensor09472,1,94.546230,-32.573154,0.000000
sensor09473,1,94.566680,-32.513736,0.000000
sensor09474,1,94.587092,-32.454306,0.000000
sensor09475,1,94.607467,-32.394863,0.000000
sensor09476,1,94.627805,-32.335407,0.000000
sensor09477,1,94.648105,-32.275938,0.000000
sensor09478,1,94.668368,-32.216457,0.000000
sensor09479,1,94.688594,-32.156963,0.000000
sensor09480,1,94.708782,-32.097456,0.000000
sensor09481,1,94.728932,-32.037936,0.000000
sensor09482,1,94.749046,-31.978404,0.000000
sensor09483,1,94.769122,-31.918859,0.000000
sensor09484,1,94.789160,-31.859302,0.000000
sensor09485,1,94.809161,-31.799732,0.000000
sensor09486,1,94.829125,-31.740149,0.000000
sensor09487,1,94.849051,-31.680554,0.000000
sensor09488,1,94.868940,-31.620946,0.000000
sensor09489,1,94.888791,-31.561326,0.000000
sensor09490,1,94.908605,-31.501694,0.000000
sensor09491,1,94.928381,-31.442049,0.000000
sensor09492,1,94.948120,-31.382391,0.000000
sensor09493,1,94.967822,-31.322721,0.000000
sensor09494,1,94.987485,-31.263039,0.000000
sensor09495,1,95.007112,-31.203345,0.000000
sensor09496,1,95.026701,-31.143638,0.000000
sensor09497,1,95.046252,-31.083919,0.000000
sensor09498,1,95.065766,-31.024187,0.000000
sensor09499,1,95.085242,-30.964443,0.000000
sensor09500,1,95.104681,-30.904688,0.000000
sensor09501,1,95.124082,-30.844919,0.000000
sensor09502,1,95.143445,-30.785139,0.000000
sensor09503,1,95.162771,-30.725347,0.000000
sensor09504,1,95.182060,-30.665542,0.000000
sensor09505,1,95.201311,-30.605725,0.000000
sensor09506,1,95.220524,-30.545897,0.000000
sensor09507,1,95.239700,-30.486056,0.000000
sensor09508,1,95.258838,-30.426203,0.000000
sensor09509,1,95.277938,-30.366338,0.000000
sensor09510,1,95.297001,-30.306461,0.000000
sensor09511,1,95.316026,-30.246572,0.000000
sensor09512,1,95.335014,-30.186672,0.000000
sensor09513,1,95.353964,-30.126759,0.000000
sensor09514,1,95.372876,-30.066834,0.000000
sensor09515,1,95.391751,-30.006898,0.000000
sensor09516,1,95.410588,-29.946950,0.000000
sensor09517,1,95.429387,-29.886989,0.000000
sensor09518,1,95.448148,-29.827017,0.000000
sensor09519,1,95.466872,-29.767034,0.000000
sensor09520,1,95.485558,-29.707038,0.000000
sensor09521,1,95.504207,-29.647031,0.000000
sensor09522,1,95.522818,-29.587012,0.000000
sensor09523,1,95.541391,-29.526982,0.000000
sensor09524,1,95.559926,-29.466939,0.000000
sensor09525,1,95.578424,-29.406885,0.000000
sensor09526,1,95.596884,-29.346820,0.000000
sensor09527,1,95.615306,-29.286743,0.000000
sensor09528,1,95.633690,-29.226654,0.000000
sensor09529,1,95.652037,-29.166554,0.000000
sensor09530,1,95.670346,-29.106442,0.000000
sensor09531,1,95.688617,-29.046319,0.000000
sensor09532,1,95.706850,-28.986184,0.000000
sensor09533,1,95.725045,-28.926038,0.000000
sensor09534,1,95.743203,-28.865881,0.000000
sensor09535,1,95.761323,-28.805712,0.000000
sensor09536,1,95.779405,-28.745531,0.000000
sensor09537,1,95.797449,-28.685340,0.000000
sensor09538,1,95.815456,-28.625137,0.000000
sensor09539,1,95.833424,-28.564922,0.000000
sensor09540,1,95.851355,-28.504697,0.000000
sensor09541,1,95.869248,-28.444460,0.000000
sensor09542,1,95.887103,-28.384212,0.000000
sensor09543,1,95.904920,-28.323953,0.000000
sensor09544,1,95.922699,-28.263682,0.000000
sensor09545,1,95.940441,-28.203401,0.000000
sensor09546,1,95.958144,-28.143108,0.000000
sensor09547,1,95.975810,-28.082804,0.000000
sensor09548,1,95.993438,-28.022489,0.000000
sensor09549,1,96.011028,-27.962163,0.000000
sensor09550,1,96.028580,-27.901826,0.000000
sensor09551,1,96.046094,-27.841478,0.000000
sensor09552,1,96.063570,-27.781119,0.000000
sensor09553,1,96.081008,-27.720749,0.000000
sensor09554,1,96.098408,-27.660368,0.000000
sensor09555,1,96.115770,-27.599976,0.000000
sensor09556,1,96.133095,-27.539573,0.000000
sensor09557,1,96.150381,-27.479159,0.000000
sensor09558,1,96.167630,-27.418735,0.000000
sensor09559,1,96.184840,-27.358300,0.000000
sensor09560,1,96.202012,-27.297853,0.000000
sensor09561,1,96.219147,-27.237396,0.000000
sensor09562,1,96.236243,-27.176929,0.000000
sensor09563,1,96.253302,-27.116450,0.000000
sensor09564,1,96.270322,-27.055961,0.000000
sensor09565,1,96.287305,-26.995461,0.000000
sensor09566,1,96.304249,-26.934951,0.000000
sensor09567,1,96.321156,-26.874430,0.000000
sensor09568,1,96.338024,-26.813898,0.000000
sensor09569,1,96.354854,-26.753356,0.000000
sensor09570,1,96.371647,-26.692803,0.000000
sensor09571,1,96.388401,-26.632240,0.000000
sensor09572,1,96.405117,-26.571666,0.000000
sensor09573,1,96.421795,-26.511081,0.000000
sensor09574,1,96.438435,-26.450486,0.000000
sensor09575,1,96.455037,-26.389881,0.000000
sensor09576,1,96.471601,-26.329265,0.000000
sensor09577,1,96.488127,-26.268639,0.000000
sensor09578,1,96.504614,-26.208003,0.000000
sensor09579,1,96.521064,-26.147356,0.000000
sensor09580,1,96.537475,-26.086698,0.000000
sensor09581,1,96.553849,-26.026031,0.000000
sensor09582,1,96.570184,-25.965353,0.000000
sensor09583,1,96.586481,-25.904665,0.000000
sensor09584,1,96.602740,-25.843967,0.000000
sensor09585,1,96.618961,-25.783258,0.000000
sensor09586,1,96.635143,-25.722540,0.000000
sensor09587,1,96.651288,-25.661811,0.000000
sensor09588,1,96.667394,-25.601072,0.000000
sensor09589,1,96.683462,-25.540323,0.000000
sensor09590,1,96.699492,-25.479564,0.000000
sensor09591,1,96.715484,-25.418795,0.000000
sensor09592,1,96.731438,-25.358015,0.000000
sensor09593,1,96.747353,-25.297226,0.000000
sensor09594,1,96.763230,-25.236427,0.000000
sensor09595,1,96.779069,-25.175618,0.000000
sensor09596,1,96.794870,-25.114799,0.000000
sensor09597,1,96.810633,-25.053970,0.000000
sensor09598,1,96.826357,-24.993131,0.000000
sensor09599,1,96.842043,-24.932282,0.000000
sensor09600,1,96.857691,-24.871423,0.000000
sensor09601,1,96.873301,-24.810555,0.000000
sensor09602,1,96.888872,-24.749677,0.000000
sensor09603,1,96.904405,-24.688788,0.000000
sensor09604,1,96.919900,-24.627891,0.000000
sensor09605,1,96.935356,-24.566983,0.000000
sensor09606,1,96.950775,-24.506066,0.000000
sensor09607,1,96.966155,-24.445139,0.000000
sensor09608,1,96.981497,-24.384203,0.000000
sensor09609,1,96.996800,-24.323256,0.000000
sensor09610,1,97.012065,-24.262301,0.000000
sensor09611,1,97.027292,-24.201335,0.000000
sensor09612,1,97.042480,-24.140360,0.000000
sensor09613,1,97.057631,-24.079376,0.000000
sensor09614,1,97.072742,-24.018382,0.000000
sensor09615,1,97.087816,-23.957378,0.000000
sensor09616,1,97.102851,-23.896366,0.000000
sensor09617,1,97.117848,-23.835343,0.000000
sensor09618,1,97.132807,-23.774311,0.000000
sensor09619,1,97.147727,-23.713270,0.000000
sensor09620,1,97.162609,-23.652220,0.000000
sensor09621,1,97.177452,-23.591160,0.000000
sensor09622,1,97.192257,-23.530091,0.000000
sensor09623,1,97.207024,-23.469012,0.000000
sensor09624,1,97.221752,-23.407925,0.000000
sensor09625,1,97.236442,-23.346828,0.000000
sensor09626,1,97.251093,-23.285722,0.000000
sensor09627,1,97.265707,-23.224606,0.000000
sensor09628,1,97.280281,-23.163482,0.000000
sensor09629,1,97.294818,-23.102348,0.000000
sensor09630,1,97.309315,-23.041205,0.000000
sensor09631,1,97.323775,-22.980053,0.000000
sensor09632,1,97.338196,-22.918892,0.000000
sensor09633,1,97.352578,-22.857722,0.000000
sensor09634,1,97.366923,-22.796543,0.000000
sensor09635,1,97.381228,-22.735355,0.000000
sensor09636,1,97.395496,-22.674158,0.000000
sensor09637,1,97.409724,-22.612952,0.000000
sensor09638,1,97.423915,-22.551737,0.000000
sensor09639,1,97.438067,-22.490513,0.000000
sensor09640,1,97.452180,-22.429281,0.000000
sensor09641,1,97.466255,-22.368039,0.000000
sensor09642,1,97.480291,-22.306789,0.000000
sensor09643,1,97.494289,-22.245529,0.000000
sensor09644,1,97.508249,-22.184262,0.000000
sensor09645,1,97.522170,-22.122985,0.000000
sensor09646,1,97.536052,-22.061699,0.000000
sensor09647,1,97.549896,-22.000405,0.000000
sensor09648,1,97.563701,-21.939102,0.000000
sensor09649,1,97.577468,-21.877791,0.000000
sensor09650,1,97.591196,-21.816471,0.000000
sensor09651,1,97.604886,-21.755142,0.000000
sensor09652,1,97.618537,-21.693804,0.000000
sensor09653,1,97.632150,-21.632458,0.000000
sensor09654,1,97.645724,-21.571104,0.000000
sensor09655,1,97.659260,-21.509741,0.000000
sensor09656,1,97.672757,-21.448369,0.000000
sensor09657,1,97.686215,-21.386989,0.000000
sensor09658,1,97.699635,-21.325601,0.000000
sensor09659,1,97.713017,-21.264204,0.000000
sensor09660,1,97.726359,-21.202799,0.000000
sensor09661,1,97.739664,-21.141385,0.000000
sensor09662,1,97.752929,-21.079963,0.000000
sensor09663,1,97.766156,-21.018533,0.000000
sensor09664,1,97.779344,-20.957095,0.000000
sensor09665,1,97.792494,-20.895648,0.000000
sensor09666,1,97.805605,-20.834193,0.000000
sensor09667,1,97.818678,-20.772729,0.000000
sensor09668,1,97.831712,-20.711258,0.000000
sensor09669,1,97.844707,-20.649778,0.000000
sensor09670,1,97.857664,-20.588290,0.000000
sensor09671,1,97.870581,-20.526794,0.000000
sensor09672,1,97.883461,-20.465290,0.000000
sensor09673,1,97.896302,-20.403778,0.000000
sensor09674,1,97.909104,-20.342258,0.000000
sensor09675,1,97.921867,-20.280729,0.000000
sensor09676,1,97.934592,-20.219193,0.000000
sensor09677,1,97.947278,-20.157649,0.000000
sensor09678,1,97.959925,-20.096097,0.000000
sensor09679,1,97.972534,-20.034536,0.000000
sensor09680,1,97.985104,-19.972968,0.000000
sensor09681,1,97.997635,-19.911392,0.000000
sensor09682,1,98.010128,-19.849809,0.000000
sensor09683,1,98.022581,-19.788217,0.000000
sensor09684,1,98.034997,-19.726617,0.000000
sensor09685,1,98.047373,-19.665010,0.000000
sensor09686,1,98.059711,-19.603395,0.000000
sensor09687,1,98.072010,-19.541772,0.000000
sensor09688,1,98.084270,-19.480142,0.000000
sensor09689,1,98.096492,-19.418504,0.000000
sensor09690,1,98.108675,-19.356858,0.000000
sensor09691,1,98.120819,-19.295204,0.000000
sensor09692,1,98.132924,-19.233543,0.000000
sensor09693,1,98.144991,-19.171875,0.000000
sensor09694,1,98.157019,-19.110198,0.000000
sensor09695,1,98.169008,-19.048515,0.000000
sensor09696,1,98.180958,-18.986823,0.000000
sensor09697,1,98.192870,-18.925124,0.000000
sensor09698,1,98.204743,-18.863418,0.000000
sensor09699,1,98.216577,-18.801704,0.000000
sensor09700,1,98.228372,-18.739983,0.000000
sensor09701,1,98.240128,-18.678255,0.000000
sensor09702,1,98.251846,-18.616519,0.000000
sensor09703,1,98.263525,-18.554775,0.000000
sensor09704,1,98.275165,-18.493025,0.000000
sensor09705,1,98.286766,-18.431267,0.000000
sensor09706,1,98.298329,-18.369502,0.000000
sensor09707,1,98.309852,-18.307729,0.000000
sensor09708,1,98.321337,-18.245949,0.000000
sensor09709,1,98.332783,-18.184163,0.000000
sensor09710,1,98.344190,-18.122368,0.000000
sensor09711,1,98.355559,-18.060567,0.000000
sensor09712,1,98.366888,-17.998759,0.000000
sensor09713,1,98.378179,-17.936943,0.000000
sensor09714,1,98.389431,-17.875121,0.000000
sensor09715,1,98.400644,-17.813291,0.000000
sensor09716,1,98.411818,-17.751455,0.000000
sensor09717,1,98.422953,-17.689611,0.000000
sensor09718,1,98.434049,-17.627760,0.000000
sensor09719,1,98.445107,-17.565903,0.000000
sensor09720,1,98.456125,-17.504038,0.000000
sensor09721,1,98.467105,-17.442167,0.000000
sensor09722,1,98.478046,-17.380288,0.000000
sensor09723,1,98.488948,-17.318403,0.000000
sensor09724,1,98.499811,-17.256511,0.000000
sensor09725,1,98.510635,-17.194612,0.000000
sensor09726,1,98.521421,-17.132707,0.000000
sensor09727,1,98.532167,-17.070794,0.000000
sensor09728,1,98.542875,-17.008875,0.000000
sensor09729,1,98.553543,-16.946949,0.000000
sensor09730,1,98.564173,-16.885017,0.000000
sensor09731,1,98.574764,-16.823078,0.000000
sensor09732,1,98.585316,-16.761132,0.000000
sensor09733,1,98.595829,-16.699179,0.000000
sensor09734,1,98.606303,-16.637220,0.000000
sensor09735,1,98.616738,-16.575254,0.000000
sensor09736,1,98.627134,-16.513282,0.000000
sensor09737,1,98.637491,-16.451304,0.000000
sensor09738,1,98.647809,-16.389318,0.000000
sensor09739,1,98.658088,-16.327327,0.000000
sensor09740,1,98.668329,-16.265329,0.000000
sensor09741,1,98.678530,-16.203324,0.000000
sensor09742,1,98.688692,-16.141313,0.000000
sensor09743,1,98.698816,-16.079296,0.000000
sensor09744,1,98.708900,-16.017272,0.000000
sensor09745,1,98.718946,-15.955242,0.000000
sensor09746,1,98.728952,-15.893206,0.000000
sensor09747,1,98.738920,-15.831163,0.000000
sensor09748,1,98.748848,-15.769114,0.000000
sensor09749,1,98.758738,-15.707059,0.000000
sensor09750,1,98.768588,-15.644998,0.000000
sensor09751,1,98.778400,-15.582931,0.000000
sensor09752,1,98.788172,-15.520857,0.000000
sensor09753,1,98.797906,-15.458777,0.000000
sensor09754,1,98.807600,-15.396692,0.000000
sensor09755,1,98.817256,-15.334600,0.000000
sensor09756,1,98.826872,-15.272502,0.000000
sensor09757,1,98.836450,-15.210398,0.000000
sensor09758,1,98.845988,-15.148288,0.000000
sensor09759,1,98.855488,-15.086172,0.000000
sensor09760,1,98.864948,-15.024050,0.000000
sensor09761,1,98.874369,-14.961922,0.000000
sensor09762,1,98.883751,-14.899788,0.000000
sensor09763,1,98.893095,-14.837649,0.000000
sensor09764,1,98.902399,-14.775503,0.000000
sensor09765,1,98.911664,-14.713352,0.000000
sensor09766,1,98.920890,-14.651195,0.000000
sensor09767,1,98.930077,-14.589032,0.000000
sensor09768,1,98.939225,-14.526863,0.000000
sensor09769,1,98.948334,-14.464689,0.000000
sensor09770,1,98.957404,-14.402508,0.000000
sensor09771,1,98.966434,-14.340323,0.000000
sensor09772,1,98.975426,-14.278131,0.000000
sensor09773,1,98.984379,-14.215934,0.000000
sensor09774,1,98.993292,-14.153731,0.000000
sensor09775,1,99.002167,-14.091523,0.000000
sensor09776,1,99.011002,-14.029309,0.000000
sensor09777,1,99.019798,-13.967090,0.000000
sensor09778,1,99.028555,-13.904865,0.000000
sensor09779,1,99.037273,-13.842634,0.000000
sensor09780,1,99.045952,-13.780398,0.000000
sensor09781,1,99.054592,-13.718157,0.000000
sensor09782,1,99.063193,-13.655910,0.000000
sensor09783,1,99.071754,-13.593658,0.000000
sensor09784,1,99.080277,-13.531401,0.000000
sensor09785,1,99.088760,-13.469138,0.000000
sensor09786,1,99.097204,-13.406869,0.000000
sensor09787,1,99.105609,-13.344596,0.000000
sensor09788,1,99.113975,-13.282317,0.000000
sensor09789,1,99.122302,-13.220033,0.000000
sensor09790,1,99.130589,-13.157744,0.000000
sensor09791,1,99.138838,-13.095450,0.000000
sensor09792,1,99.147047,-13.033150,0.000000
sensor09793,1,99.155218,-12.970845,0.000000
sensor09794,1,99.163349,-12.908535,0.000000
sensor09795,1,99.171441,-12.846221,0.000000
sensor09796,1,99.179493,-12.783901,0.000000
sensor09797,1,99.187507,-12.721575,0.000000
sensor09798,1,99.195481,-12.659245,0.000000
sensor09799,1,99.203417,-12.596910,0.000000
sensor09800,1,99.211313,-12.534570,0.000000
sensor09801,1,99.219170,-12.472225,0.000000
sensor09802,1,99.226987,-12.409875,0.000000
sensor09803,1,99.234766,-12.347520,0.000000
sensor09804,1,99.242505,-12.285161,0.000000
sensor09805,1,99.250205,-12.222796,0.000000
sensor09806,1,99.257866,-12.160427,0.000000
sensor09807,1,99.265488,-12.098053,0.000000
sensor09808,1,99.273071,-12.035674,0.000000
sensor09809,1,99.280614,-11.973290,0.000000
sensor09810,1,99.288118,-11.910901,0.000000
sensor09811,1,99.295583,-11.848508,0.000000
sensor09812,1,99.303009,-11.786110,0.000000
sensor09813,1,99.310396,-11.723708,0.000000
sensor09814,1,99.317743,-11.661301,0.000000
sensor09815,1,99.325051,-11.598889,0.000000
sensor09816,1,99.332320,-11.536473,0.000000
sensor09817,1,99.339550,-11.474052,0.000000
sensor09818,1,99.346740,-11.411627,0.000000
sensor09819,1,99.353891,-11.349197,0.000000
sensor09820,1,99.361003,-11.286762,0.000000
sensor09821,1,99.368076,-11.224324,0.000000
sensor09822,1,99.375110,-11.161880,0.000000
sensor09823,1,99.382104,-11.099433,0.000000
sensor09824,1,99.389059,-11.036981,0.000000
sensor09825,1,99.395975,-10.974524,0.000000
sensor09826,1,99.402851,-10.912063,0.000000
sensor09827,1,99.409689,-10.849598,0.000000
sensor09828,1,99.416487,-10.787129,0.000000
sensor09829,1,99.423246,-10.724655,0.000000
sensor09830,1,99.429965,-10.662178,0.000000
sensor09831,1,99.436645,-10.599696,0.000000
sensor09832,1,99.443286,-10.537209,0.000000
sensor09833,1,99.449888,-10.474719,0.000000
sensor09834,1,99.456451,-10.412224,0.000000
sensor09835,1,99.462974,-10.349726,0.000000
sensor09836,1,99.469458,-10.287223,0.000000
sensor09837,1,99.475902,-10.224716,0.000000
sensor09838,1,99.482308,-10.162205,0.000000
sensor09839,1,99.488674,-10.099691,0.000000
sensor09840,1,99.495001,-10.037172,0.000000
sensor09841,1,99.501288,-9.974649,0.000000
sensor09842,1,99.507537,-9.912122,0.000000
sensor09843,1,99.513746,-9.849592,0.000000
sensor09844,1,99.519915,-9.787057,0.000000
sensor09845,1,99.526046,-9.724519,0.000000
sensor09846,1,99.532137,-9.661977,0.000000
sensor09847,1,99.538188,-9.599430,0.000000
sensor09848,1,99.544201,-9.536881,0.000000
sensor09849,1,99.550174,-9.474327,0.000000
sensor09850,1,99.556108,-9.411770,0.000000
sensor09851,1,99.562002,-9.349209,0.000000
sensor09852,1,99.567857,-9.286644,0.000000
sensor09853,1,99.573673,-9.224075,0.000000
sensor09854,1,99.579450,-9.161503,0.000000
sensor09855,1,99.585187,-9.098928,0.000000
sensor09856,1,99.590885,-9.036348,0.000000
sensor09857,1,99.596544,-8.973766,0.000000
sensor09858,1,99.602163,-8.911179,0.000000
sensor09859,1,99.607743,-8.848589,0.000000
sensor09860,1,99.613284,-8.785996,0.000000
sensor09861,1,99.618785,-8.723399,0.000000
sensor09862,1,99.624247,-8.660799,0.000000
sensor09863,1,99.629669,-8.598195,0.000000
sensor09864,1,99.635053,-8.535588,0.000000
sensor09865,1,99.640397,-8.472977,0.000000
sensor09866,1,99.645701,-8.410364,0.000000
sensor09867,1,99.650967,-8.347746,0.000000
sensor09868,1,99.656192,-8.285126,0.000000
sensor09869,1,99.661379,-8.222502,0.000000
sensor09870,1,99.666526,-8.159875,0.000000
sensor09871,1,99.671634,-8.097245,0.000000
sensor09872,1,99.676702,-8.034612,0.000000
sensor09873,1,99.681732,-7.971975,0.000000
sensor09874,1,99.686721,-7.909335,0.000000
sensor09875,1,99.691672,-7.846693,0.000000
sensor09876,1,99.696583,-7.784047,0.000000
sensor09877,1,99.701454,-7.721398,0.000000
sensor09878,1,99.706287,-7.658746,0.000000
sensor09879,1,99.711080,-7.596091,0.000000
sensor09880,1,99.715833,-7.533432,0.000000
sensor09881,1,99.720547,-7.470771,0.000000
sensor09882,1,99.725222,-7.408107,0.000000
sensor09883,1,99.729858,-7.345440,0.000000
sensor09884,1,99.734454,-7.282771,0.000000
sensor09885,1,99.739010,-7.220098,0.000000
sensor09886,1,99.743528,-7.157422,0.000000
sensor09887,1,99.748006,-7.094744,0.000000
sensor09888,1,99.752444,-7.032063,0.000000
sensor09889,1,99.756843,-6.969379,0.000000
sensor09890,1,99.761203,-6.906692,0.000000
sensor09891,1,99.765523,-6.844003,0.000000
sensor09892,1,99.769804,-6.781311,0.000000
sensor09893,1,99.774046,-6.718616,0.000000
sensor09894,1,99.778248,-6.655918,0.000000
sensor09895,1,99.782411,-6.593218,0.000000
sensor09896,1,99.786534,-6.530515,0.000000
sensor09897,1,99.790618,-6.467810,0.000000
sensor09898,1,99.794663,-6.405102,0.000000
sensor09899,1,99.798668,-6.342392,0.000000
sensor09900,1,99.802633,-6.279679,0.000000
sensor09901,1,99.806560,-6.216964,0.000000
sensor09902,1,99.810447,-6.154246,0.000000
sensor09903,1,99.814294,-6.091526,0.000000
sensor09904,1,99.818102,-6.028803,0.000000
sensor09905,1,99.821871,-5.966078,0.000000
sensor09906,1,99.825600,-5.903351,0.000000
sensor09907,1,99.829290,-5.840621,0.000000
sensor09908,1,99.832940,-5.777889,0.000000
sensor09909,1,99.836551,-5.715155,0.000000
sensor09910,1,99.840123,-5.652418,0.000000
sensor09911,1,99.843655,-5.589679,0.000000
sensor09912,1,99.847148,-5.526938,0.000000
sensor09913,1,99.850601,-5.464195,0.000000
sensor09914,1,99.854015,-5.401450,0.000000
sensor09915,1,99.857390,-5.338702,0.000000
sensor09916,1,99.860725,-5.275953,0.000000
sensor09917,1,99.864020,-5.213201,0.000000
sensor09918,1,99.867276,-5.150447,0.000000
sensor09919,1,99.870493,-5.087692,0.000000
sensor09920,1,99.873670,-5.024934,0.000000
sensor09921,1,99.876808,-4.962174,0.000000
sensor09922,1,99.879907,-4.899412,0.000000
sensor09923,1,99.882966,-4.836649,0.000000
sensor09924,1,99.885985,-4.773883,0.000000
sensor09925,1,99.888965,-4.711116,0.000000
sensor09926,1,99.891906,-4.648347,0.000000
sensor09927,1,99.894807,-4.585575,0.000000
sensor09928,1,99.897669,-4.522802,0.000000
sensor09929,1,99.900491,-4.460028,0.000000
sensor09930,1,99.903274,-4.397251,0.000000
sensor09931,1,99.906018,-4.334473,0.000000
sensor09932,1,99.908722,-4.271693,0.000000
sensor09933,1,99.911386,-4.208912,0.000000
sensor09934,1,99.914011,-4.146128,0.000000
sensor09935,1,99.916597,-4.083343,0.000000
sensor09936,1,99.919143,-4.020557,0.000000
sensor09937,1,99.921650,-3.957769,0.000000
sensor09938,1,99.924117,-3.894979,0.000000
sensor09939,1,99.926545,-3.832188,0.000000
sensor09940,1,99.928933,-3.769395,0.000000
sensor09941,1,99.931282,-3.706601,0.000000
sensor09942,1,99.933591,-3.643805,0.000000
sensor09943,1,99.935861,-3.581008,0.000000
sensor09944,1,99.938092,-3.518209,0.000000
sensor09945,1,99.940283,-3.455410,0.000000
sensor09946,1,99.942434,-3.392608,0.000000
sensor09947,1,99.944547,-3.329806,0.000000
sensor09948,1,99.946619,-3.267002,0.000000
sensor09949,1,99.948652,-3.204196,0.000000
sensor09950,1,99.950646,-3.141390,0.000000
sensor09951,1,99.952600,-3.078582,0.000000
sensor09952,1,99.954515,-3.015773,0.000000
sensor09953,1,99.956391,-2.952963,0.000000
sensor09954,1,99.958226,-2.890152,0.000000
sensor09955,1,99.960023,-2.827339,0.000000
sensor09956,1,99.961780,-2.764526,0.000000
sensor09957,1,99.963497,-2.701711,0.000000
sensor09958,1,99.965175,-2.638895,0.000000
sensor09959,1,99.966814,-2.576079,0.000000
sensor09960,1,99.968413,-2.513261,0.000000
sensor09961,1,99.969972,-2.450442,0.000000
sensor09962,1,99.971492,-2.387622,0.000000
sensor09963,1,99.972973,-2.324802,0.000000
sensor09964,1,99.974414,-2.261980,0.000000
sensor09965,1,99.975816,-2.199157,0.000000
sensor09966,1,99.977178,-2.136334,0.000000
sensor09967,1,99.978500,-2.073510,0.000000
sensor09968,1,99.979784,-2.010685,0.000000
sensor09969,1,99.981027,-1.947859,0.000000
sensor09970,1,99.982232,-1.885032,0.000000
sensor09971,1,99.983396,-1.822205,0.000000
sensor09972,1,99.984522,-1.759377,0.000000
sensor09973,1,99.985608,-1.696548,0.000000
sensor09974,1,99.986654,-1.633719,0.000000
sensor09975,1,99.987661,-1.570889,0.000000
sensor09976,1,99.988628,-1.508058,0.000000
sensor09977,1,99.989556,-1.445227,0.000000
sensor09978,1,99.990444,-1.382395,0.000000
sensor09979,1,99.991293,-1.319563,0.000000
sensor09980,1,99.992103,-1.256730,0.000000
sensor09981,1,99.992873,-1.193896,0.000000
sensor09982,1,99.993603,-1.131062,0.000000
sensor09983,1,99.994294,-1.068228,0.000000
sensor09984,1,99.994946,-1.005393,0.000000
sensor09985,1,99.995558,-0.942558,0.000000
sensor09986,1,99.996130,-0.879723,0.000000
sensor09987,1,99.996663,-0.816887,0.000000
sensor09988,1,99.997157,-0.754050,0.000000
sensor09989,1,99.997611,-0.691214,0.000000
sensor09990,1,99.998026,-0.628377,0.000000
sensor09991,1,99.998401,-0.565540,0.000000
sensor09992,1,99.998736,-0.502703,0.000000
sensor09993,1,99.999033,-0.439866,0.000000
sensor09994,1,99.999289,-0.377028,0.000000
sensor09995,1,99.999506,-0.314190,0.000000
sensor09996,1,99.999684,-0.251352,0.000000
sensor09997,1,99.999822,-0.188514,0.000000
sensor09998,1,99.999921,-0.125676,0.000000
sensor09999,1,99.999980,-0.062838,0.000000
sensor10000,1,100.000000,-0.000000,0.000000
